"/div.html-div.xdj266r.x14z9mp.xat24cr.x1lziwak.xexx8yu.xyri2b.x18d9i69.x1c1uobl.x9f619.xjbqb8w.x78zum5.x15mokao.x1ga7v0g.x16uus16.xbiv7yw.x1uhb9sk.x1plvlek.xryxfnj.x1c4vz4f.x2lah0s.xdt5ytf.xqjyukv.x1qjc9v5.x1oa3qoh.x1nhvcw1.tablescraper-selected-row/div/div.html-div.xdj266r.x14z9mp.xat24cr.x1lziwak.xyri2b.x1c1uobl.x9f619.xjbqb8w.x78zum5.x15mokao.x1ga7v0g.x16uus16.xbiv7yw.xsag5q8.xz9dl7a.x1uhb9sk.x1plvlek.xryxfnj.x1c4vz4f.x2lah0s.x1q0g3np.xqjyukv.x1qjc9v5.x1oa3qoh.x1nhvcw1/div.xbmvrgn/div/a.x1i10hfl.x1qjc9v5.xjbqb8w.xjqpnuy.xc5r6h4.xqeqjp1.x1phubyo.x13fuv20.x18b5jzi.x1q0q8m5.x1t7ytsu.x972fbf.x10w94by.x1qhh985.x14e42zd.x9f619.x1ypdohk.x78zum5.xdl72j9.xdt5ytf.x2lah0s.x3ct3a4.xdj266r.x14z9mp.xat24cr.x1lziwak.x2lwn1j.xeuugli.xexx8yu.xyri2b.x18d9i69.x1c1uobl.x1n2onr6.x16tdsg8.x1hl2dhg.xggy1nq.x1ja2u2z.x1t137rt.xnz67gz.x1c9tyrk.xeusxvb.x1pahc9y.x1ertn4p.x9f619.x1lliihq.x2lah0s.x6ikm8r.x10wlt62.x1n2onr6.xzfakq.xhihtb0.x1j8hi7x.x172hklt.xrw4ojt.xg6frx5.xw872ko.xhgbb2x.xynf4tj.xdjs2zz.x1r9ni5o.xvsnedh.xoiy6we.x16ouz9t.x1qj619r.xsrjr5h.x1xrz1ek.x1s928wv.x1unh1gc.x1iygr5g.x2q1x1w.x1j6awrg.x1m1drc7.x1ypdohk.x4gyw5p._a6hd href","/div.html-div.xdj266r.x14z9mp.xat24cr.x1lziwak.xexx8yu.xyri2b.x18d9i69.x1c1uobl.x9f619.xjbqb8w.x78zum5.x15mokao.x1ga7v0g.x16uus16.xbiv7yw.x1uhb9sk.x1plvlek.xryxfnj.x1c4vz4f.x2lah0s.xdt5ytf.xqjyukv.x1qjc9v5.x1oa3qoh.x1nhvcw1.tablescraper-selected-row/div/div.html-div.xdj266r.x14z9mp.xat24cr.x1lziwak.xyri2b.x1c1uobl.x9f619.xjbqb8w.x78zum5.x15mokao.x1ga7v0g.x16uus16.xbiv7yw.xsag5q8.xz9dl7a.x1uhb9sk.x1plvlek.xryxfnj.x1c4vz4f.x2lah0s.x1q0g3np.xqjyukv.x1qjc9v5.x1oa3qoh.x1nhvcw1/div.xbmvrgn/div/a.x1i10hfl.x1qjc9v5.xjbqb8w.xjqpnuy.xc5r6h4.xqeqjp1.x1phubyo.x13fuv20.x18b5jzi.x1q0q8m5.x1t7ytsu.x972fbf.x10w94by.x1qhh985.x14e42zd.x9f619.x1ypdohk.x78zum5.xdl72j9.xdt5ytf.x2lah0s.x3ct3a4.xdj266r.x14z9mp.xat24cr.x1lziwak.x2lwn1j.xeuugli.xexx8yu.xyri2b.x18d9i69.x1c1uobl.x1n2onr6.x16tdsg8.x1hl2dhg.xggy1nq.x1ja2u2z.x1t137rt.xnz67gz.x1c9tyrk.xeusxvb.x1pahc9y.x1ertn4p.x9f619.x1lliihq.x2lah0s.x6ikm8r.x10wlt62.x1n2onr6.xzfakq.xhihtb0.x1j8hi7x.x172hklt.xrw4ojt.xg6frx5.xw872ko.xhgbb2x.xynf4tj.xdjs2zz.x1r9ni5o.xvsnedh.xoiy6we.x16ouz9t.x1qj619r.xsrjr5h.x1xrz1ek.x1s928wv.x1unh1gc.x1iygr5g.x2q1x1w.x1j6awrg.x1m1drc7.x1ypdohk.x4gyw5p._a6hd/img.xpdipgo.x972fbf.x10w94by.x1qhh985.x14e42zd.xk390pu.x5yr21d.xdj266r.x14z9mp.xat24cr.x1lziwak.xl1xv1r.xexx8yu.xyri2b.x18d9i69.x1c1uobl.x11njtxf.xh8yej3 src","/div.html-div.xdj266r.x14z9mp.xat24cr.x1lziwak.xexx8yu.xyri2b.x18d9i69.x1c1uobl.x9f619.xjbqb8w.x78zum5.x15mokao.x1ga7v0g.x16uus16.xbiv7yw.x1uhb9sk.x1plvlek.xryxfnj.x1c4vz4f.x2lah0s.xdt5ytf.xqjyukv.x1qjc9v5.x1oa3qoh.x1nhvcw1.tablescraper-selected-row/div/div.html-div.xdj266r.x14z9mp.xat24cr.x1lziwak.xyri2b.x1c1uobl.x9f619.xjbqb8w.x78zum5.x15mokao.x1ga7v0g.x16uus16.xbiv7yw.xsag5q8.xz9dl7a.x1uhb9sk.x1plvlek.xryxfnj.x1c4vz4f.x2lah0s.x1q0g3np.xqjyukv.x1qjc9v5.x1oa3qoh.x1nhvcw1/div.html-div.xdj266r.x14z9mp.xat24cr.x1lziwak.xexx8yu.xyri2b.x18d9i69.x1c1uobl.x9f619.xjbqb8w.x78zum5.x15mokao.x1ga7v0g.x16uus16.xbiv7yw.x1uhb9sk.x1plvlek.xryxfnj.x1iyjqo2.x2lwn1j.xeuugli.x1q0g3np.xqjyukv.x1qjc9v5.x1oa3qoh.x1nhvcw1/div.html-div.xdj266r.x14z9mp.xat24cr.x1lziwak.xexx8yu.xyri2b.x18d9i69.x1c1uobl.x9f619.xjbqb8w.x78zum5.x15mokao.x1ga7v0g.x16uus16.xbiv7yw.x1uhb9sk.x1plvlek.xryxfnj.x1iyjqo2.x2lwn1j.xeuugli.xdt5ytf.xqjyukv.x1qjc9v5.x1oa3qoh.x1nhvcw1/div/div.html-div.xdj266r.x14z9mp.xat24cr.x1lziwak.xexx8yu.xyri2b.x18d9i69.x1c1uobl.x9f619.xjbqb8w.x78zum5.x15mokao.x1ga7v0g.x16uus16.xbiv7yw.x1uhb9sk.x1plvlek.xryxfnj.x1c4vz4f.x2lah0s.xdt5ytf.xqjyukv.x1qjc9v5.x1oa3qoh.x1nhvcw1/div.html-div.xdj266r.x14z9mp.xat24cr.x1lziwak.xexx8yu.xyri2b.x18d9i69.x1c1uobl.x9f619.xjbqb8w.x78zum5.x15mokao.x1ga7v0g.x16uus16.xbiv7yw.x1uhb9sk.x1plvlek.xryxfnj.x1c4vz4f.x2lah0s.x1q0g3np.xqjyukv.x1qjc9v5.x1oa3qoh.x1nhvcw1/span.x1lliihq.x1plvlek.xryxfnj.x1n2onr6.xyejjpt.x15dsfln.x193iq5w.xeuugli.x1fj9vlw.x13faqbe.x1vvkbs.x1s928wv.xhkezso.x1gmr53x.x1cpjm7i.x1fgarty.x1943h6x.x1i0vuye.xvs91rp.xo1l8bm.x5n08af/a.x1i10hfl.xjbqb8w.x1ejq31n.x18oe1m7.x1sy0etr.xstzfhl.x972fbf.x10w94by.x1qhh985.x14e42zd.x9f619.x1ypdohk.xt0psk2.x3ct3a4.xdj266r.x14z9mp.xat24cr.x1lziwak.xexx8yu.xyri2b.x18d9i69.x1c1uobl.x16tdsg8.x1hl2dhg.xggy1nq.x1a2a7pz.notranslate._a6hd href","/div.html-div.xdj266r.x14z9mp.xat24cr.x1lziwak.xexx8yu.xyri2b.x18d9i69.x1c1uobl.x9f619.xjbqb8w.x78zum5.x15mokao.x1ga7v0g.x16uus16.xbiv7yw.x1uhb9sk.x1plvlek.xryxfnj.x1c4vz4f.x2lah0s.xdt5ytf.xqjyukv.x1qjc9v5.x1oa3qoh.x1nhvcw1.tablescraper-selected-row/div/div.html-div.xdj266r.x14z9mp.xat24cr.x1lziwak.xyri2b.x1c1uobl.x9f619.xjbqb8w.x78zum5.x15mokao.x1ga7v0g.x16uus16.xbiv7yw.xsag5q8.xz9dl7a.x1uhb9sk.x1plvlek.xryxfnj.x1c4vz4f.x2lah0s.x1q0g3np.xqjyukv.x1qjc9v5.x1oa3qoh.x1nhvcw1/div.html-div.xdj266r.x14z9mp.xat24cr.x1lziwak.xexx8yu.xyri2b.x18d9i69.x1c1uobl.x9f619.xjbqb8w.x78zum5.x15mokao.x1ga7v0g.x16uus16.xbiv7yw.x1uhb9sk.x1plvlek.xryxfnj.x1iyjqo2.x2lwn1j.xeuugli.x1q0g3np.xqjyukv.x1qjc9v5.x1oa3qoh.x1nhvcw1/div.html-div.xdj266r.x14z9mp.xat24cr.x1lziwak.xexx8yu.xyri2b.x18d9i69.x1c1uobl.x9f619.xjbqb8w.x78zum5.x15mokao.x1ga7v0g.x16uus16.xbiv7yw.x1uhb9sk.x1plvlek.xryxfnj.x1iyjqo2.x2lwn1j.xeuugli.xdt5ytf.xqjyukv.x1qjc9v5.x1oa3qoh.x1nhvcw1/div/div.html-div.xdj266r.x14z9mp.xat24cr.x1lziwak.xexx8yu.xyri2b.x18d9i69.x1c1uobl.x9f619.xjbqb8w.x78zum5.x15mokao.x1ga7v0g.x16uus16.xbiv7yw.x1uhb9sk.x1plvlek.xryxfnj.x1c4vz4f.x2lah0s.xdt5ytf.xqjyukv.x1qjc9v5.x1oa3qoh.x1nhvcw1/div.html-div.xdj266r.x14z9mp.xat24cr.x1lziwak.xexx8yu.xyri2b.x18d9i69.x1c1uobl.x9f619.xjbqb8w.x78zum5.x15mokao.x1ga7v0g.x16uus16.xbiv7yw.x1uhb9sk.x1plvlek.xryxfnj.x1c4vz4f.x2lah0s.x1q0g3np.xqjyukv.x1qjc9v5.x1oa3qoh.x1nhvcw1/span.x1lliihq.x1plvlek.xryxfnj.x1n2onr6.xyejjpt.x15dsfln.x193iq5w.xeuugli.x1fj9vlw.x13faqbe.x1vvkbs.x1s928wv.xhkezso.x1gmr53x.x1cpjm7i.x1fgarty.x1943h6x.x1i0vuye.xvs91rp.xo1l8bm.x5n08af/a.x1i10hfl.xjbqb8w.x1ejq31n.x18oe1m7.x1sy0etr.xstzfhl.x972fbf.x10w94by.x1qhh985.x14e42zd.x9f619.x1ypdohk.xt0psk2.x3ct3a4.xdj266r.x14z9mp.xat24cr.x1lziwak.xexx8yu.xyri2b.x18d9i69.x1c1uobl.x16tdsg8.x1hl2dhg.xggy1nq.x1a2a7pz.notranslate._a6hd/div.html-div.xdj266r.x14z9mp.xat24cr.x1lziwak.xexx8yu.xyri2b.x18d9i69.x1c1uobl.x9f619.xjbqb8w.x1rg5ohu.x15mokao.x1ga7v0g.x16uus16.xbiv7yw.x1uhb9sk.x1plvlek.xryxfnj.x1c4vz4f.x2lah0s.x1oa3qoh/div.html-div.xdj266r.x14z9mp.xat24cr.x1lziwak.xexx8yu.xyri2b.x18d9i69.x1c1uobl.x9f619.xjbqb8w.x78zum5.x15mokao.x1ga7v0g.x16uus16.xbiv7yw.x1n2onr6.x1plvlek.xryxfnj.x1c4vz4f.x2lah0s.x1q0g3np.xqjyukv.x6s0dn4.x1oa3qoh.x1nhvcw1/span._ap3a._aaco._aacw._aacx._aad7._aade","/div.html-div.xdj266r.x14z9mp.xat24cr.x1lziwak.xexx8yu.xyri2b.x18d9i69.x1c1uobl.x9f619.xjbqb8w.x78zum5.x15mokao.x1ga7v0g.x16uus16.xbiv7yw.x1uhb9sk.x1plvlek.xryxfnj.x1c4vz4f.x2lah0s.xdt5ytf.xqjyukv.x1qjc9v5.x1oa3qoh.x1nhvcw1.tablescraper-selected-row/div/div.html-div.xdj266r.x14z9mp.xat24cr.x1lziwak.xyri2b.x1c1uobl.x9f619.xjbqb8w.x78zum5.x15mokao.x1ga7v0g.x16uus16.xbiv7yw.xsag5q8.xz9dl7a.x1uhb9sk.x1plvlek.xryxfnj.x1c4vz4f.x2lah0s.x1q0g3np.xqjyukv.x1qjc9v5.x1oa3qoh.x1nhvcw1/div.html-div.xdj266r.x14z9mp.xat24cr.x1lziwak.xexx8yu.xyri2b.x18d9i69.x1c1uobl.x9f619.xjbqb8w.x78zum5.x15mokao.x1ga7v0g.x16uus16.xbiv7yw.x1uhb9sk.x1plvlek.xryxfnj.x1iyjqo2.x2lwn1j.xeuugli.x1q0g3np.xqjyukv.x1qjc9v5.x1oa3qoh.x1nhvcw1/div.html-div.xdj266r.x14z9mp.xat24cr.x1lziwak.xexx8yu.xyri2b.x18d9i69.x1c1uobl.x9f619.xjbqb8w.x78zum5.x15mokao.x1ga7v0g.x16uus16.xbiv7yw.x1uhb9sk.x1plvlek.xryxfnj.x1iyjqo2.x2lwn1j.xeuugli.xdt5ytf.xqjyukv.x1qjc9v5.x1oa3qoh.x1nhvcw1/div/div.html-div.xdj266r.x14z9mp.xat24cr.x1lziwak.xexx8yu.xyri2b.x18d9i69.x1c1uobl.x9f619.xjbqb8w.x78zum5.x15mokao.x1ga7v0g.x16uus16.xbiv7yw.x1uhb9sk.x1plvlek.xryxfnj.x1c4vz4f.x2lah0s.xdt5ytf.xqjyukv.x1qjc9v5.x1oa3qoh.x1nhvcw1/div.html-div.xdj266r.x14z9mp.xat24cr.x1lziwak.xexx8yu.xyri2b.x18d9i69.x1c1uobl.x9f619.xjbqb8w.x78zum5.x15mokao.x1ga7v0g.x16uus16.xbiv7yw.x1uhb9sk.x1plvlek.xryxfnj.x1c4vz4f.x2lah0s.x1q0g3np.xqjyukv.x1qjc9v5.x1oa3qoh.x1nhvcw1/span.x1lliihq.x1plvlek.xryxfnj.x1n2onr6.xyejjpt.x15dsfln.x193iq5w.xeuugli.x1fj9vlw.x13faqbe.x1vvkbs.x1s928wv.xhkezso.x1gmr53x.x1cpjm7i.x1fgarty.x1943h6x.x1i0vuye.xvs91rp.xo1l8bm.x1roi4f4/a.x1i10hfl.xjbqb8w.x1ejq31n.x18oe1m7.x1sy0etr.xstzfhl.x972fbf.x10w94by.x1qhh985.x14e42zd.x9f619.x1ypdohk.xt0psk2.x3ct3a4.xdj266r.x14z9mp.xat24cr.x1lziwak.xexx8yu.xyri2b.x18d9i69.x1c1uobl.x16tdsg8.x1hl2dhg.xggy1nq.x1a2a7pz._a6hd href","/div.html-div.xdj266r.x14z9mp.xat24cr.x1lziwak.xexx8yu.xyri2b.x18d9i69.x1c1uobl.x9f619.xjbqb8w.x78zum5.x15mokao.x1ga7v0g.x16uus16.xbiv7yw.x1uhb9sk.x1plvlek.xryxfnj.x1c4vz4f.x2lah0s.xdt5ytf.xqjyukv.x1qjc9v5.x1oa3qoh.x1nhvcw1.tablescraper-selected-row/div/div.html-div.xdj266r.x14z9mp.xat24cr.x1lziwak.xyri2b.x1c1uobl.x9f619.xjbqb8w.x78zum5.x15mokao.x1ga7v0g.x16uus16.xbiv7yw.xsag5q8.xz9dl7a.x1uhb9sk.x1plvlek.xryxfnj.x1c4vz4f.x2lah0s.x1q0g3np.xqjyukv.x1qjc9v5.x1oa3qoh.x1nhvcw1/div.html-div.xdj266r.x14z9mp.xat24cr.x1lziwak.xexx8yu.xyri2b.x18d9i69.x1c1uobl.x9f619.xjbqb8w.x78zum5.x15mokao.x1ga7v0g.x16uus16.xbiv7yw.x1uhb9sk.x1plvlek.xryxfnj.x1iyjqo2.x2lwn1j.xeuugli.x1q0g3np.xqjyukv.x1qjc9v5.x1oa3qoh.x1nhvcw1/div.html-div.xdj266r.x14z9mp.xat24cr.x1lziwak.xexx8yu.xyri2b.x18d9i69.x1c1uobl.x9f619.xjbqb8w.x78zum5.x15mokao.x1ga7v0g.x16uus16.xbiv7yw.x1uhb9sk.x1plvlek.xryxfnj.x1iyjqo2.x2lwn1j.xeuugli.xdt5ytf.xqjyukv.x1qjc9v5.x1oa3qoh.x1nhvcw1/div/div.html-div.xdj266r.x14z9mp.xat24cr.x1lziwak.xexx8yu.xyri2b.x18d9i69.x1c1uobl.x9f619.xjbqb8w.x78zum5.x15mokao.x1ga7v0g.x16uus16.xbiv7yw.x1uhb9sk.x1plvlek.xryxfnj.x1c4vz4f.x2lah0s.xdt5ytf.xqjyukv.x1qjc9v5.x1oa3qoh.x1nhvcw1/div.html-div.xdj266r.x14z9mp.xat24cr.x1lziwak.xexx8yu.xyri2b.x18d9i69.x1c1uobl.x9f619.xjbqb8w.x78zum5.x15mokao.x1ga7v0g.x16uus16.xbiv7yw.x1uhb9sk.x1plvlek.xryxfnj.x1c4vz4f.x2lah0s.x1q0g3np.xqjyukv.x1qjc9v5.x1oa3qoh.x1nhvcw1/span.x1lliihq.x1plvlek.xryxfnj.x1n2onr6.xyejjpt.x15dsfln.x193iq5w.xeuugli.x1fj9vlw.x13faqbe.x1vvkbs.x1s928wv.xhkezso.x1gmr53x.x1cpjm7i.x1fgarty.x1943h6x.x1i0vuye.xvs91rp.xo1l8bm.x1roi4f4/a.x1i10hfl.xjbqb8w.x1ejq31n.x18oe1m7.x1sy0etr.xstzfhl.x972fbf.x10w94by.x1qhh985.x14e42zd.x9f619.x1ypdohk.xt0psk2.x3ct3a4.xdj266r.x14z9mp.xat24cr.x1lziwak.xexx8yu.xyri2b.x18d9i69.x1c1uobl.x16tdsg8.x1hl2dhg.xggy1nq.x1a2a7pz._a6hd/time.x1ejq31n.x18oe1m7.x1sy0etr.xstzfhl.x1roi4f4.xexx8yu.xyri2b.x18d9i69.x1c1uobl.x1n2onr6","/div.html-div.xdj266r.x14z9mp.xat24cr.x1lziwak.xexx8yu.xyri2b.x18d9i69.x1c1uobl.x9f619.xjbqb8w.x78zum5.x15mokao.x1ga7v0g.x16uus16.xbiv7yw.x1uhb9sk.x1plvlek.xryxfnj.x1c4vz4f.x2lah0s.xdt5ytf.xqjyukv.x1qjc9v5.x1oa3qoh.x1nhvcw1.tablescraper-selected-row/div/div.html-div.xdj266r.x14z9mp.xat24cr.x1lziwak.xyri2b.x1c1uobl.x9f619.xjbqb8w.x78zum5.x15mokao.x1ga7v0g.x16uus16.xbiv7yw.xsag5q8.xz9dl7a.x1uhb9sk.x1plvlek.xryxfnj.x1c4vz4f.x2lah0s.x1q0g3np.xqjyukv.x1qjc9v5.x1oa3qoh.x1nhvcw1/div.html-div.xdj266r.x14z9mp.xat24cr.x1lziwak.xexx8yu.xyri2b.x18d9i69.x1c1uobl.x9f619.xjbqb8w.x78zum5.x15mokao.x1ga7v0g.x16uus16.xbiv7yw.x1uhb9sk.x1plvlek.xryxfnj.x1iyjqo2.x2lwn1j.xeuugli.x1q0g3np.xqjyukv.x1qjc9v5.x1oa3qoh.x1nhvcw1/div.html-div.xdj266r.x14z9mp.xat24cr.x1lziwak.xexx8yu.xyri2b.x18d9i69.x1c1uobl.x9f619.xjbqb8w.x78zum5.x15mokao.x1ga7v0g.x16uus16.xbiv7yw.x1uhb9sk.x1plvlek.xryxfnj.x1iyjqo2.x2lwn1j.xeuugli.xdt5ytf.xqjyukv.x1qjc9v5.x1oa3qoh.x1nhvcw1/div/div.html-div.xdj266r.x14z9mp.xat24cr.x1lziwak.xexx8yu.xyri2b.x18d9i69.x1c1uobl.x9f619.xjbqb8w.x78zum5.x15mokao.x1ga7v0g.x16uus16.xbiv7yw.x1uhb9sk.x1plvlek.xryxfnj.x1c4vz4f.x2lah0s.xdt5ytf.xqjyukv.x1qjc9v5.x1oa3qoh.x1nhvcw1/div.html-div.xdj266r.x14z9mp.xat24cr.x1lziwak.xexx8yu.xyri2b.x18d9i69.x1c1uobl.x9f619.xjbqb8w.x78zum5.x15mokao.x1ga7v0g.x16uus16.xbiv7yw.x1uhb9sk.x1plvlek.xryxfnj.x1c4vz4f.x2lah0s.xdt5ytf.xqjyukv.x1cy8zhl.x1oa3qoh.x1nhvcw1/span.x1lliihq.x1plvlek.xryxfnj.x1n2onr6.xyejjpt.x15dsfln.x193iq5w.xeuugli.x1fj9vlw.x13faqbe.x1vvkbs.x1s928wv.xhkezso.x1gmr53x.x1cpjm7i.x1fgarty.x1943h6x.x1i0vuye.xvs91rp.xo1l8bm.x5n08af","/div.html-div.xdj266r.x14z9mp.xat24cr.x1lziwak.xexx8yu.xyri2b.x18d9i69.x1c1uobl.x9f619.xjbqb8w.x78zum5.x15mokao.x1ga7v0g.x16uus16.xbiv7yw.x1uhb9sk.x1plvlek.xryxfnj.x1c4vz4f.x2lah0s.xdt5ytf.xqjyukv.x1qjc9v5.x1oa3qoh.x1nhvcw1.tablescraper-selected-row/div/div.html-div.xdj266r.x14z9mp.xat24cr.x1lziwak.xyri2b.x1c1uobl.x9f619.xjbqb8w.x78zum5.x15mokao.x1ga7v0g.x16uus16.xbiv7yw.xsag5q8.xz9dl7a.x1uhb9sk.x1plvlek.xryxfnj.x1c4vz4f.x2lah0s.x1q0g3np.xqjyukv.x1qjc9v5.x1oa3qoh.x1nhvcw1/div.html-div.xdj266r.x14z9mp.xat24cr.x1lziwak.xexx8yu.xyri2b.x18d9i69.x1c1uobl.x9f619.xjbqb8w.x78zum5.x15mokao.x1ga7v0g.x16uus16.xbiv7yw.x1uhb9sk.x1plvlek.xryxfnj.x1iyjqo2.x2lwn1j.xeuugli.x1q0g3np.xqjyukv.x1qjc9v5.x1oa3qoh.x1nhvcw1/div.html-div.xdj266r.x14z9mp.xat24cr.x1lziwak.xexx8yu.xyri2b.x18d9i69.x1c1uobl.x9f619.xjbqb8w.x78zum5.x15mokao.x1ga7v0g.x16uus16.xbiv7yw.x1uhb9sk.x1plvlek.xryxfnj.x1iyjqo2.x2lwn1j.xeuugli.xdt5ytf.xqjyukv.x1qjc9v5.x1oa3qoh.x1nhvcw1/div.html-div.x14z9mp.xat24cr.x1lziwak.xexx8yu.xyri2b.x18d9i69.x1c1uobl.x9f619.x16ye13r.xjbqb8w.x78zum5.x15mokao.x1ga7v0g.x16uus16.xbiv7yw.x1xmf6yo.x1uhb9sk.x1plvlek.xryxfnj.x1c4vz4f.x2lah0s.x1q0g3np.xqjyukv.x6s0dn4.x1oa3qoh.x1nhvcw1/div.x1i10hfl.xjbqb8w.x1ejq31n.x18oe1m7.x1sy0etr.xstzfhl.x972fbf.x10w94by.x1qhh985.x14e42zd.x9f619.x1ypdohk.xt0psk2.x3ct3a4.xdj266r.xat24cr.x1lziwak.xexx8yu.xyri2b.x18d9i69.x1c1uobl.x16tdsg8.x1hl2dhg.xggy1nq.x1a2a7pz.xbmvrgn.x87ps6o.x1d5wrs8/span.x1lliihq.x1plvlek.xryxfnj.x1n2onr6.xyejjpt.x15dsfln.x193iq5w.xeuugli.x1fj9vlw.x13faqbe.x1vvkbs.x1s928wv.xhkezso.x1gmr53x.x1cpjm7i.x1fgarty.x1943h6x.x1i0vuye.x1fhwpqd.x1s688f.x1roi4f4.x1s3etm8.x676frb/span.x1lliihq.x193iq5w.x6ikm8r.x10wlt62.xlyipyv.xuxw1ft","/div.html-div.xdj266r.x14z9mp.xat24cr.x1lziwak.xexx8yu.xyri2b.x18d9i69.x1c1uobl.x9f619.xjbqb8w.x78zum5.x15mokao.x1ga7v0g.x16uus16.xbiv7yw.x1uhb9sk.x1plvlek.xryxfnj.x1c4vz4f.x2lah0s.xdt5ytf.xqjyukv.x1qjc9v5.x1oa3qoh.x1nhvcw1.tablescraper-selected-row/div/div.html-div.xdj266r.x14z9mp.xat24cr.x1lziwak.xyri2b.x1c1uobl.x9f619.xjbqb8w.x78zum5.x15mokao.x1ga7v0g.x16uus16.xbiv7yw.xsag5q8.xz9dl7a.x1uhb9sk.x1plvlek.xryxfnj.x1c4vz4f.x2lah0s.x1q0g3np.xqjyukv.x1qjc9v5.x1oa3qoh.x1nhvcw1/div.html-div.xdj266r.x14z9mp.xat24cr.x1lziwak.xexx8yu.xyri2b.x18d9i69.x1c1uobl.x9f619.xjbqb8w.x78zum5.x15mokao.x1ga7v0g.x16uus16.xbiv7yw.x1uhb9sk.x1plvlek.xryxfnj.x1iyjqo2.x2lwn1j.xeuugli.x1q0g3np.xqjyukv.x1qjc9v5.x1oa3qoh.x1nhvcw1/div.html-div.xdj266r.x14z9mp.xat24cr.x1lziwak.xexx8yu.xyri2b.x18d9i69.x1c1uobl.x9f619.xjbqb8w.x78zum5.x15mokao.x1ga7v0g.x16uus16.xbiv7yw.x1uhb9sk.x1plvlek.xryxfnj.x1iyjqo2.x2lwn1j.xeuugli.xdt5ytf.xqjyukv.x1qjc9v5.x1oa3qoh.x1nhvcw1/div.html-div.x14z9mp.xat24cr.x1lziwak.xexx8yu.xyri2b.x18d9i69.x1c1uobl.x9f619.x16ye13r.xjbqb8w.x78zum5.x15mokao.x1ga7v0g.x16uus16.xbiv7yw.x1xmf6yo.x1uhb9sk.x1plvlek.xryxfnj.x1c4vz4f.x2lah0s.x1q0g3np.xqjyukv.x6s0dn4.x1oa3qoh.x1nhvcw1/div.x1i10hfl.xjbqb8w.x1ejq31n.x18oe1m7.x1sy0etr.xstzfhl.x972fbf.x10w94by.x1qhh985.x14e42zd.x9f619.x1ypdohk.xt0psk2.x3ct3a4.xdj266r.xat24cr.x1lziwak.xexx8yu.xyri2b.x18d9i69.x1c1uobl.x16tdsg8.x1hl2dhg.xggy1nq.x1a2a7pz.xbmvrgn.x87ps6o.x1d5wrs8/span.x1lliihq.x1plvlek.xryxfnj.x1n2onr6.xyejjpt.x15dsfln.x193iq5w.xeuugli.x1fj9vlw.x13faqbe.x1vvkbs.x1s928wv.xhkezso.x1gmr53x.x1cpjm7i.x1fgarty.x1943h6x.x1i0vuye.x1fhwpqd.x1s688f.x1roi4f4.x1s3etm8.x676frb/span.x1lliihq.x193iq5w.x6ikm8r.x10wlt62.xlyipyv.xuxw1ft 2","/div.html-div.xdj266r.x14z9mp.xat24cr.x1lziwak.xexx8yu.xyri2b.x18d9i69.x1c1uobl.x9f619.xjbqb8w.x78zum5.x15mokao.x1ga7v0g.x16uus16.xbiv7yw.x1uhb9sk.x1plvlek.xryxfnj.x1c4vz4f.x2lah0s.xdt5ytf.xqjyukv.x1qjc9v5.x1oa3qoh.x1nhvcw1.tablescraper-selected-row/div/div.html-div.xdj266r.x14z9mp.xat24cr.x1lziwak.xyri2b.x1c1uobl.x9f619.xjbqb8w.x78zum5.x15mokao.x1ga7v0g.x16uus16.xbiv7yw.xsag5q8.xz9dl7a.x1uhb9sk.x1plvlek.xryxfnj.x1c4vz4f.x2lah0s.x1q0g3np.xqjyukv.x1qjc9v5.x1oa3qoh.x1nhvcw1/div.html-div.xdj266r.x14z9mp.xat24cr.x1lziwak.xexx8yu.xyri2b.x18d9i69.x1c1uobl.x9f619.xjbqb8w.x78zum5.x15mokao.x1ga7v0g.x16uus16.xbiv7yw.x1uhb9sk.x1plvlek.xryxfnj.x1iyjqo2.x2lwn1j.xeuugli.x1q0g3np.xqjyukv.x1qjc9v5.x1oa3qoh.x1nhvcw1/div.html-div.xdj266r.x14z9mp.xat24cr.xexx8yu.xyri2b.x18d9i69.x1c1uobl.x9f619.xjbqb8w.x78zum5.x15mokao.x1ga7v0g.x16uus16.xbiv7yw.x13fj5qh.x1uhb9sk.x1plvlek.xryxfnj.x1c4vz4f.x2lah0s.xdt5ytf.xqjyukv.x6s0dn4.x1oa3qoh.xl56j7k/span.xjkvuk6/div.xjbqb8w.x1ejq31n.x18oe1m7.x1sy0etr.xstzfhl.x1ypdohk.x15bjb6t.x1a2a7pz.xexx8yu.xyri2b.x18d9i69.x1c1uobl/div.html-div.xdj266r.x14z9mp.xat24cr.x1lziwak.xexx8yu.xyri2b.x18d9i69.x1c1uobl.x9f619.xjbqb8w.x78zum5.x15mokao.x1ga7v0g.x16uus16.xbiv7yw.x1uhb9sk.x1plvlek.xryxfnj.x1c4vz4f.x2lah0s.xdt5ytf.xqjyukv.x1qjc9v5.x1oa3qoh.x1nhvcw1/div.x1i10hfl.x972fbf.x10w94by.x1qhh985.x14e42zd.x9f619.x3ct3a4.xdj266r.x14z9mp.xat24cr.x1lziwak.x16tdsg8.x1hl2dhg.xggy1nq.x1a2a7pz.x6s0dn4.xjbqb8w.x1ejq31n.x18oe1m7.x1sy0etr.xstzfhl.x1ypdohk.x78zum5.xl56j7k.x1epzrsm.x4gyw5p.x1jplu5e.x1o7uuvo.x14snt5h.xexx8yu.xyri2b.x18d9i69.x1c1uobl/div.x6s0dn4.x78zum5.xdt5ytf.xl56j7k/span.x1ykxiw6.x4hg4is.x3oybdh/svg.x1lliihq.x1n2onr6.x1cp0k07/title"
"https://www.instagram.com/laerte_amaro/","https://scontent.cdninstagram.com/v/t51.2885-19/448306254_1194186688243409_686478793125898509_n.jpg?stp=dst-jpg_s150x150_tt6&_nc_cat=105&ccb=7-5&_nc_sid=f7ccc5&efg=eyJ2ZW5jb2RlX3RhZyI6InByb2ZpbGVfcGljLnd3dy4zMjAuQzMifQ%3D%3D&_nc_ohc=4ovUj8AJsuIQ7kNvwEZZ4xD&_nc_oc=AdpeBE9nh1CGsr0NjN5Mt51V9oh2hLlrZDXfxHF84mnQWyDuAq47F6U2EvlseAA2DVz9CUkQcWAogMZLzpoH9-HP&_nc_zt=24&_nc_ht=scontent.cdninstagram.com&_nc_ss=782a8&oh=00_Af45MmLMq3A_bEjva54VBXLZxhdXihu3O10cU3O9uK-bpA&oe=6A112603","https://www.instagram.com/laerte_amaro/","laerte_amaro","https://www.instagram.com/p/DXkyjneEfDp/c/17886877950377595/","3 sem","Tudo o que o PT acusa, faz pior.","7 curtidas","Responder","Curtir"
"https://www.instagram.com/marcenesfotografia/","https://scontent.cdninstagram.com/v/t51.2885-19/491353298_1202480907990669_5068860670617277104_n.jpg?stp=dst-jpg_s150x150_tt6&_nc_cat=105&ccb=7-5&_nc_sid=f7ccc5&efg=eyJ2ZW5jb2RlX3RhZyI6InByb2ZpbGVfcGljLnd3dy4xMDgwLkMzIn0%3D&_nc_ohc=qkw0cwCulP4Q7kNvwGFlF_7&_nc_oc=AdptSJ7FCfDg6vt1mvJOkQTKh1Ptek3qHWcjfjHNtlrgYv-UBDURkyFt27MH0QFhQsPJz3Wuyujes1lNfr2ZH27N&_nc_zt=24&_nc_ht=scontent.cdninstagram.com&_nc_ss=786a8&oh=00_Af6aHo7JXG3PurmYNj9cxWPDbZGVngRWUG6rBeXYt686_Q&oe=6A1117D9","https://www.instagram.com/marcenesfotografia/","marcenesfotografia","https://www.instagram.com/p/DXkyjneEfDp/c/17901388908423166/","3 sem","Se o pt acionou, pode ter certeza que estao falando verdades que eles nao querem que vc saiba","111 curtidas","Responder","Curtir"
"https://www.instagram.com/rafaelkhalid/","https://scontent.cdninstagram.com/v/t51.82787-19/701496027_18469524949099127_2306679221963330148_n.jpg?stp=dst-jpg_s150x150_tt6&_nc_cat=111&ccb=7-5&_nc_sid=f7ccc5&efg=eyJ2ZW5jb2RlX3RhZyI6InByb2ZpbGVfcGljLnd3dy4xMDgwLkMzIn0%3D&_nc_ohc=E-B_yiyCw7wQ7kNvwEJzkOW&_nc_oc=AdqSI_wxL_526T0gfPl4vnKpAr3FavqKPTn9CkZ_WEKWu0NuVuX3u9GYyzoi0jOHdfAo8h3ofSatZo3DJ7DI3c_n&_nc_zt=24&_nc_ht=scontent.cdninstagram.com&_nc_gid=NCi7Sjs5Cv5_ddxPeEZQFg&_nc_ss=786a8&oh=00_Af6JGKOY8cWMnRg5IMkbDf1lx_cxNTglzknNdClg7E8ibg&oe=6A11120C","https://www.instagram.com/rafaelkhalid/","rafaelkhalid","https://www.instagram.com/p/DXkyjneEfDp/c/18063445850394973/","3 sem","😂😂😂😂 Falou verdades, popularidade de Lula em declínio. Incomodou o PT😂😂","585 curtidas","Responder","Curtir"
"https://www.instagram.com/queiroz.sandraf/","https://scontent.cdninstagram.com/v/t51.2885-19/294442513_2546611605476030_3825828019615501003_n.jpg?stp=dst-jpg_s150x150_tt6&_nc_cat=101&ccb=7-5&_nc_sid=f7ccc5&efg=eyJ2ZW5jb2RlX3RhZyI6InByb2ZpbGVfcGljLnd3dy4xMDgwLkMzIn0%3D&_nc_ohc=8pB_pG5Su6UQ7kNvwG_wUOU&_nc_oc=AdrFH9Sts-hE__gfbq36GsZP21IM5VpC2mAbvCBWFBz9zjOfCizin4loHyNojEd_v_ygk5hu_w7POTnyuI8iAD-s&_nc_zt=24&_nc_ht=scontent.cdninstagram.com&_nc_ss=786a8&oh=00_Af67SW_V9Zk-6P4p_D8ZmpePDuRTYL6rkp-VzPNjI3oKvQ&oe=6A111158","https://www.instagram.com/queiroz.sandraf/","queiroz.sandraf","https://www.instagram.com/p/DXkyjneEfDp/c/18467061274097298/","3 sem","Sem fake news não há extrema direita.","713 curtidas","Responder","Curtir"
"https://www.instagram.com/giantcisco/","https://scontent.cdninstagram.com/v/t51.82787-19/533074972_17847771768539785_7361884345271585247_n.jpg?stp=dst-jpg_s150x150_tt6&_nc_cat=107&ccb=7-5&_nc_sid=f7ccc5&efg=eyJ2ZW5jb2RlX3RhZyI6InByb2ZpbGVfcGljLnd3dy45MjQuQzMifQ%3D%3D&_nc_ohc=JP9Nxlyu2CIQ7kNvwGzXoRI&_nc_oc=Adrb07j9jDQYODOTGg69ByTSX4gtU2WwYJHzpfmu6ArTzUGV4zIeFxj_RzLJuWYJMrEwfwYVOCgZqipowudqACvT&_nc_zt=24&_nc_ht=scontent.cdninstagram.com&_nc_gid=NCi7Sjs5Cv5_ddxPeEZQFg&_nc_ss=786a8&oh=00_Af7SLysLIfKbNJUfrvXgQZ9zpbZYI-oI3Qqbbai9MQ-Zhg&oe=6A113F76","https://www.instagram.com/giantcisco/","giantcisco","https://www.instagram.com/p/DXkyjneEfDp/c/18089209469251628/","3 sem","Tem de prender o dono da página rapidamente. Fake news é crime","412 curtidas","Responder","Curtir"
"https://www.instagram.com/rhusoares92/","https://scontent.cdninstagram.com/v/t51.82787-19/671214472_18096266939469660_1047912423840947272_n.jpg?stp=dst-jpg_s150x150_tt6&_nc_cat=100&ccb=7-5&_nc_sid=f7ccc5&efg=eyJ2ZW5jb2RlX3RhZyI6InByb2ZpbGVfcGljLnd3dy4xMDgwLkMzIn0%3D&_nc_ohc=Ah4-K-ccCgMQ7kNvwEC7Gfh&_nc_oc=AdoOxfwWMjspiejMWoCIkcvWuIsFe9-k2nHzMkOAQyG7OOdhjvaAikV_uC3nd7ttAkER20XOhBI57-hcFy8QZEtO&_nc_zt=24&_nc_ht=scontent.cdninstagram.com&_nc_gid=NCi7Sjs5Cv5_ddxPeEZQFg&_nc_ss=786a8&oh=00_Af5suutWhOgOT0fsPnuJtgs50e92EUpj8Na5QpZNnmnjEA&oe=6A113FE5","https://www.instagram.com/rhusoares92/","rhusoares92","https://www.instagram.com/p/DXkyjneEfDp/c/17860389930686521/","3 sem","Essa esquerda se dói até com algo engraçado 😂😂😂","250 curtidas","Responder","Curtir"
"https://www.instagram.com/rodolfo.np/","https://scontent.cdninstagram.com/v/t51.2885-19/383496936_1304992063720794_2469881656666967251_n.jpg?stp=dst-jpg_s150x150_tt6&_nc_cat=103&ccb=7-5&_nc_sid=f7ccc5&efg=eyJ2ZW5jb2RlX3RhZyI6InByb2ZpbGVfcGljLnd3dy4xMDgwLkMzIn0%3D&_nc_ohc=zGknNvfRQZQQ7kNvwEBveOP&_nc_oc=Adq9PNgGsZR-oFPPHlmYWkLF8G1Nv6IUqDehrZymkzv7hVNsE0WuThSyvqTvUhw_rDjaN13cXnjWbEDhXXDsIA8G&_nc_zt=24&_nc_ht=scontent.cdninstagram.com&_nc_ss=786a8&oh=00_Af7hlENhmPnxliC_cnM345QOO1s2NOGr26-P3w4it7ovmw&oe=6A112A54","https://www.instagram.com/rodolfo.np/","rodolfo.np","https://www.instagram.com/p/DXkyjneEfDp/c/18129770971605117/","3 sem","","5 curtidas","Responder","Curtir"
"https://www.instagram.com/rai_alves1802/","https://scontent.cdninstagram.com/v/t51.82787-19/572781781_18425211415109240_4441771805776340297_n.jpg?stp=dst-jpg_s150x150_tt6&_nc_cat=101&ccb=7-5&_nc_sid=f7ccc5&efg=eyJ2ZW5jb2RlX3RhZyI6InByb2ZpbGVfcGljLnd3dy44MjguQzMifQ%3D%3D&_nc_ohc=9Q0lsDk3ijIQ7kNvwHwlbvb&_nc_oc=AdqUgxtqxRmyuVYreiJOL9Po1vtWIN3qnkv1vRF4YtAQvmbDQr83Rdg5UXYE4a3hQTBXOfUSb9E_JRRCA6QA6bue&_nc_zt=24&_nc_ht=scontent.cdninstagram.com&_nc_gid=0RTJ-9D0kTM3uzDhr_-HZQ&_nc_ss=786a8&oh=00_Af43xV0Gqaejqy9mzcig599uEIIEIucHW8c30QYzlRBIHA&oe=6A113FE3","https://www.instagram.com/rai_alves1802/","rai_alves1802","https://www.instagram.com/p/DXkyjneEfDp/c/18094230071126104/","3 sem","Quem fala a verdade mostra a cara sem medo !Não usa IA","40 curtidas","Responder","Curtir"
"https://www.instagram.com/donna_andrea_toledo/","https://scontent.cdninstagram.com/v/t51.82787-19/587776560_18411606679141792_2853986572948877995_n.jpg?stp=dst-jpg_s150x150_tt6&_nc_cat=108&ccb=7-5&_nc_sid=f7ccc5&efg=eyJ2ZW5jb2RlX3RhZyI6InByb2ZpbGVfcGljLnd3dy43MjAuQzMifQ%3D%3D&_nc_ohc=QFIzwS0TlGwQ7kNvwHIZOPj&_nc_oc=Adr-9ourTXXkCD79HQSNSni6hfGJgRE_B6tU4Gyi5hLLNzaiCy4c8l30loQsq2Ubd3Wc7UbjvmqOcyIlDe5At4u-&_nc_zt=24&_nc_ht=scontent.cdninstagram.com&_nc_gid=0RTJ-9D0kTM3uzDhr_-HZQ&_nc_ss=786a8&oh=00_Af6wqXt4vXTl5H8y6sw975BxAV8joPjXlxkcrFmZtIpEUA&oe=6A113563","https://www.instagram.com/donna_andrea_toledo/","donna_andrea_toledo","https://www.instagram.com/p/DXkyjneEfDp/c/18035173952602917/","3 sem","Lula 2026","43 curtidas","Responder","Curtir"
"https://www.instagram.com/leonardogomesbarreto/","https://scontent.cdninstagram.com/v/t51.82787-19/685103713_18348536275245872_4579499786908212180_n.jpg?stp=dst-jpg_s150x150_tt6&_nc_cat=103&ccb=7-5&_nc_sid=f7ccc5&efg=eyJ2ZW5jb2RlX3RhZyI6InByb2ZpbGVfcGljLnd3dy4xMDgwLkMzIn0%3D&_nc_ohc=cY5FaAEsh2YQ7kNvwGl-JDW&_nc_oc=AdoEyhNWYOLmILput0aJ5k21f4WNw-3peXToCJVuZA5cCBHtPIL96kfaL0iPFqTc5TcrTJfPqIDZncdNqp-OX1Px&_nc_zt=24&_nc_ht=scontent.cdninstagram.com&_nc_gid=NCi7Sjs5Cv5_ddxPeEZQFg&_nc_ss=786a8&oh=00_Af6BaK5v4s-i2vhECYRf5_SrmERqPY_5hqgnN4jAkC03PQ&oe=6A112C06","https://www.instagram.com/leonardogomesbarreto/","leonardogomesbarreto","https://www.instagram.com/p/DXkyjneEfDp/c/17983760220003761/","3 sem","Flávio Bolsonaro 22","149 curtidas","Responder","Curtir"
"https://www.instagram.com/gugafigu/","https://scontent.cdninstagram.com/v/t51.2885-19/244505042_270000634998232_738244316317701149_n.jpg?stp=dst-jpg_s150x150_tt6&_nc_cat=111&ccb=7-5&_nc_sid=f7ccc5&efg=eyJ2ZW5jb2RlX3RhZyI6InByb2ZpbGVfcGljLnd3dy4xMDQyLkMzIn0%3D&_nc_ohc=pAah5YsGzh0Q7kNvwFyCq-G&_nc_oc=Adpux-n_OZ2ag1Na9uHH53UipsdbwI9xrLv3x2uwZr4BdnQuUU5kvI5nFeLOxE2LXtv8_25Hda4gjAoPa7OKlqaW&_nc_zt=24&_nc_ht=scontent.cdninstagram.com&_nc_ss=786a8&oh=00_Af4y5tCBbSNwdqOHZ4-cnUReZ21Ure4376ZdhmSojylY-g&oe=6A1116F5","https://www.instagram.com/gugafigu/","gugafigu","https://www.instagram.com/p/DXkyjneEfDp/c/17998518530940148/","3 sem","Diz que não posta fake news, em 2 min olhando o perfil eu já achei uma. Que Lula falou com Trump que o povo da a vida por ele. https://g1.globo.com/google/amp/fato-ou-fake/noticia/2026/04/24/e-fake-que-lula-rebateu-trump-e-disse-que-o-povo-brasileiro-esta-disposto-a-dar-a-vida-por-ele-em-uma-guerra.ghtml","231 curtidas","Responder","Curtir"
"https://www.instagram.com/weder.gyn/","https://scontent.cdninstagram.com/v/t51.2885-19/372612493_1528328701307969_2522368360678368876_n.jpg?stp=dst-jpg_s150x150_tt6&_nc_cat=102&ccb=7-5&_nc_sid=f7ccc5&efg=eyJ2ZW5jb2RlX3RhZyI6InByb2ZpbGVfcGljLnd3dy4xMDgwLkMzIn0%3D&_nc_ohc=ajdYQYHCnygQ7kNvwEkOOnC&_nc_oc=AdqI0WKfhbhPmGelggVgiJVB6KykN_5KzP6QV_LtP6HLEdQsl84ttrVJvXcRqxn--ZTG2kWO7y7PTbB2PHpqmvZr&_nc_zt=24&_nc_ht=scontent.cdninstagram.com&_nc_ss=786a8&oh=00_Af5NorP5YbphuVBVs_dXjciZudR0l7_07P3onMmkIKPrAQ&oe=6A111C67","https://www.instagram.com/weder.gyn/","weder.gyn","https://www.instagram.com/p/DXkyjneEfDp/c/17923190295302256/","3 sem","A esquerda é um perigo para a democracia brasileira.","122 curtidas","Responder","Curtir"
"https://www.instagram.com/joninhahunger/","https://scontent.cdninstagram.com/v/t51.82787-19/627186744_18096162781980639_7348989027456997714_n.jpg?stp=dst-jpg_s150x150_tt6&_nc_cat=109&ccb=7-5&_nc_sid=f7ccc5&efg=eyJ2ZW5jb2RlX3RhZyI6InByb2ZpbGVfcGljLnd3dy4xMDgwLkMzIn0%3D&_nc_ohc=yR-P7PwGCrQQ7kNvwHbXn6n&_nc_oc=Adpvb9bwyzelu_Ta7ScJPpRo8-l7TMaHyuPby0mto5z-j2vSIla6-wCNrHRIibfuTfzoBWrqdGgmkfOedOW6K77H&_nc_zt=24&_nc_ht=scontent.cdninstagram.com&_nc_gid=o9tzAqzaQ82MpEEglpvmKQ&_nc_ss=786a8&oh=00_Af5EYxWCq6eRRvKFkv4DUrl4ZdpjW4L1qVqAv5rHf4IYTQ&oe=6A1140AB","https://www.instagram.com/joninhahunger/","joninhahunger","https://www.instagram.com/p/DXkyjneEfDp/c/18100492565100502/","3 sem","Um país q tem q dar bolsa família, auxílio moradia, vale gás, bolsa escola, pé de meia, energia de graça etc... Está na decadência por completo","25 curtidas","Responder","Curtir"
"https://www.instagram.com/messiasvanderley/","https://scontent.cdninstagram.com/v/t51.75761-19/509645720_18509270512017536_7008370890654398689_n.jpg?stp=dst-jpg_s150x150_tt6&_nc_cat=104&ccb=7-5&_nc_sid=f7ccc5&efg=eyJ2ZW5jb2RlX3RhZyI6InByb2ZpbGVfcGljLnd3dy4xMDgwLkMzIn0%3D&_nc_ohc=758m9umMvlkQ7kNvwHNkn8j&_nc_oc=Adqo0Hkqc_Lt8W9sTzl9VKSoVNhk3UooSemRVn8ISXbf-gxDKE3oeSz6VIgJOgxjbIHkUYv10XguvaPh8yrIRqYu&_nc_zt=24&_nc_ht=scontent.cdninstagram.com&_nc_gid=NCi7Sjs5Cv5_ddxPeEZQFg&_nc_ss=786a8&oh=00_Af7oE6r5Lf8zD8JqBXKMSre5GrTzjhi_NKwNAZfc1qiG7g&oe=6A111885","https://www.instagram.com/messiasvanderley/","messiasvanderley","https://www.instagram.com/p/DXkyjneEfDp/c/17882924340542471/","3 sem","Ganhou mais um seguidor Dona Maria","238 curtidas","Responder","Curtir"
"https://www.instagram.com/deusvaldinoebd/","https://scontent.cdninstagram.com/v/t51.82787-19/550210690_18036844259701324_4326497627558830244_n.jpg?stp=dst-jpg_s150x150_tt6&_nc_cat=100&ccb=7-5&_nc_sid=f7ccc5&efg=eyJ2ZW5jb2RlX3RhZyI6InByb2ZpbGVfcGljLnd3dy4xMDgwLkMzIn0%3D&_nc_ohc=wvUeSyfidNsQ7kNvwFqQXed&_nc_oc=AdrluRSkXOrevhs3qBIvnYnJhU5I4_I3fgFzZ5bqd8w5o2p7yyx_kesS85SYklQI8TR0AVwQI9HHvilArxaovnxm&_nc_zt=24&_nc_ht=scontent.cdninstagram.com&_nc_gid=lFdYawGX-QNNaPzZyq3S1w&_nc_ss=786a8&oh=00_Af5lVVWVeyRH5rUMtyrXHUe24HjVuS8gT__5grCBEXMpkg&oe=6A112F5D","https://www.instagram.com/deusvaldinoebd/","deusvaldinoebd","https://www.instagram.com/p/DXkyjneEfDp/c/18086396792048526/","3 sem","Gente até dona Maria está sendo perseguida 😂","63 curtidas","Responder","Curtir"
"https://www.instagram.com/ricardorigel/","https://scontent.cdninstagram.com/v/t51.82787-19/656904200_18585636031012103_8549873064231135164_n.jpg?stp=dst-jpg_s150x150_tt6&_nc_cat=101&ccb=7-5&_nc_sid=f7ccc5&efg=eyJ2ZW5jb2RlX3RhZyI6InByb2ZpbGVfcGljLnd3dy4xMDgwLkMzIn0%3D&_nc_ohc=EfAkl4z9rqYQ7kNvwHN2A88&_nc_oc=AdojHYgjY1xBxG_znblK9--8mq2VW3iVvkfwNKDet46v6pw4vKkWfAp6geQzTZmUEzskRfZNFVLH4kDFOj2ki7sJ&_nc_zt=24&_nc_ht=scontent.cdninstagram.com&_nc_gid=8clU5AY-MeNN_YnttiLFWw&_nc_ss=786a8&oh=00_Af4bMtDq9j8Jickq10uar25zG58fNeyjQ9WGq5Xp0zYnvw&oe=6A11323A","https://www.instagram.com/ricardorigel/","ricardorigel","https://www.instagram.com/p/DXkyjneEfDp/c/18264764791293153/","3 sem","Ou seja:  🇧🇷","12 curtidas","Responder","Curtir"
"https://www.instagram.com/marlongoncalvestech/","https://scontent.cdninstagram.com/v/t51.82787-19/682982523_18579613198061281_4463500997267678834_n.jpg?stp=dst-jpg_s150x150_tt6&_nc_cat=100&ccb=7-5&_nc_sid=f7ccc5&efg=eyJ2ZW5jb2RlX3RhZyI6InByb2ZpbGVfcGljLnd3dy4xMDgwLkMzIn0%3D&_nc_ohc=U6DCoU4wr-IQ7kNvwHGAhfS&_nc_oc=AdoNnWfomEo_n8api2qCrZ5qo914oY0Qf9_Hq3zytpCKHmVlmkwKPemnYl6FEoiMdN2XSCT1VePIp170_U5FtkjL&_nc_zt=24&_nc_ht=scontent.cdninstagram.com&_nc_gid=0RTJ-9D0kTM3uzDhr_-HZQ&_nc_ss=786a8&oh=00_Af4Y5Z-x5UoKPp3ipnxIVbcByDW6osJS_e426fWFILtUhQ&oe=6A1132C5","https://www.instagram.com/marlongoncalvestech/","marlongoncalvestech","https://www.instagram.com/p/DXkyjneEfDp/c/18203222374339393/","3 sem","Começou a baixaria. A direita é expert nisso né","137 curtidas","Responder","Curtir"
"https://www.instagram.com/dinho_987/","https://scontent.cdninstagram.com/v/t51.2885-19/472389016_3949044901981002_4107797754288801103_n.jpg?stp=dst-jpg_s150x150_tt6&_nc_cat=108&ccb=7-5&_nc_sid=f7ccc5&efg=eyJ2ZW5jb2RlX3RhZyI6InByb2ZpbGVfcGljLnd3dy42NDguQzMifQ%3D%3D&_nc_ohc=Ibpr4CD7wecQ7kNvwFxfZGu&_nc_oc=AdoOuV_dPCGbAnG7dP9GNY4Pbr6B3fnqniZ4yGSbrZ_Awqq7D8FrK3aBV8wS72STY-jT6HEs6XGbn0XbAWahXDwC&_nc_zt=24&_nc_ht=scontent.cdninstagram.com&_nc_ss=786a8&oh=00_Af4fyGlDl8Pc9YJ0P358i68SBbnYgkAMTNRR2mkC_7_73g&oe=6A1110A9","https://www.instagram.com/dinho_987/","dinho_987","https://www.instagram.com/p/DXkyjneEfDp/c/18097220285469298/","3 sem","A direita posta suas fakenews a campanha inteira e acaba perdendo de novo","23 curtidas","Responder","Curtir"
"https://www.instagram.com/andersonteixeiraa/","https://scontent.cdninstagram.com/v/t51.82787-19/587034528_18542306764037194_1794840725790150749_n.jpg?stp=dst-jpg_s150x150_tt6&_nc_cat=109&ccb=7-5&_nc_sid=f7ccc5&efg=eyJ2ZW5jb2RlX3RhZyI6InByb2ZpbGVfcGljLnd3dy4xMDgwLkMzIn0%3D&_nc_ohc=lgyHk3AvZlkQ7kNvwE9JKso&_nc_oc=AdrSSgPKHh3t7YKMlLLRbNvPXPT_gulYSD5v_geEt4dz-sc7vOlJcTWKRr3D69MLcnBL3f6GeBLBZbVWbmpVtRoD&_nc_zt=24&_nc_ht=scontent.cdninstagram.com&_nc_gid=WISTLJLRJRvkhN8Q4cP_5A&_nc_ss=786a8&oh=00_Af5_XjYd0G3uuGPajncSyZy9cB9F41NrrL6RZU_1xbZQTw&oe=6A111445","https://www.instagram.com/andersonteixeiraa/","andersonteixeiraa","https://www.instagram.com/p/DXkyjneEfDp/c/17985076061990506/","3 sem","Qual o perfil? Já quero seguir 😂😂😂","35 curtidas","Responder","Curtir"
"https://www.instagram.com/ponto_de_vista_pris/","https://scontent.cdninstagram.com/v/t51.82787-19/662875778_18442293583112139_3492688472413495724_n.jpg?stp=dst-jpg_s150x150_tt6&_nc_cat=111&ccb=7-5&_nc_sid=f7ccc5&efg=eyJ2ZW5jb2RlX3RhZyI6InByb2ZpbGVfcGljLnd3dy4xMDgwLkMzIn0%3D&_nc_ohc=LQT4aXhrrEUQ7kNvwHe1YvU&_nc_oc=AdrHo8g_nKJStN4hlKXnESC04c9jIVc0JaU_xCPaCkQQKmxq69gVTA4u2BAZACN4ggL1S5H8ko_yShSXGgVF7IwF&_nc_zt=24&_nc_ht=scontent.cdninstagram.com&_nc_gid=WISTLJLRJRvkhN8Q4cP_5A&_nc_ss=786a8&oh=00_Af6yX-jDt0Hvb8ZoqZqzrHoyRI3KTv7MptK8NWlk2ElS4Q&oe=6A1111E3","https://www.instagram.com/ponto_de_vista_pris/","ponto_de_vista_pris","https://www.instagram.com/p/DXkyjneEfDp/c/17884748373518925/","3 sem","Dito isso","75 curtidas","Responder","Curtir"
"https://www.instagram.com/marcelo.sobral85/","https://scontent.cdninstagram.com/v/t51.82787-19/619255761_18073948214621390_6778674381398258399_n.jpg?stp=dst-jpg_s150x150_tt6&_nc_cat=100&ccb=7-5&_nc_sid=f7ccc5&efg=eyJ2ZW5jb2RlX3RhZyI6InByb2ZpbGVfcGljLnd3dy4xMDgwLkMzIn0%3D&_nc_ohc=X-0zdnYBEzYQ7kNvwGuG0ZQ&_nc_oc=AdocTUKuayg0O7Rddh192pBZL8Luw86Gh8JUoxgnWqFrM-H63a4KEQNjNMVbN3zb_ZlNeGHVTIJonNul9tffwYth&_nc_zt=24&_nc_ht=scontent.cdninstagram.com&_nc_gid=WISTLJLRJRvkhN8Q4cP_5A&_nc_ss=786a8&oh=00_Af4qsoX77HgerR5AZSvHhvkHIZDk-Ex-PhWl9rO4-E4Q8A&oe=6A1130D0","https://www.instagram.com/marcelo.sobral85/","marcelo.sobral85","https://www.instagram.com/p/DXkyjneEfDp/c/18521894950073730/","3 sem","Se for da extrema-direita tem Fakenews sim!","102 curtidas","Responder","Curtir"
"https://www.instagram.com/nielrochabr/","https://scontent.cdninstagram.com/v/t51.82787-19/669771241_18313738972274815_8488199266740670871_n.jpg?stp=dst-jpg_s150x150_tt6&_nc_cat=103&ccb=7-5&_nc_sid=f7ccc5&efg=eyJ2ZW5jb2RlX3RhZyI6InByb2ZpbGVfcGljLnd3dy4xMDc5LkMzIn0%3D&_nc_ohc=Di343eq3bfEQ7kNvwGnBM1B&_nc_oc=AdqG42ff9babEaP5Id56pgjS49UO3gok9dNF0OFh2YGKO_6nVVCHkY7n8i-Z8kYXUWG6A-ltPos0Q4TzdfDSPPcy&_nc_zt=24&_nc_ht=scontent.cdninstagram.com&_nc_gid=iLFAQkUNUJx1sYqr8RLcEw&_nc_ss=786a8&oh=00_Af76zXdI7aVCnbsnQ0yVCjV5VHx24V5iFQXzutRInVCCWw&oe=6A113DBD","https://www.instagram.com/nielrochabr/","nielrochabr","https://www.instagram.com/p/DXkyjneEfDp/c/17894819013444710/","3 sem","Quero o @ Na Minha Mesa Agora 👇vou seguir","24 curtidas","Responder","Curtir"
"https://www.instagram.com/arlindoccarvalho/","https://scontent.cdninstagram.com/v/t51.82787-19/588170523_18047759855690055_7152470866043542103_n.jpg?stp=dst-jpg_s150x150_tt6&_nc_cat=111&ccb=7-5&_nc_sid=f7ccc5&efg=eyJ2ZW5jb2RlX3RhZyI6InByb2ZpbGVfcGljLnd3dy4xMDgwLkMzIn0%3D&_nc_ohc=ifqMVJM1pxoQ7kNvwHSxUb0&_nc_oc=AdpWW5eE1M160KpUonW1xc4JWOrCZDD8QvB8Eg6Q-kh-O5plpyj4ekUEekQoRrF5HkAeukPXahIp1nypZSeznHX0&_nc_zt=24&_nc_ht=scontent.cdninstagram.com&_nc_gid=ftLq-V99mTMiE3ihhZSVuQ&_nc_ss=786a8&oh=00_Af7XmNdjT3fAGg0CmuyO7yrqcJHibs00TEzvV8BHgQGqNg&oe=6A11367A","https://www.instagram.com/arlindoccarvalho/","arlindoccarvalho","https://www.instagram.com/p/DXkyjneEfDp/c/17986310243991869/","3 sem","A esquerda está distribuindo o Brasil 🇧🇷","29 curtidas","Responder","Curtir"
"https://www.instagram.com/arantesartes86/","https://scontent.cdninstagram.com/v/t51.82787-19/561942508_18202332886313869_4907153237542316912_n.jpg?stp=dst-jpg_s150x150_tt6&_nc_cat=100&ccb=7-5&_nc_sid=f7ccc5&efg=eyJ2ZW5jb2RlX3RhZyI6InByb2ZpbGVfcGljLnd3dy4xMDgwLkMzIn0%3D&_nc_ohc=let_3fsvFFcQ7kNvwFDMF5t&_nc_oc=AdqS0onIT7SX8sFcLZ-tmtzxWHk-yBbFvwoCOrTrCloBqdfrMFqsKfqWZeG4NIfcM_201mRL4I9d3wXXOCS57UPM&_nc_zt=24&_nc_ht=scontent.cdninstagram.com&_nc_gid=WISTLJLRJRvkhN8Q4cP_5A&_nc_ss=786a8&oh=00_Af4QdeoXWBIkhqlDX7nE7YKw_PGKWaCQDeD3ZOO865cVhQ&oe=6A113164","https://www.instagram.com/arantesartes86/","arantesartes86","https://www.instagram.com/p/DXkyjneEfDp/c/18225121033314612/","3 sem","Nestas eleições, o TSE terá que ficar atento quanto ao uso dessas IA. Fakenews já é um c4ncer por si só. Potencializado por isso então... 🤷🏻‍♂️","24 curtidas","Responder","Curtir"
"https://www.instagram.com/alessandrolobianco/","https://scontent.cdninstagram.com/v/t51.82787-19/658813960_18583305139005810_438251250967861806_n.jpg?stp=dst-jpg_s150x150_tt6&_nc_cat=104&ccb=7-5&_nc_sid=f7ccc5&efg=eyJ2ZW5jb2RlX3RhZyI6InByb2ZpbGVfcGljLnd3dy42NjUuQzMifQ%3D%3D&_nc_ohc=f05hK5AS7jwQ7kNvwFVQYNo&_nc_oc=AdoFLQT7LyeQLhP87LsRhyYt4Jqmnbl0Eg2P30Zc6RYY2iC9MDdEa4mKpfF3LPe6C6wkxWCxIadkzI4EfQfsj5Dk&_nc_zt=24&_nc_ht=scontent.cdninstagram.com&_nc_gid=klRl5ApPGqskzRJ766sRVQ&_nc_ss=786a8&oh=00_Af6qd32cl2W3qoC1F7GGw_0Mu4my01uZ80YBwta4ta44zg&oe=6A11188C","https://www.instagram.com/alessandrolobianco/","alessandrolobianco","https://www.instagram.com/p/DXkyjneEfDp/c/17884755822514025/","3 sem","Sem fake news eles não existem. Quando não existe o que eles querem, uma mulher preta e periférica falando mal do Lula, eles precisaram criar. Dando voz ao que não existe 😂","11 curtidas","Responder","Curtir"
"https://www.instagram.com/clerisonprudente/","https://scontent.cdninstagram.com/v/t51.82787-19/602118022_18541799080036252_4745052238016543880_n.jpg?stp=dst-jpg_s150x150_tt6&_nc_cat=109&ccb=7-5&_nc_sid=f7ccc5&efg=eyJ2ZW5jb2RlX3RhZyI6InByb2ZpbGVfcGljLnd3dy4xMDgwLkMzIn0%3D&_nc_ohc=tMggPT5EuREQ7kNvwHAZX0Z&_nc_oc=AdpOwrnDqPICt9DAeY_3iqL_Vr4S_tYm1OkSDE60dXQNCTOzLyLRuMQxjOw1zla1_DbGS2yTsEwcKZ8kuouPYIBj&_nc_zt=24&_nc_ht=scontent.cdninstagram.com&_nc_gid=WISTLJLRJRvkhN8Q4cP_5A&_nc_ss=786a8&oh=00_Af6-ekInjsZ5IxydAFZAr_gqF7zRT9CIOJg78SFjTj4aKg&oe=6A11138B","https://www.instagram.com/clerisonprudente/","clerisonprudente","https://www.instagram.com/p/DXkyjneEfDp/c/17858662380633731/","3 sem","Grande Dona Maria 👏👏👏👏👏👏👏👏👏👏👏","103 curtidas","Responder","Curtir"
"https://www.instagram.com/lucienepereira4837/","https://scontent.cdninstagram.com/v/t51.2885-19/451835235_1011281087365266_8607308704468538478_n.jpg?stp=dst-jpg_s150x150_tt6&_nc_cat=106&ccb=7-5&_nc_sid=f7ccc5&efg=eyJ2ZW5jb2RlX3RhZyI6InByb2ZpbGVfcGljLnd3dy4xMDgwLkMzIn0%3D&_nc_ohc=6yS-m48uOtIQ7kNvwH_j7Iu&_nc_oc=Adr3RHKIi1JNAKXrWd-V_BEPt8cxQo_CxpNSG6wINbuTnoshsPTtFa4X_Ae4Ialu75SqL0wSq2hlBJim60BFZvAq&_nc_zt=24&_nc_ht=scontent.cdninstagram.com&_nc_ss=786a8&oh=00_Af4OrM1KvUNsuGYJzaiJy9YaXT1pUY_HAbeH1hsEUcijcA&oe=6A111F27","https://www.instagram.com/lucienepereira4837/","lucienepereira4837","https://www.instagram.com/p/DXkyjneEfDp/c/17974958000865499/","3 sem","Flávio Bolsonaro 22 ACM Neto 44","57 curtidas","Responder","Curtir"
"https://www.instagram.com/delegadofonseca/","https://scontent.cdninstagram.com/v/t51.82787-19/625180910_18182507815367971_6052325517857517567_n.jpg?stp=dst-jpg_s150x150_tt6&_nc_cat=103&ccb=7-5&_nc_sid=f7ccc5&efg=eyJ2ZW5jb2RlX3RhZyI6InByb2ZpbGVfcGljLnd3dy4xMDI0LkMzIn0%3D&_nc_ohc=tzFUHvlOJJsQ7kNvwHEbZ9Z&_nc_oc=AdoHG_49Ad1tmM-8Ve9m8ejRm1B0TNaIQISbnfI-UVisw0ltGeZJlKJmvATWSJtv95bonqLZR849mn2lrEAIIpNX&_nc_zt=24&_nc_ht=scontent.cdninstagram.com&_nc_gid=WISTLJLRJRvkhN8Q4cP_5A&_nc_ss=786a8&oh=00_Af5amPCkyz2I_7PBc0eCI3-sLAHa3-wi1V4_m8kmaOgLLQ&oe=6A111A71","https://www.instagram.com/delegadofonseca/","delegadofonseca","https://www.instagram.com/p/DXkyjneEfDp/c/18088663145254551/","3 sem","Manda o link, eu quero seguir.","14 curtidas","Responder","Curtir"
"https://www.instagram.com/capitaoassumcao/","https://scontent.cdninstagram.com/v/t51.2885-19/277436054_133528942567207_7735316859803500646_n.jpg?stp=dst-jpg_s150x150_tt6&_nc_cat=107&ccb=7-5&_nc_sid=f7ccc5&efg=eyJ2ZW5jb2RlX3RhZyI6InByb2ZpbGVfcGljLnd3dy4zMjAuQzMifQ%3D%3D&_nc_ohc=As0K3L7-VPwQ7kNvwEddzOP&_nc_oc=Ado3N1k4TIxN7wT3n8KjP0CbeeeoxT8VQ2ksBLlt3J76a6gb7gwlCfCaJ_ymfZzfOTFquWtyNej88oW5qmJIX59L&_nc_zt=24&_nc_ht=scontent.cdninstagram.com&_nc_ss=786a8&oh=00_Af7nzTuqtJyRgkQ05C5lo4m14PvR0Vb3Ptg4_slDAJ2qrQ&oe=6A11210D","https://www.instagram.com/capitaoassumcao/","capitaoassumcao","https://www.instagram.com/p/DXkyjneEfDp/c/17921036583340349/","3 sem","Dona MarIA é genial!!!","20 curtidas","Responder","Curtir"
"https://www.instagram.com/visitingram/","https://scontent.cdninstagram.com/v/t51.2885-19/67612407_1828854407217139_5728696481133625344_n.jpg?stp=dst-jpg_s150x150_tt6&_nc_cat=104&ccb=7-5&_nc_sid=f7ccc5&efg=eyJ2ZW5jb2RlX3RhZyI6InByb2ZpbGVfcGljLnd3dy43MjkuQzMifQ%3D%3D&_nc_ohc=Gv4acqQjLcAQ7kNvwH_rTae&_nc_oc=Adq54iOof1-9gJn6G3d7S0IkSWpwUpooRYSTsPAnnEJb6LEz9YPC9KWiBoIOlT1w0pJoNJggKwSDvZbeLE0gaH8A&_nc_zt=24&_nc_ht=scontent.cdninstagram.com&_nc_ss=786a8&oh=00_Af4-dJ63G7JlM5QtGyMW4Y7T78Nb8-xuJ62Nd1D0qcqC9g&oe=6A11442F","https://www.instagram.com/visitingram/","visitingram","https://www.instagram.com/p/DXkyjneEfDp/c/18067939556671699/","3 sem","Vivaaaaaa Dona Maria!!!! 👏👏👏👏👏👏","18 curtidas","Responder","Curtir"
"https://www.instagram.com/naldo.sousaa/","https://scontent.cdninstagram.com/v/t51.82787-19/575658323_17985592241868736_936404501136347889_n.jpg?stp=dst-jpg_s150x150_tt6&_nc_cat=111&ccb=7-5&_nc_sid=f7ccc5&efg=eyJ2ZW5jb2RlX3RhZyI6InByb2ZpbGVfcGljLnd3dy42NDAuQzMifQ%3D%3D&_nc_ohc=zjgRZSyrHqsQ7kNvwFdWBMC&_nc_oc=AdqH4Wy1zQwyMCBQQSBhG2BSBmqY95cZd8M_kmoedZXinfw7nCK0widEqaDP_Z_9SIpTSA4FgPkt587UJ6hvBHfd&_nc_zt=24&_nc_ht=scontent.cdninstagram.com&_nc_gid=VoCKph58boFq5S4LwYA3tQ&_nc_ss=786a8&oh=00_Af7Cxt1FYmm22BfAphc2oi_RHmAbxb5cJNsKP1ylSvH6IA&oe=6A112439","https://www.instagram.com/naldo.sousaa/","naldo.sousaa","https://www.instagram.com/p/DXkyjneEfDp/c/17898010548287298/","3 sem","Já quero seguir cadê o @ ?","12 curtidas","Responder","Curtir"
"https://www.instagram.com/yanbsales/","https://scontent.cdninstagram.com/v/t51.2885-19/273910530_645300346793222_7740380186860619848_n.jpg?stp=dst-jpg_s150x150_tt6&_nc_cat=103&ccb=7-5&_nc_sid=f7ccc5&efg=eyJ2ZW5jb2RlX3RhZyI6InByb2ZpbGVfcGljLnd3dy4xMDgwLkMzIn0%3D&_nc_ohc=XQhxS4NuASMQ7kNvwEAJENO&_nc_oc=AdpRMG3f55CLPj1zJT9WOKYmtGWOhExRd5SKXWncs_ZTyyKm1oqXXELnDWM0A63lQl-5A4k9SYaHaM1VohHRKVFm&_nc_zt=24&_nc_ht=scontent.cdninstagram.com&_nc_ss=786a8&oh=00_Af6uaWuyNZPYyM8HN9tT_ak-Pelwgtyatuddn4DyQerqFQ&oe=6A111D08","https://www.instagram.com/yanbsales/","yanbsales","https://www.instagram.com/p/DXkyjneEfDp/c/18019360259663180/","3 sem","Ô PT, se tá de Chico, espernei caladinho! Pq nós Brasileiros não iremos nos calar!!!","4 curtidas","Responder","Curtir"
"https://www.instagram.com/vyn_slv/","https://scontent.cdninstagram.com/v/t51.82787-19/652937855_17909788020357754_7721243545779100465_n.jpg?stp=dst-jpg_s150x150_tt6&_nc_cat=105&ccb=7-5&_nc_sid=f7ccc5&efg=eyJ2ZW5jb2RlX3RhZyI6InByb2ZpbGVfcGljLnd3dy4xMDgwLkMzIn0%3D&_nc_ohc=jn2zGV51YicQ7kNvwFyWhRo&_nc_oc=AdpJ3uE3H--pQfqPnJGc_2JrsnHnLigr34USaE2LNQWU2MoG9Cn-1uwIDiqbdeqzRW-3s7ZvHLlQxq-7Z4o7rbB7&_nc_zt=24&_nc_ht=scontent.cdninstagram.com&_nc_gid=qFHnYQRFw9anz1CApCngrA&_nc_ss=786a8&oh=00_Af4UafPAURCk3ZWFl7bP1qmv5mGQt4eHpq0e3vK90h4Aag&oe=6A112616","https://www.instagram.com/vyn_slv/","vyn_slv","https://www.instagram.com/p/DXkyjneEfDp/c/17876650398589695/","3 sem","""E se algum dia tiver algo fora da realidade"" disse um personagem criado por inteligência artificial.","36 curtidas","Responder","Curtir"
"https://www.instagram.com/raulzera00/","https://scontent.cdninstagram.com/v/t51.82787-19/681070881_17946710808171152_9083075319622073252_n.jpg?stp=dst-jpg_s150x150_tt6&_nc_cat=100&ccb=7-5&_nc_sid=f7ccc5&efg=eyJ2ZW5jb2RlX3RhZyI6InByb2ZpbGVfcGljLnd3dy4xMDgwLkMzIn0%3D&_nc_ohc=1mLTSYQiAQcQ7kNvwHc5Y-c&_nc_oc=Adr4FS1oKdqa6kSF3_kDvXI6xqVbB4ieu5byvc5eC_MtF4e0l9u_mMmhUcuiGm_KzIZHBmTpxYQP1jUL8hnl1hYv&_nc_zt=24&_nc_ht=scontent.cdninstagram.com&_nc_gid=VoCKph58boFq5S4LwYA3tQ&_nc_ss=786a8&oh=00_Af51MlcomlkubwkWrmhG_6e6i-urw730qPhlQv0QcCXgrw&oe=6A11456F","https://www.instagram.com/raulzera00/","raulzera00","https://www.instagram.com/p/DXkyjneEfDp/c/17848632033690913/","3 sem","Bem mais feito é Melhor que os filmes brasileiros kkkkkkkkkkkkkkk","10 curtidas","Responder","Curtir"
"https://www.instagram.com/deizeteixeirafelix5253/","https://scontent.cdninstagram.com/v/t51.2885-19/460321596_8187424108022722_4053415063399786882_n.jpg?stp=dst-jpg_s150x150_tt6&_nc_cat=104&ccb=7-5&_nc_sid=f7ccc5&efg=eyJ2ZW5jb2RlX3RhZyI6InByb2ZpbGVfcGljLnd3dy4xMDgwLkMzIn0%3D&_nc_ohc=9oSCTTnqG8YQ7kNvwEla1Pt&_nc_oc=AdqwUStEa_r-Dlu395UW-lRJgqkui7pRDu4ZSwBfjLiqnWei73Hu-GtiZ6SNKyzLt1OnIBZZX0zL8eBB_k8t1pK1&_nc_zt=24&_nc_ht=scontent.cdninstagram.com&_nc_ss=786a8&oh=00_Af4KOOmEGCQc_1yF-upJJwnq9_WZjw9H5gxTedK9DJZyVg&oe=6A1122F1","https://www.instagram.com/deizeteixeirafelix5253/","deizeteixeirafelix5253","https://www.instagram.com/p/DXkyjneEfDp/c/18102081433980091/","3 sem","Nossa !! Até o IA 🤖 tá revoltado?!? 😂","11 curtidas","Responder","Curtir"
"https://www.instagram.com/bairrosfsa/","https://scontent.cdninstagram.com/v/t51.2885-19/133593199_717746312186831_3929558383519484697_n.jpg?stp=dst-jpg_s150x150_tt6&_nc_cat=104&ccb=7-5&_nc_sid=f7ccc5&efg=eyJ2ZW5jb2RlX3RhZyI6InByb2ZpbGVfcGljLnd3dy4xMDgwLkMzIn0%3D&_nc_ohc=P8ILELhzSJYQ7kNvwFK3tn-&_nc_oc=AdrjK_R00YNUWDlpBYxnZ1W8d186gVMRAi5OriJ41eyGp_8EspRePGUL5oVzRmfIEl_SyFVgTfesV-D4z6b_fE2l&_nc_zt=24&_nc_ht=scontent.cdninstagram.com&_nc_ss=786a8&oh=00_Af7kLgaC3vuB8OtD02lCrSXBoECbkAzZ7hBrDbJEtPlKng&oe=6A1134C0","https://www.instagram.com/bairrosfsa/","bairrosfsa","https://www.instagram.com/p/DXkyjneEfDp/c/17949412668136607/","3 sem","Como é o","Responder","","Curtir"
"https://www.instagram.com/roni.xavier25/","https://scontent.cdninstagram.com/v/t51.2885-19/117154465_729690611204178_7172347639273479594_n.jpg?stp=dst-jpg_s150x150_tt6&_nc_cat=103&ccb=7-5&_nc_sid=f7ccc5&efg=eyJ2ZW5jb2RlX3RhZyI6InByb2ZpbGVfcGljLnd3dy4xMDAwLkMzIn0%3D&_nc_ohc=f0v8gfHkbT4Q7kNvwFdwC6G&_nc_oc=Adqsp2FzVe0UDSfoZNxu7odFat9YAO6-gXCNhwF9JWKrCHj5_4UFt0LohV7c6nNbK19RTIgOt1R-AogOUs0rgTop&_nc_zt=24&_nc_ht=scontent.cdninstagram.com&_nc_ss=786a8&oh=00_Af64padELiuyBdaKEyzO_BqdXtiljA11mqDe1CmQWxShmw&oe=6A1131BF","https://www.instagram.com/roni.xavier25/","roni.xavier25","https://www.instagram.com/p/DXkyjneEfDp/c/17917887090348271/","3 sem","Só uma coisa pra dizer: Black Mirror","22 curtidas","Responder","Curtir"
"https://www.instagram.com/joninhahunger/","https://scontent.cdninstagram.com/v/t51.82787-19/627186744_18096162781980639_7348989027456997714_n.jpg?stp=dst-jpg_s150x150_tt6&_nc_cat=109&ccb=7-5&_nc_sid=f7ccc5&efg=eyJ2ZW5jb2RlX3RhZyI6InByb2ZpbGVfcGljLnd3dy4xMDgwLkMzIn0%3D&_nc_ohc=yR-P7PwGCrQQ7kNvwHbXn6n&_nc_oc=Adpvb9bwyzelu_Ta7ScJPpRo8-l7TMaHyuPby0mto5z-j2vSIla6-wCNrHRIibfuTfzoBWrqdGgmkfOedOW6K77H&_nc_zt=24&_nc_ht=scontent.cdninstagram.com&_nc_gid=o9tzAqzaQ82MpEEglpvmKQ&_nc_ss=786a8&oh=00_Af5EYxWCq6eRRvKFkv4DUrl4ZdpjW4L1qVqAv5rHf4IYTQ&oe=6A1140AB","https://www.instagram.com/joninhahunger/","joninhahunger","https://www.instagram.com/p/DXkyjneEfDp/c/18108960748849559/","3 sem","Os petistas já querem matar a senhora do ia, democracia para eles é só escutar e verem o q eles querem...","4 curtidas","Responder","Curtir"
"https://www.instagram.com/vagnebrum/","https://scontent.cdninstagram.com/v/t51.82787-19/624309855_18420297523189901_1703651246819626895_n.jpg?stp=dst-jpg_s150x150_tt6&_nc_cat=102&ccb=7-5&_nc_sid=f7ccc5&efg=eyJ2ZW5jb2RlX3RhZyI6InByb2ZpbGVfcGljLnd3dy45NTkuQzMifQ%3D%3D&_nc_ohc=KLzRUIKx9FQQ7kNvwGGNHkj&_nc_oc=AdrdmHwyRRoBKvGqOS8qZtbvMKnp4CKIda3c4cT4e8Fzr3Mf3olHKSngquIifF1izgeAIo09b_S0KNpYRajY8DGZ&_nc_zt=24&_nc_ht=scontent.cdninstagram.com&_nc_gid=oyUNadPXo-5n8EKJ-BvRuQ&_nc_ss=782a8&oh=00_Af7rnhsFvKSfoku7Eb1GaXmVmcInv_IRnYqKdxHS6GFGUg&oe=6A113FFA","https://www.instagram.com/vagnebrum/","vagnebrum","https://www.instagram.com/p/DXkyjneEfDp/c/18097415312090690/","3 sem","A extrema direita  só existe  porque ainda há  fakenews e desinformação .","1 curtida","Responder","Curtir"
"https://www.instagram.com/maiteschneideroficial/","https://scontent.cdninstagram.com/v/t51.82787-19/675453464_18228635956311029_2318400757178931736_n.jpg?stp=dst-jpg_s150x150_tt6&_nc_cat=102&ccb=7-5&_nc_sid=f7ccc5&efg=eyJ2ZW5jb2RlX3RhZyI6InByb2ZpbGVfcGljLnd3dy4xMDgwLkMzIn0%3D&_nc_ohc=x9JUmcG9MGYQ7kNvwGy7DrJ&_nc_oc=AdpQtqAYyjTQ4WkKfcUH38wU8Qgcw3IEZ71hZQugbjYPNliljqdX8W5atDxHZsQtpG4nVR5T5Me2eXle_TTQSlUU&_nc_zt=24&_nc_ht=scontent.cdninstagram.com&_nc_gid=FvegoPDEjTehhD7A53dKmA&_nc_ss=786a8&oh=00_Af6UhmNj2poFwYsyoPPDhl-8OLQ4pMjxjaceD-z-eWbB1w&oe=6A11398E","https://www.instagram.com/maiteschneideroficial/","maiteschneideroficial","https://www.instagram.com/p/DXkyjneEfDp/c/18188469415371368/","3 sem","Kkkk Dona Maria vai pra prisão real com as senhoras do janeiro kkkkk felicidades senhora 😂","5 curtidas","Responder","Curtir"
"https://www.instagram.com/jeovane_marajo/","https://scontent.cdninstagram.com/v/t51.82787-19/515135455_18051280787389072_7895403396649094466_n.jpg?stp=dst-jpg_s150x150_tt6&_nc_cat=109&ccb=7-5&_nc_sid=f7ccc5&efg=eyJ2ZW5jb2RlX3RhZyI6InByb2ZpbGVfcGljLnd3dy4xMDgwLkMzIn0%3D&_nc_ohc=z91-FUrUrnUQ7kNvwHV-RWx&_nc_oc=Adr4TwGUEo6Q-ojLiyS-JFQL9YxzFlNgo16V3jfMx6YuMPkbcwVUMz8TnA8M6EAEitgdFDO_ViJjli5RU6-99uFR&_nc_zt=24&_nc_ht=scontent.cdninstagram.com&_nc_gid=0RTJ-9D0kTM3uzDhr_-HZQ&_nc_ss=786a8&oh=00_Af5BNujfuBd85vpUfrYkaIVpE-RxFn8NgL_Hg6SdAcyFdA&oe=6A1116D4","https://www.instagram.com/jeovane_marajo/","jeovane_marajo","https://www.instagram.com/p/DXkyjneEfDp/c/18106950403912821/","3 sem","Campanha eleitoral através de IA!","3 curtidas","Responder","Curtir"
"https://www.instagram.com/a.thur_3/","https://scontent.cdninstagram.com/v/t51.89012-19/573323465_1219825463302212_7278921664109726296_n.jpg?stp=dst-jpg_s150x150_tt6&_nc_cat=1&ccb=7-5&_nc_sid=f7ccc5&efg=eyJ2ZW5jb2RlX3RhZyI6InByb2ZpbGVfcGljLnd3dy5DMyJ9&_nc_ohc=_4tC3MUfCWEQ7kNvwE16xtB&_nc_oc=AdqXylCPb_5IssA9ODsJYf_bLhThMeriY6ONIKusdLzJpr1vsqIoiTJtjP_NL9SSZW2g3O67PAO7cn_Q4MnWMlAW&_nc_zt=24&_nc_ht=scontent.cdninstagram.com&_nc_gid=IYI6Mzjw4mhHEato1cRqIg&_nc_ss=786a8&oh=00_Af6OTLQlOLP36Hobp_jBrICrNDN_BH7eCKymkQmdGAYzHg&oe=6A113522","https://www.instagram.com/a.thur_3/","a.thur_3","https://www.instagram.com/p/DXkyjneEfDp/c/18332032441217773/","3 sem","""Quem trabalha com IA"" 😂😂😂😂","1 curtida","Responder","Curtir"
"https://www.instagram.com/paulo416270/","https://scontent.cdninstagram.com/v/t51.82787-19/591165414_17844182511623085_2448742817580337223_n.jpg?stp=dst-jpg_s150x150_tt6&_nc_cat=110&ccb=7-5&_nc_sid=f7ccc5&efg=eyJ2ZW5jb2RlX3RhZyI6InByb2ZpbGVfcGljLnd3dy4xMDgwLkMzIn0%3D&_nc_ohc=HVr_2Ki2TwQQ7kNvwENesb4&_nc_oc=AdpYVUzvLBjm-7KiMfts5CHBUIhJ0XIdVcsZ6heBJK3Zk1oI5UOFUVdh11wBG0wgncrPFLYNmegHmmev8EPrCU42&_nc_zt=24&_nc_ht=scontent.cdninstagram.com&_nc_gid=0RTJ-9D0kTM3uzDhr_-HZQ&_nc_ss=786a8&oh=00_Af7oRRxjM6yIOq4RLwpXFEjOQK7fARGS4NHXzPpPr5tbhQ&oe=6A113B8F","https://www.instagram.com/paulo416270/","paulo416270","https://www.instagram.com/p/DXkyjneEfDp/c/18014603525688816/","3 sem","13 ❤️PT 🇧🇷 🇧🇷 🇧🇷 🇧🇷 LULA TETRA PRESIDENTE DO BRASIL","9 curtidas","Responder","Curtir"
"https://www.instagram.com/marlialves140/","https://scontent.cdninstagram.com/v/t51.82787-19/695999031_18098625281115917_1410171645922058451_n.jpg?stp=dst-jpg_s150x150_tt6&_nc_cat=100&ccb=7-5&_nc_sid=f7ccc5&efg=eyJ2ZW5jb2RlX3RhZyI6InByb2ZpbGVfcGljLnd3dy4xMDgwLkMzIn0%3D&_nc_ohc=Uk2cKhAPp1oQ7kNvwEZWJf3&_nc_oc=AdpnPVySra6geTMQihdo0j3ZxVbMAWoReSFK7OgQBNICoMjN6mrVPcnesoEC020iBQhzbfLFlutEVybkSFWvQk3A&_nc_zt=24&_nc_ht=scontent.cdninstagram.com&_nc_gid=CoQ9V90i5eDGhNbNKmDqrw&_nc_ss=786a8&oh=00_Af7wmC5vG74GeOpUeBcP7qvYQwW-SKI2bgeG9qqoP2eWzQ&oe=6A112FB8","https://www.instagram.com/marlialves140/","marlialves140","https://www.instagram.com/p/DXkyjneEfDp/c/18166427728423732/","3 sem","Quem foi o criador da IA ??😂😂😂😂😂👏👏👏👏👏","1 curtida","Responder","Curtir"
"https://www.instagram.com/marcelascastelo/","https://scontent.cdninstagram.com/v/t51.82787-19/641094660_18568159867016621_4598255895714323092_n.jpg?stp=dst-jpg_s150x150_tt6&_nc_cat=102&ccb=7-5&_nc_sid=f7ccc5&efg=eyJ2ZW5jb2RlX3RhZyI6InByb2ZpbGVfcGljLnd3dy45NjAuQzMifQ%3D%3D&_nc_ohc=aR0lnXiwkd4Q7kNvwHmKM6m&_nc_oc=AdpbWa5jQiI7_-cRC49z5qbOQNpAztxo-cMUKWWJY2W5WJ-yLM3OMX6eO7uxTKh-65kLnNp1vEgAS652YaUN6ZQC&_nc_zt=24&_nc_ht=scontent.cdninstagram.com&_nc_gid=PT1I7jXiW2gNq5qAGg-jsQ&_nc_ss=786a8&oh=00_Af5542WuVrssvqvnwrbocvXXbLxHjjtvIIxCNATGjsLsBg&oe=6A11312D","https://www.instagram.com/marcelascastelo/","marcelascastelo","https://www.instagram.com/p/DXkyjneEfDp/c/18388259884092668/","3 sem","Gostei, já quero o @.","5 curtidas","Responder","Curtir"
"https://www.instagram.com/helder_spfc/","https://scontent.cdninstagram.com/v/t51.82787-19/657339390_18076668749564040_1694040120057655414_n.jpg?stp=dst-jpg_s150x150_tt6&_nc_cat=102&ccb=7-5&_nc_sid=f7ccc5&efg=eyJ2ZW5jb2RlX3RhZyI6InByb2ZpbGVfcGljLnd3dy4xMDgwLkMzIn0%3D&_nc_ohc=VDHskg88TFcQ7kNvwGGDMe1&_nc_oc=Adoig5vXyhpUKCcAdmJ7wLCIMbt8PsR_yhzDtZ_TAKmRQBetNl6-QPlzL09USapXOh2OCekNyy9FJP0FvsjPIhoM&_nc_zt=24&_nc_ht=scontent.cdninstagram.com&_nc_gid=S5KbPFTIob8WLFN8xjlHNA&_nc_ss=786a8&oh=00_Af58HXuX77WF0O_6UChW574_RUfS-Z_opQr4F4zt75cwvw&oe=6A1112CD","https://www.instagram.com/helder_spfc/","helder_spfc","https://www.instagram.com/p/DXkyjneEfDp/c/18071769470300488/","3 sem","Os bolsonaristas propagaram mentiras na última eleição com recursos medianos imagina nessa com toda tecnologia que existe.","13 curtidas","Responder","Curtir"
"https://www.instagram.com/democracia_relativa_do_ovo/","https://scontent.cdninstagram.com/v/t51.82787-19/545344181_18079405037481957_2960354490459423998_n.jpg?stp=dst-jpg_s150x150_tt6&_nc_cat=105&ccb=7-5&_nc_sid=f7ccc5&efg=eyJ2ZW5jb2RlX3RhZyI6InByb2ZpbGVfcGljLnd3dy4xMDgwLkMzIn0%3D&_nc_ohc=5OD7kkzJUTUQ7kNvwE3fovt&_nc_oc=AdpstAtuREDLQnDZkX7YHI9hDXOcyqveRyhHJP3AOBCrE0wPH37IEYVbCE9M0eSjT3W_ZYrSszTqnZj6nYyWnp-9&_nc_zt=24&_nc_ht=scontent.cdninstagram.com&_nc_gid=qFHnYQRFw9anz1CApCngrA&_nc_ss=786a8&oh=00_Af4lVc6eMBr6zcC4oz0wOxeTy6Y0kMMy2x8qTuxaeAhT0Q&oe=6A1142F8","https://www.instagram.com/democracia_relativa_do_ovo/","democracia_relativa_do_ovo","https://www.instagram.com/p/DXkyjneEfDp/c/18084198977375793/","3 sem","😂😂😂😂 dona Maria","2 curtidas","Responder","Curtir"
"https://www.instagram.com/democracia_relativa_do_ovo/","https://scontent.cdninstagram.com/v/t51.82787-19/545344181_18079405037481957_2960354490459423998_n.jpg?stp=dst-jpg_s150x150_tt6&_nc_cat=105&ccb=7-5&_nc_sid=f7ccc5&efg=eyJ2ZW5jb2RlX3RhZyI6InByb2ZpbGVfcGljLnd3dy4xMDgwLkMzIn0%3D&_nc_ohc=5OD7kkzJUTUQ7kNvwE3fovt&_nc_oc=AdpstAtuREDLQnDZkX7YHI9hDXOcyqveRyhHJP3AOBCrE0wPH37IEYVbCE9M0eSjT3W_ZYrSszTqnZj6nYyWnp-9&_nc_zt=24&_nc_ht=scontent.cdninstagram.com&_nc_gid=qFHnYQRFw9anz1CApCngrA&_nc_ss=786a8&oh=00_Af4lVc6eMBr6zcC4oz0wOxeTy6Y0kMMy2x8qTuxaeAhT0Q&oe=6A1142F8","https://www.instagram.com/democracia_relativa_do_ovo/","democracia_relativa_do_ovo","https://www.instagram.com/p/DXkyjneEfDp/c/18186044242374868/","3 sem","Flavio 22","2 curtidas","Responder","Curtir"
"https://www.instagram.com/democracia_relativa_do_ovo/","https://scontent.cdninstagram.com/v/t51.82787-19/545344181_18079405037481957_2960354490459423998_n.jpg?stp=dst-jpg_s150x150_tt6&_nc_cat=105&ccb=7-5&_nc_sid=f7ccc5&efg=eyJ2ZW5jb2RlX3RhZyI6InByb2ZpbGVfcGljLnd3dy4xMDgwLkMzIn0%3D&_nc_ohc=5OD7kkzJUTUQ7kNvwE3fovt&_nc_oc=AdpstAtuREDLQnDZkX7YHI9hDXOcyqveRyhHJP3AOBCrE0wPH37IEYVbCE9M0eSjT3W_ZYrSszTqnZj6nYyWnp-9&_nc_zt=24&_nc_ht=scontent.cdninstagram.com&_nc_gid=qFHnYQRFw9anz1CApCngrA&_nc_ss=786a8&oh=00_Af4lVc6eMBr6zcC4oz0wOxeTy6Y0kMMy2x8qTuxaeAhT0Q&oe=6A1142F8","https://www.instagram.com/democracia_relativa_do_ovo/","democracia_relativa_do_ovo","https://www.instagram.com/p/DXkyjneEfDp/c/18200413876345069/","3 sem","Flavio 🇧🇷 🇧🇷 🇧🇷 22","2 curtidas","Responder","Curtir"
"https://www.instagram.com/juliano_f.oliveira/","https://scontent.cdninstagram.com/v/t51.82787-19/649208672_18428246719184721_5695236111178221182_n.jpg?stp=dst-jpg_s150x150_tt6&_nc_cat=111&ccb=7-5&_nc_sid=f7ccc5&efg=eyJ2ZW5jb2RlX3RhZyI6InByb2ZpbGVfcGljLnd3dy43MTQuQzMifQ%3D%3D&_nc_ohc=a8cZE0oMOO4Q7kNvwF84geU&_nc_oc=AdpaX37W6a2kKw3NGIqG_EkFCx61zSdkBg6KZkSMOgKlSbzQAAwLiH3OZvWRiMQ_WyfAM3v2VhH9vuxi63-tzawj&_nc_zt=24&_nc_ht=scontent.cdninstagram.com&_nc_gid=S5KbPFTIob8WLFN8xjlHNA&_nc_ss=786a8&oh=00_Af4DiPGIgNN3ksc-bkqZrGXpHoyeg9wPUaE0qt8uWv9nvg&oe=6A111D94","https://www.instagram.com/juliano_f.oliveira/","juliano_f.oliveira","https://www.instagram.com/p/DXkyjneEfDp/c/17867772999528558/","3 sem","Obrigado por me apresentar essa página maravilhosa kkkk ela ganhou mais um seguidor","3 curtidas","Responder","Curtir"
"https://www.instagram.com/evertonsilvalondrina/","https://scontent.cdninstagram.com/v/t51.82787-19/670169443_17963738937066417_8932695380481382880_n.jpg?stp=dst-jpg_s150x150_tt6&_nc_cat=111&ccb=7-5&_nc_sid=f7ccc5&efg=eyJ2ZW5jb2RlX3RhZyI6InByb2ZpbGVfcGljLnd3dy4xMDgwLkMzIn0%3D&_nc_ohc=HoiNhWZCm68Q7kNvwEQuFDb&_nc_oc=Adpg32I2Lk5JAcPLVZOMU5os7wmec7iNmfrYCrRlYjDGCMO3kwctdwR0ggtEXHKemIWq4oZhzY4iMaxi4niBJlWI&_nc_zt=24&_nc_ht=scontent.cdninstagram.com&_nc_gid=S5KbPFTIob8WLFN8xjlHNA&_nc_ss=786a8&oh=00_Af6evqcSeMM3J03jjveBuMwezFKnCKQFHXShLqHETkvv5A&oe=6A113BDA","https://www.instagram.com/evertonsilvalondrina/","evertonsilvalondrina","https://www.instagram.com/p/DXkyjneEfDp/c/18162646540437035/","3 sem","presidente dona Maria","2 curtidas","Responder","Curtir"
"https://www.instagram.com/evertonsilvalondrina/","https://scontent.cdninstagram.com/v/t51.82787-19/670169443_17963738937066417_8932695380481382880_n.jpg?stp=dst-jpg_s150x150_tt6&_nc_cat=111&ccb=7-5&_nc_sid=f7ccc5&efg=eyJ2ZW5jb2RlX3RhZyI6InByb2ZpbGVfcGljLnd3dy4xMDgwLkMzIn0%3D&_nc_ohc=HoiNhWZCm68Q7kNvwEQuFDb&_nc_oc=Adpg32I2Lk5JAcPLVZOMU5os7wmec7iNmfrYCrRlYjDGCMO3kwctdwR0ggtEXHKemIWq4oZhzY4iMaxi4niBJlWI&_nc_zt=24&_nc_ht=scontent.cdninstagram.com&_nc_gid=S5KbPFTIob8WLFN8xjlHNA&_nc_ss=786a8&oh=00_Af6evqcSeMM3J03jjveBuMwezFKnCKQFHXShLqHETkvv5A&oe=6A113BDA","https://www.instagram.com/evertonsilvalondrina/","evertonsilvalondrina","https://www.instagram.com/p/DXkyjneEfDp/c/18079657235431729/","3 sem","22","3 curtidas","Responder","Curtir"
"https://www.instagram.com/catossowagner/","https://scontent.cdninstagram.com/v/t51.82787-19/655977357_18104726536916343_6387187898885012458_n.jpg?stp=dst-jpg_s150x150_tt6&_nc_cat=104&ccb=7-5&_nc_sid=f7ccc5&efg=eyJ2ZW5jb2RlX3RhZyI6InByb2ZpbGVfcGljLnd3dy4xMDgwLkMzIn0%3D&_nc_ohc=kFpBqrsDWFAQ7kNvwFvt9SU&_nc_oc=AdrV9Z7emo_scb0iFZeE1rsEg7p1AMHK0KAGLzf7Tfj1XosV8WmZssofkJKieiTGp3CyP41UWyFSYaVmytmQHQCP&_nc_zt=24&_nc_ht=scontent.cdninstagram.com&_nc_gid=MRFtoFRDYo5K_8SbBA8fsw&_nc_ss=786a8&oh=00_Af7bB5MMaQLXB-ILzkmjrYbksFV7rWsg2aFGZ34JbVH_Hg&oe=6A113D20","https://www.instagram.com/catossowagner/","catossowagner","https://www.instagram.com/p/DXkyjneEfDp/c/17910966003385496/","3 sem","Somos todos Dna Maria 👏 😍----→","2 curtidas","Responder","Curtir"
"https://www.instagram.com/marciaraquel6697/","https://scontent.cdninstagram.com/v/t51.82787-19/662279019_18391970872156106_1810108677989805969_n.jpg?stp=dst-jpg_s150x150_tt6&_nc_cat=107&ccb=7-5&_nc_sid=f7ccc5&efg=eyJ2ZW5jb2RlX3RhZyI6InByb2ZpbGVfcGljLnd3dy4xMDgwLkMzIn0%3D&_nc_ohc=hurH9wZXgAIQ7kNvwE_n_J_&_nc_oc=Adq1P5UUSzx1GcltC3nubjADVzi-B47TCfLI_h1oMnP0wtcjKjUGRFXZz0HjfebxdbK3Tm1hI3r0BprHQaAOu4-g&_nc_zt=24&_nc_ht=scontent.cdninstagram.com&_nc_gid=S5KbPFTIob8WLFN8xjlHNA&_nc_ss=786a8&oh=00_Af4MommFwcCKZW_akYNVfFCDWUiP_bRHKqP7MsaWS2A75w&oe=6A11158A","https://www.instagram.com/marciaraquel6697/","marciaraquel6697","https://www.instagram.com/p/DXkyjneEfDp/c/17855279616640219/","3 sem","Cadê o @ pra seguir","6 curtidas","Responder","Curtir"
"https://www.instagram.com/douglastavim/","https://scontent.cdninstagram.com/v/t51.2885-19/314153845_862766298235079_294451103520542012_n.jpg?stp=dst-jpg_s150x150_tt6&_nc_cat=101&ccb=7-5&_nc_sid=f7ccc5&efg=eyJ2ZW5jb2RlX3RhZyI6InByb2ZpbGVfcGljLnd3dy4xMDgwLkMzIn0%3D&_nc_ohc=Lac5QD0tpxAQ7kNvwGvF0_v&_nc_oc=AdpixOiMqKS8TKIEaW5JBwp9GlFPLvdYSy7sqMTed_TUbLviYmgEBrHKDPdqE32L3j1-826axTLGqOU8aOBw9-hJ&_nc_zt=24&_nc_ht=scontent.cdninstagram.com&_nc_ss=786a8&oh=00_Af4fkjKBU1eF7nhspnNJpZC5FQ_7onzjZIuxuP2XLGdBEQ&oe=6A111D1C","https://www.instagram.com/douglastavim/","douglastavim","https://www.instagram.com/p/DXkyjneEfDp/c/17886241035378960/","3 sem","Erika Hilton kkk igualin a voz 😂😂😂","14 curtidas","Responder","Curtir"
"https://www.instagram.com/apaula40/","https://scontent.cdninstagram.com/v/t51.82787-19/650790859_18562941247007338_7953973348656705270_n.jpg?stp=dst-jpg_s150x150_tt6&_nc_cat=110&ccb=7-5&_nc_sid=f7ccc5&efg=eyJ2ZW5jb2RlX3RhZyI6InByb2ZpbGVfcGljLnd3dy4xMDgwLkMzIn0%3D&_nc_ohc=1szr6iNOdU0Q7kNvwHGFBBs&_nc_oc=AdrLGeg_aDvvpiLn7ME-bxt3qVx5vR0VanI-TmUSfCEhxEpzNrF-syWgXsBEt-lRcaTvcvhe2V5LISBckXHJJkN9&_nc_zt=24&_nc_ht=scontent.cdninstagram.com&_nc_gid=0RTJ-9D0kTM3uzDhr_-HZQ&_nc_ss=786a8&oh=00_Af4zQpJ3rSKmJQKHO3SugQYkRovtNdoye_FI_wSvvCxxWg&oe=6A1139F5","https://www.instagram.com/apaula40/","apaula40","https://www.instagram.com/p/DXkyjneEfDp/c/18374423968200161/","3 sem","C E N S U R A","3 curtidas","Responder","Curtir"
"https://www.instagram.com/tia_go1287/","https://scontent.cdninstagram.com/v/t51.82787-19/701960252_17889619830528415_8912001899527387849_n.jpg?stp=dst-jpg_s150x150_tt6&_nc_cat=108&ccb=7-5&_nc_sid=f7ccc5&efg=eyJ2ZW5jb2RlX3RhZyI6InByb2ZpbGVfcGljLnd3dy43MjAuQzMifQ%3D%3D&_nc_ohc=VPpa7_DSgKIQ7kNvwFmf9DK&_nc_oc=AdqzgV7qy35Qdpv2EmmF1ggAjnPoUdJyo8NJB9rxoGg3rdR5LbMzqr5dzzxzoavHDP0gl4bxjfk6imdC79HkX3-D&_nc_zt=24&_nc_ht=scontent.cdninstagram.com&_nc_gid=S5KbPFTIob8WLFN8xjlHNA&_nc_ss=786a8&oh=00_Af6Bvj5qWijc7jap_DycFT-hc9gjpQaxH4iPYiF8rajBpQ&oe=6A113EE0","https://www.instagram.com/tia_go1287/","tia_go1287","https://www.instagram.com/p/DXkyjneEfDp/c/17910165777389383/","3 sem","Meu deus que fim que levou o Brasil 😢","14 curtidas","Responder","Curtir"
"https://www.instagram.com/fabioo.costaa17/","https://scontent.cdninstagram.com/v/t51.82787-19/631943026_18113160361712847_4030983387112317285_n.jpg?stp=dst-jpg_s150x150_tt6&_nc_cat=109&ccb=7-5&_nc_sid=f7ccc5&efg=eyJ2ZW5jb2RlX3RhZyI6InByb2ZpbGVfcGljLnd3dy4xMDgwLkMzIn0%3D&_nc_ohc=FmLM18fOJiMQ7kNvwFIYgic&_nc_oc=AdqVPgbGpWJyvN5NztZ2SiEMNUvK3YvceXI7N1oygRLAx7VjJAIyedwJkMm1X2N0UPbh64-4ZrfDOeLxwCsrJ3GE&_nc_zt=24&_nc_ht=scontent.cdninstagram.com&_nc_gid=PT1I7jXiW2gNq5qAGg-jsQ&_nc_ss=786a8&oh=00_Af7c8pty0fkjKhRJ30Hi8j7fSmT2ltpRPK6sb5oAVBWWVw&oe=6A1122C5","https://www.instagram.com/fabioo.costaa17/","fabioo.costaa17","https://www.instagram.com/p/DXkyjneEfDp/c/18060648134454757/","3 sem","Seguindo.... Não podem calar o povo!!!","6 curtidas","Responder","Curtir"
"https://www.instagram.com/fabianahilgert/","https://scontent.cdninstagram.com/v/t51.2885-19/464048980_846911227601803_5384296802702493859_n.jpg?stp=dst-jpg_s150x150_tt6&_nc_cat=105&ccb=7-5&_nc_sid=f7ccc5&efg=eyJ2ZW5jb2RlX3RhZyI6InByb2ZpbGVfcGljLnd3dy4xMDc5LkMzIn0%3D&_nc_ohc=_i9-WZsi8MYQ7kNvwF26A4U&_nc_oc=AdpeCKsKBD9e0HPMg0R8toCMC3MenQ1b13TRzACoaEYQn_qcBSuWBzG4uLqvWxniNUH00AvMk2o2w6t0mH7Of8aF&_nc_zt=24&_nc_ht=scontent.cdninstagram.com&_nc_ss=786a8&oh=00_Af6WSE18tKOa0bouqwDCQSoEYa7ma6UiCFai4jooFp_ydQ&oe=6A114258","https://www.instagram.com/fabianahilgert/","fabianahilgert","https://www.instagram.com/p/DXkyjneEfDp/c/17895056487309369/","3 sem","Querem nos calar a todo custo!","1 curtida","Responder","Curtir"
"https://www.instagram.com/mariadefatimadasilva7696/","https://scontent.cdninstagram.com/v/t51.2885-19/127945061_737631413846285_8343416189716064552_n.jpg?stp=dst-jpg_s150x150_tt6&_nc_cat=106&ccb=7-5&_nc_sid=f7ccc5&efg=eyJ2ZW5jb2RlX3RhZyI6InByb2ZpbGVfcGljLnd3dy4xMDgwLkMzIn0%3D&_nc_ohc=dgYUMelNK1cQ7kNvwFtosf9&_nc_oc=Adp59Lmatq4EGG8yejqEoHUiyvQTjkHoleVukeoXa4VOKyG99ug4KHsXyM6c3-axqjBIREo4oHnKo-0xQNcwGm58&_nc_zt=24&_nc_ht=scontent.cdninstagram.com&_nc_ss=786a8&oh=00_Af4lYk5Uh9IaIEKwH5WcQp353yf1hRc143MH8bOqvleNlw&oe=6A1145AA","https://www.instagram.com/mariadefatimadasilva7696/","mariadefatimadasilva7696","https://www.instagram.com/p/DXkyjneEfDp/c/17967052719048375/","3 sem","O PT sabe que os eleitores deles vão acreditar que é uma pessoa de verdade …","1 curtida","Responder","Curtir"
"https://www.instagram.com/gabi_fa/","https://scontent.cdninstagram.com/v/t51.2885-19/446873148_1193923578180346_3685344336951860926_n.jpg?stp=dst-jpg_s150x150_tt6&_nc_cat=111&ccb=7-5&_nc_sid=f7ccc5&efg=eyJ2ZW5jb2RlX3RhZyI6InByb2ZpbGVfcGljLnd3dy4xMDgwLkMzIn0%3D&_nc_ohc=iRIqLFBbjOIQ7kNvwGL4p5K&_nc_oc=AdpBn_x5r6DjLtQFT4oFfTV-NsoDG6en0X3PzkkiwiYn93VWsT7do7jnPtj4_2SBoWls4FE70hQ2ys54yuNQR5UU&_nc_zt=24&_nc_ht=scontent.cdninstagram.com&_nc_ss=786a8&oh=00_Af4Poc8Ja96vk5hyU2Uu62oX-byN_yE-Zi-x28u138-9Dg&oe=6A1136B1","https://www.instagram.com/gabi_fa/","gabi_fa","https://www.instagram.com/p/DXkyjneEfDp/c/18075045908639308/","3 sem","Tá difícil, se passar qualquer informação que não seja de esquerda tá errado, mas calmem, em seguida tiramos esse povo do poder daí acaba o problema, chega logo outubro!!","3 curtidas","Responder","Curtir"
"https://www.instagram.com/mariasocorro.aragaorocha/","https://scontent.cdninstagram.com/v/t51.2885-19/434464544_3760678527548439_6611793789140996717_n.jpg?stp=dst-jpg_s150x150_tt6&_nc_cat=107&ccb=7-5&_nc_sid=f7ccc5&efg=eyJ2ZW5jb2RlX3RhZyI6InByb2ZpbGVfcGljLnd3dy4xMDgwLkMzIn0%3D&_nc_ohc=62NO9HBdFj4Q7kNvwEtCrvl&_nc_oc=AdqxeUydeQQ34qOTow5CmtsGxbOSPGnmpKpe6pl8Pkuu671ZdvbvNfOhz7uLBe8ScenmLp9ik9A29VrdatDUZTus&_nc_zt=24&_nc_ht=scontent.cdninstagram.com&_nc_ss=786a8&oh=00_Af6Hj1ZDlrX50N8Dl74jnEVBxUFXflUVOWLlAbVKlhk8QQ&oe=6A111DC4","https://www.instagram.com/mariasocorro.aragaorocha/","mariasocorro.aragaorocha","https://www.instagram.com/p/DXkyjneEfDp/c/18100867406512243/","3 sem","Vou seguir.","2 curtidas","Responder","Curtir"
"https://www.instagram.com/nuevo.lara/","https://scontent.cdninstagram.com/v/t51.2885-19/434119674_7106225409506094_6075441997776638453_n.jpg?stp=dst-jpg_s150x150_tt6&_nc_cat=106&ccb=7-5&_nc_sid=f7ccc5&efg=eyJ2ZW5jb2RlX3RhZyI6InByb2ZpbGVfcGljLnd3dy4xMDc4LkMzIn0%3D&_nc_ohc=21W6jxBSoOoQ7kNvwEV91Qe&_nc_oc=Adp-fQgLCj_bpJp3Y2k6K8rM1Px7I2WJB8qlhhegCyql4B9ZfZOEttrYSZwxFux8fYWdL-sVZrgUg_dwjksyRK5L&_nc_zt=24&_nc_ht=scontent.cdninstagram.com&_nc_ss=786a8&oh=00_Af6ZzA2u51dplXV1xlFF9OGZNFgNlRvclIihx928wkKrRA&oe=6A1134EB","https://www.instagram.com/nuevo.lara/","nuevo.lara","https://www.instagram.com/p/DXkyjneEfDp/c/18340900780301004/","3 sem","Qual o perfil para seguir ?","2 curtidas","Responder","Curtir"
"https://www.instagram.com/drinhamagnani/","https://scontent.cdninstagram.com/v/t51.82787-19/573586313_18105079213724248_5444503292139012977_n.jpg?stp=dst-jpg_s150x150_tt6&_nc_cat=108&ccb=7-5&_nc_sid=f7ccc5&efg=eyJ2ZW5jb2RlX3RhZyI6InByb2ZpbGVfcGljLnd3dy45NTEuQzMifQ%3D%3D&_nc_ohc=DE3XLyKYvXEQ7kNvwFIvD7H&_nc_oc=AdqCbc-0E9Tw-oDf1rkyrxd7b0YhiQcq0wr3BfabPjJgeGLf_tMFZdrvMuFK8SX_Ht5_CiSgVTqeRR1xAiyN_4gN&_nc_zt=24&_nc_ht=scontent.cdninstagram.com&_nc_gid=PT1I7jXiW2gNq5qAGg-jsQ&_nc_ss=786a8&oh=00_Af7G4RvBTZYpx54C6oqaG3y-sANUO7WNd9ofS_t7iRvagQ&oe=6A113CAE","https://www.instagram.com/drinhamagnani/","drinhamagnani","https://www.instagram.com/p/DXkyjneEfDp/c/18121610773628647/","3 sem","Concordo plenamente com Maria 👏👏","1 curtida","Responder","Curtir"
"https://www.instagram.com/andreandradeoficial/","https://scontent.cdninstagram.com/v/t51.82787-19/685735957_17970276078052103_5519879104604116459_n.jpg?stp=dst-jpg_s150x150_tt6&_nc_cat=110&ccb=7-5&_nc_sid=f7ccc5&efg=eyJ2ZW5jb2RlX3RhZyI6InByb2ZpbGVfcGljLnd3dy4xMDgwLkMzIn0%3D&_nc_ohc=Uy4Uc0qXAsIQ7kNvwFrkZVN&_nc_oc=AdqMmk8HBeVyfR8exiDgeIkTU9uTy82BFGKwK8kKKj8ucE9j5FKg80eIrgmtR89n-4VI4dc3P0-ZcJG1xDED737Q&_nc_zt=24&_nc_ht=scontent.cdninstagram.com&_nc_gid=ftLq-V99mTMiE3ihhZSVuQ&_nc_ss=786a8&oh=00_Af7FU-hy5WB4QMt7jQkqYcMULqDxhtVVXMwxvqzHd6ckOw&oe=6A11372F","https://www.instagram.com/andreandradeoficial/","andreandradeoficial","https://www.instagram.com/p/DXkyjneEfDp/c/18129993943568531/","3 sem","Ganhou um seguidor  👏","1 curtida","Responder","Curtir"
"https://www.instagram.com/arlindoccarvalho/","https://scontent.cdninstagram.com/v/t51.82787-19/588170523_18047759855690055_7152470866043542103_n.jpg?stp=dst-jpg_s150x150_tt6&_nc_cat=111&ccb=7-5&_nc_sid=f7ccc5&efg=eyJ2ZW5jb2RlX3RhZyI6InByb2ZpbGVfcGljLnd3dy4xMDgwLkMzIn0%3D&_nc_ohc=ifqMVJM1pxoQ7kNvwHSxUb0&_nc_oc=AdpWW5eE1M160KpUonW1xc4JWOrCZDD8QvB8Eg6Q-kh-O5plpyj4ekUEekQoRrF5HkAeukPXahIp1nypZSeznHX0&_nc_zt=24&_nc_ht=scontent.cdninstagram.com&_nc_gid=ftLq-V99mTMiE3ihhZSVuQ&_nc_ss=786a8&oh=00_Af7XmNdjT3fAGg0CmuyO7yrqcJHibs00TEzvV8BHgQGqNg&oe=6A11367A","https://www.instagram.com/arlindoccarvalho/","arlindoccarvalho","https://www.instagram.com/p/DXkyjneEfDp/c/17950085082136428/","3 sem","Fake News e o sósia do Lula 🤔","3 curtidas","Responder","Curtir"
"https://www.instagram.com/lobo.brasileiro/","https://scontent.cdninstagram.com/v/t51.2885-19/436254495_462430036433887_142814459269617801_n.jpg?stp=dst-jpg_s150x150_tt6&_nc_cat=104&ccb=7-5&_nc_sid=f7ccc5&efg=eyJ2ZW5jb2RlX3RhZyI6InByb2ZpbGVfcGljLnd3dy4zMjAuQzMifQ%3D%3D&_nc_ohc=e9RGXNFOE8EQ7kNvwEvyc9J&_nc_oc=AdpFqgq1usUY1oxXgWyL6t-v8vfcQDKL1dKv9MxwVbxzmDpwLdBIvMi2K4b8O62IGYnPxVSN3S7sJNbr3VBDJja2&_nc_zt=24&_nc_ht=scontent.cdninstagram.com&_nc_ss=786a8&oh=00_Af7f9QsPJ2FKamjyYDfhvSvvfqMyGGU1cykxQNL--Xi2uw&oe=6A112AF8","https://www.instagram.com/lobo.brasileiro/","lobo.brasileiro","https://www.instagram.com/p/DXkyjneEfDp/c/18080754344382844/","3 sem","Se Brincar, essa IA tá vindo dos Estados Unidos 👀","3 curtidas","Responder","Curtir"
"https://www.instagram.com/rafaelsalas.br/","https://scontent.cdninstagram.com/v/t51.82787-19/658504580_18580082731056610_3966546472777168560_n.jpg?stp=dst-jpg_s150x150_tt6&_nc_cat=111&ccb=7-5&_nc_sid=f7ccc5&efg=eyJ2ZW5jb2RlX3RhZyI6InByb2ZpbGVfcGljLnd3dy4xMDgwLkMzIn0%3D&_nc_ohc=x53600CvNRYQ7kNvwFbsUzd&_nc_oc=Adoie9irrXlyIRakLJ8TliIGNyo0-3n3UySExCwmZUNmfEEQPXE2_mV2CGinZmza_O8MWpAgDDOzHqedU_WGOTog&_nc_zt=24&_nc_ht=scontent.cdninstagram.com&_nc_gid=ftLq-V99mTMiE3ihhZSVuQ&_nc_ss=786a8&oh=00_Af4kJ20rm1CVWgk2FRfegV40zRKLbiC3kRRN0vjCK6e5_w&oe=6A11161E","https://www.instagram.com/rafaelsalas.br/","rafaelsalas.br","https://www.instagram.com/p/DXkyjneEfDp/c/17945692587177542/","3 sem","Só vi verdades. PT o partido da mentira.","5 curtidas","Responder","Curtir"
"https://www.instagram.com/lobo.brasileiro/","https://scontent.cdninstagram.com/v/t51.2885-19/436254495_462430036433887_142814459269617801_n.jpg?stp=dst-jpg_s150x150_tt6&_nc_cat=104&ccb=7-5&_nc_sid=f7ccc5&efg=eyJ2ZW5jb2RlX3RhZyI6InByb2ZpbGVfcGljLnd3dy4zMjAuQzMifQ%3D%3D&_nc_ohc=e9RGXNFOE8EQ7kNvwEvyc9J&_nc_oc=AdpFqgq1usUY1oxXgWyL6t-v8vfcQDKL1dKv9MxwVbxzmDpwLdBIvMi2K4b8O62IGYnPxVSN3S7sJNbr3VBDJja2&_nc_zt=24&_nc_ht=scontent.cdninstagram.com&_nc_ss=786a8&oh=00_Af7f9QsPJ2FKamjyYDfhvSvvfqMyGGU1cykxQNL--Xi2uw&oe=6A112AF8","https://www.instagram.com/lobo.brasileiro/","lobo.brasileiro","https://www.instagram.com/p/DXkyjneEfDp/c/18459335905110260/","3 sem","Direita sem Fake News? 🤣🤣🤣🤣","2 curtidas","Responder","Curtir"
"https://www.instagram.com/cantorfelipeluiz/","https://scontent.cdninstagram.com/v/t51.82787-19/515941292_18505946386060320_6609701136629172414_n.jpg?stp=dst-jpg_s150x150_tt6&_nc_cat=106&ccb=7-5&_nc_sid=f7ccc5&efg=eyJ2ZW5jb2RlX3RhZyI6InByb2ZpbGVfcGljLnd3dy44MDQuQzMifQ%3D%3D&_nc_ohc=Bi-mSWRHAPcQ7kNvwEHwLes&_nc_oc=AdoWqpjLwBgRUiOFpt5DIl82-JyH1Qr-d8FlDQspTgMwE9kNYIu7Ap3HtQjw_Ph29weUAv6TByBAehfcRd_cph1J&_nc_zt=24&_nc_ht=scontent.cdninstagram.com&_nc_gid=ftLq-V99mTMiE3ihhZSVuQ&_nc_ss=786a8&oh=00_Af51G3MwGpGr5g2_Lyo4WuIs0beGYau4m3L3qAZ6Scxrjw&oe=6A113C13","https://www.instagram.com/cantorfelipeluiz/","cantorfelipeluiz","https://www.instagram.com/p/DXkyjneEfDp/c/18103560223778046/","3 sem","Isso quem fez foi a familicia da quadrilha gospel a mais honesta do Brasil 🤮🧠🐷","1 curtida","Responder","Curtir"
"https://www.instagram.com/lobo.brasileiro/","https://scontent.cdninstagram.com/v/t51.2885-19/436254495_462430036433887_142814459269617801_n.jpg?stp=dst-jpg_s150x150_tt6&_nc_cat=104&ccb=7-5&_nc_sid=f7ccc5&efg=eyJ2ZW5jb2RlX3RhZyI6InByb2ZpbGVfcGljLnd3dy4zMjAuQzMifQ%3D%3D&_nc_ohc=e9RGXNFOE8EQ7kNvwEvyc9J&_nc_oc=AdpFqgq1usUY1oxXgWyL6t-v8vfcQDKL1dKv9MxwVbxzmDpwLdBIvMi2K4b8O62IGYnPxVSN3S7sJNbr3VBDJja2&_nc_zt=24&_nc_ht=scontent.cdninstagram.com&_nc_ss=786a8&oh=00_Af7f9QsPJ2FKamjyYDfhvSvvfqMyGGU1cykxQNL--Xi2uw&oe=6A112AF8","https://www.instagram.com/lobo.brasileiro/","lobo.brasileiro","https://www.instagram.com/p/DXkyjneEfDp/c/17872771908600081/","3 sem","Não tem Fake News é?🤣🤣🤣","1 curtida","Responder","Curtir"
"https://www.instagram.com/itamar_coutinho/","https://scontent.cdninstagram.com/v/t51.82787-19/573555715_18537107755055996_3619915196732010228_n.jpg?stp=dst-jpg_s150x150_tt6&_nc_cat=100&ccb=7-5&_nc_sid=f7ccc5&efg=eyJ2ZW5jb2RlX3RhZyI6InByb2ZpbGVfcGljLnd3dy4xMDgwLkMzIn0%3D&_nc_ohc=Ff_q3dmM-o8Q7kNvwFZm75w&_nc_oc=AdonHUy8v5y9gk6xx1WACcmFvqb9cexJ_IrKNgl-aaykTN5dCuHvt6ilsUkfuELFy7jvKIH2mKqJ6-Rrf00cMvcS&_nc_zt=24&_nc_ht=scontent.cdninstagram.com&_nc_gid=B8WRincY0FTQSXExDYXZ8Q&_nc_ss=786a8&oh=00_Af5jYGyFG5qw6xCzhFvsBwf34wqighDoLkJj9DWclVwkCg&oe=6A111D19","https://www.instagram.com/itamar_coutinho/","itamar_coutinho","https://www.instagram.com/p/DXkyjneEfDp/c/18005252495734657/","2 d","😂 IA que fala verdade,doi no 🆒 dos petistas😂😂😂","Responder","","Curtir"
"https://www.instagram.com/lucianooficiol/","https://scontent.cdninstagram.com/v/t51.82787-19/687650171_17886692649518981_1766598760537247271_n.jpg?stp=dst-jpg_s150x150_tt6&_nc_cat=110&ccb=7-5&_nc_sid=f7ccc5&efg=eyJ2ZW5jb2RlX3RhZyI6InByb2ZpbGVfcGljLnd3dy4xMDgwLkMzIn0%3D&_nc_ohc=uiHV4OICjasQ7kNvwHeKIqh&_nc_oc=AdqCNksVk03Erj0ehI7DOTml5BZtCoSBinMBILyBkzEYHP5yXwQ5nQxPV2mhluQbpYp6W9wDQPCDA-U5Kb9Iktvr&_nc_zt=24&_nc_ht=scontent.cdninstagram.com&_nc_gid=B8WRincY0FTQSXExDYXZ8Q&_nc_ss=786a8&oh=00_Af5bOTCYDIst7V60PElO4diZbJ0pObuGj6yOD8usVD1B4g&oe=6A11338E","https://www.instagram.com/lucianooficiol/","lucianooficiol","https://www.instagram.com/p/DXkyjneEfDp/c/17992058810793228/","5 d","😮😮😮😮","Responder","","Curtir"
"https://www.instagram.com/palacio.9/","https://scontent.cdninstagram.com/v/t51.2885-19/491233883_1188791626025877_2955480556079943458_n.jpg?stp=dst-jpg_s150x150_tt6&_nc_cat=102&ccb=7-5&_nc_sid=f7ccc5&efg=eyJ2ZW5jb2RlX3RhZyI6InByb2ZpbGVfcGljLnd3dy4xMDgwLkMzIn0%3D&_nc_ohc=4vrLC5iFx4gQ7kNvwFev_Yq&_nc_oc=AdpCYRRUBHqnCgl0VacHo1lp5uf2Lq2U_lejPU9iOfj3T48hJoF53ff1BvJQI_86n91xT98yCcfBAzDwjpKTm6MA&_nc_zt=24&_nc_ht=scontent.cdninstagram.com&_nc_ss=786a8&oh=00_Af6KFoi-hIZCHCMQo52Ib97d_VpuMtD1-f8NFENG-Ka7gQ&oe=6A112074","https://www.instagram.com/palacio.9/","palacio.9","https://www.instagram.com/p/DXkyjneEfDp/c/17887841394474054/","1 sem","Falar a verdade agora é ataque?😂","Responder","","Curtir"
"https://www.instagram.com/eduardo.barros.pro/","https://scontent.cdninstagram.com/v/t51.2885-19/277328508_714356896258062_6979497769245024340_n.jpg?stp=dst-jpg_s150x150_tt6&_nc_cat=103&ccb=7-5&_nc_sid=f7ccc5&efg=eyJ2ZW5jb2RlX3RhZyI6InByb2ZpbGVfcGljLnd3dy43MjAuQzMifQ%3D%3D&_nc_ohc=lkm2K5NBwVkQ7kNvwH85Mo8&_nc_oc=AdpBRCHHSw7iJIF15B1d3k8iDqgvAOCNsf-Gpiu7zip8mtSFh3CMvaKAGgN7c8dImSISlY-Fp8QE35a44pf2RZv9&_nc_zt=24&_nc_ht=scontent.cdninstagram.com&_nc_ss=786a8&oh=00_Af5lZ3AprqcT8vslKNoJhh841XHFdRhoKu8Lfr26Q5Eqxg&oe=6A111B1E","https://www.instagram.com/eduardo.barros.pro/","eduardo.barros.pro","https://www.instagram.com/p/DXkyjneEfDp/c/17991518825979251/","1 sem","😂😂😂😂😂😂 1984... admirável mundo novo em 2026.🇧🇷🇧🇷🇧🇷🇧🇷","Responder","","Curtir"
"https://www.instagram.com/jario.silva.58726/","https://scontent.cdninstagram.com/v/t51.2885-19/79201124_627154307826697_7603979644672409600_n.jpg?stp=dst-jpg_s150x150_tt6&_nc_cat=102&ccb=7-5&_nc_sid=f7ccc5&efg=eyJ2ZW5jb2RlX3RhZyI6InByb2ZpbGVfcGljLnd3dy4xMDgwLkMzIn0%3D&_nc_ohc=MTPw9vW_ceEQ7kNvwFdO0Df&_nc_oc=AdolIpoOg5Xo88yY0nS0WjS6pPdVYH6VXWfYP1MgiVEtNReDJAkb12rXseTI5OH3GgjHMkhm1c2piFonrinZ3Q-b&_nc_zt=24&_nc_ht=scontent.cdninstagram.com&_nc_ss=786a8&oh=00_Af6-3QA99nhSBzxVbThcznDvqdTA3qtuv0fCHxrMEu_2Ag&oe=6A112313","https://www.instagram.com/jario.silva.58726/","jario.silva.58726","https://www.instagram.com/p/DXkyjneEfDp/c/17874110916605755/","1 sem","Tamos juntos dona Maria 👏👏👏","Responder","","Curtir"
"https://www.instagram.com/ritapmc/","https://scontent.cdninstagram.com/v/t51.2885-19/11848974_506018919551347_2079797517_a.jpg?_nc_cat=109&ccb=7-5&_nc_sid=f7ccc5&efg=eyJ2ZW5jb2RlX3RhZyI6InByb2ZpbGVfcGljLnd3dy4xNTAuQzMifQ%3D%3D&_nc_ohc=mqO3mnEzq1kQ7kNvwFfLnAW&_nc_oc=AdrnGzVQ1tFqR224IWnUhOhvh49BlAQYUQ7WS9oDX2n1f007d-uDDUKwZDuvvkFDm-hn_Bocdhxng8XZrMh7JcxI&_nc_zt=24&_nc_ht=scontent.cdninstagram.com&_nc_ss=786a8&oh=00_Af7-dZUkzhZdHVQFP73eYPNGYGpuYSQSxge2FMkjrWS0Bw&oe=6A11317F","https://www.instagram.com/ritapmc/","ritapmc","https://www.instagram.com/p/DXkyjneEfDp/c/18002180681916567/","1 sem","Vocês já ouriçam falar da Dona Maria inteligência artificial","Responder","","Curtir"
"https://www.instagram.com/chips09932/","https://scontent.cdninstagram.com/v/t51.89012-19/573323465_1219825463302212_7278921664109726296_n.jpg?stp=dst-jpg_s150x150_tt6&_nc_cat=1&ccb=7-5&_nc_sid=f7ccc5&efg=eyJ2ZW5jb2RlX3RhZyI6InByb2ZpbGVfcGljLnd3dy5DMyJ9&_nc_ohc=_4tC3MUfCWEQ7kNvwE16xtB&_nc_oc=AdqXylCPb_5IssA9ODsJYf_bLhThMeriY6ONIKusdLzJpr1vsqIoiTJtjP_NL9SSZW2g3O67PAO7cn_Q4MnWMlAW&_nc_zt=24&_nc_ht=scontent.cdninstagram.com&_nc_gid=B8WRincY0FTQSXExDYXZ8Q&_nc_ss=786a8&oh=00_Af5ww074yGxbXOdL-3laN2mtPe-01YrQoS9SkCGqH-Td_A&oe=6A113522","https://www.instagram.com/chips09932/","chips09932","https://www.instagram.com/p/DXkyjneEfDp/c/18103877212758646/","1 sem","A esquerda tentando censurar!","Responder","","Curtir"
"https://www.instagram.com/julio.rubo_melo/","https://scontent.cdninstagram.com/v/t51.82787-19/611635065_18214813903309496_3210594154513691026_n.jpg?stp=dst-jpg_s150x150_tt6&_nc_cat=107&ccb=7-5&_nc_sid=f7ccc5&efg=eyJ2ZW5jb2RlX3RhZyI6InByb2ZpbGVfcGljLnd3dy4xMDgwLkMzIn0%3D&_nc_ohc=BVvS6K999UUQ7kNvwEfghJa&_nc_oc=AdrpqK4XubA51kSTMAdar8itI96z_c3kBLd_-f1RVzKeD06bAqu8dwz3jZeL3OLbkYc75s0HMw4zJm9Caj6Ilr5k&_nc_zt=24&_nc_ht=scontent.cdninstagram.com&_nc_gid=B8WRincY0FTQSXExDYXZ8Q&_nc_ss=786a8&oh=00_Af5zaNU1iFFOCAR_nFXSe9mYsiMqqa-A_Lp2CCIQ_EgFgQ&oe=6A111E5B","https://www.instagram.com/julio.rubo_melo/","julio.rubo_melo","https://www.instagram.com/p/DXkyjneEfDp/c/17894065230461247/","1 sem","👏👏👏👏","Responder","","Curtir"
"https://www.instagram.com/cassiacavalcanti03/","https://scontent.cdninstagram.com/v/t51.82787-19/553026422_18526186858014532_1415032029875292231_n.jpg?stp=dst-jpg_s150x150_tt6&_nc_cat=103&ccb=7-5&_nc_sid=f7ccc5&efg=eyJ2ZW5jb2RlX3RhZyI6InByb2ZpbGVfcGljLnd3dy4xMDgwLkMzIn0%3D&_nc_ohc=ZIGx-6h6CdgQ7kNvwFxOAAb&_nc_oc=AdrdYagKhdBHOS2FLOeonmc93fX56ACBOrysvJRiDQ41Q3JTXYZ-v-UWy0s3ITrx55cw38RqRGzHpZvwdY183zf8&_nc_zt=24&_nc_ht=scontent.cdninstagram.com&_nc_gid=B8WRincY0FTQSXExDYXZ8Q&_nc_ss=786a8&oh=00_Af7VFIXxABiLwVYhBzLOAKXDUuOmzWnrRila05E3SG9wVQ&oe=6A1128EB","https://www.instagram.com/cassiacavalcanti03/","cassiacavalcanti03","https://www.instagram.com/p/DXkyjneEfDp/c/18029629340628550/","2 sem","Eita dona maria! Vc é D.Maria 👏👏👏👏","Responder","","Curtir"
"https://www.instagram.com/rdgbecker/","https://scontent.cdninstagram.com/v/t51.2885-19/441024618_823194406525439_7670999582963558339_n.jpg?stp=dst-jpg_s150x150_tt6&_nc_cat=106&ccb=7-5&_nc_sid=f7ccc5&efg=eyJ2ZW5jb2RlX3RhZyI6InByb2ZpbGVfcGljLnd3dy4xMDc4LkMzIn0%3D&_nc_ohc=PTnJgALlcQkQ7kNvwHGfgBC&_nc_oc=AdqR_0z9P4CNyTt_-nDXVjwmyALdsQFXmV8CMbQ9rsr6rg93nZ5qKsjTrPJ8IhDThHuAqZAUuKKPYnnpjoMho_lo&_nc_zt=24&_nc_ht=scontent.cdninstagram.com&_nc_ss=786a8&oh=00_Af4QmO2oPAcspAvP0JP72UEI64QSnOfXK3cfw3rh69BEqg&oe=6A114573","https://www.instagram.com/rdgbecker/","rdgbecker","https://www.instagram.com/p/DXkyjneEfDp/c/18102330725066356/","2 sem","Página fake! IA horrível não vai adiantar nada é Lula 13!!!","Responder","","Curtir"
"https://www.instagram.com/rodrigo_sccp1955_1981_2012/","https://scontent.cdninstagram.com/v/t51.2885-19/481047285_1351640402534997_2518033036726495556_n.jpg?stp=dst-jpg_s150x150_tt6&_nc_cat=107&ccb=7-5&_nc_sid=f7ccc5&efg=eyJ2ZW5jb2RlX3RhZyI6InByb2ZpbGVfcGljLnd3dy43MjAuQzMifQ%3D%3D&_nc_ohc=s40DG4dQ3rcQ7kNvwE6mqP9&_nc_oc=AdoHeueMXqUeKWQUXLj-R2idx0myVCmNsOeFLINgjPkloqgak7ETadq4nTlkcK7sRQuMqYIZH2LO8BOOm98Y53w6&_nc_zt=24&_nc_ht=scontent.cdninstagram.com&_nc_ss=786a8&oh=00_Af44AiARefNWeD38wgBkXwUrYzVIM_7L_nTyMu_xeW991Q&oe=6A113377","https://www.instagram.com/rodrigo_sccp1955_1981_2012/","rodrigo_sccp1955_1981_2012","https://www.instagram.com/p/DXkyjneEfDp/c/18025627439813591/","2 sem","Velha coroca","Responder","Ver tradução","Curtir"
"https://www.instagram.com/mciseixas/","https://scontent.cdninstagram.com/v/t51.2885-19/471578080_1115916433530703_1008399196905565087_n.jpg?stp=dst-jpg_s150x150_tt6&_nc_cat=100&ccb=7-5&_nc_sid=f7ccc5&efg=eyJ2ZW5jb2RlX3RhZyI6InByb2ZpbGVfcGljLnd3dy4xMDgwLkMzIn0%3D&_nc_ohc=QB-uDkMJ5eYQ7kNvwGfM36E&_nc_oc=AdrcqYKwdYOkszoa--Ly52UBqzNvzCa1k1Rma3_bLE6ImkjGHF2q0GX9_CTZZnv-HnzBoAWu7l5THXkEVnLX6iig&_nc_zt=24&_nc_ht=scontent.cdninstagram.com&_nc_ss=786a8&oh=00_Af4BaBdws2_QtmSJtoTLxB5tyTk8drWv9nC7dxxqmCPuTA&oe=6A112294","https://www.instagram.com/mciseixas/","mciseixas","https://www.instagram.com/p/DXkyjneEfDp/c/17997169064763509/","2 sem","MENTIRA E MAIS MENTIRA isso é a DIREITA PODRE!!! SÓ TEM FAKE NEWS dona MISÉRIA","Responder","","Curtir"
"https://www.instagram.com/valmir_novick/","https://scontent.cdninstagram.com/v/t51.82787-19/561143424_18534712660007972_1797271388289071535_n.jpg?stp=dst-jpg_s150x150_tt6&_nc_cat=104&ccb=7-5&_nc_sid=f7ccc5&efg=eyJ2ZW5jb2RlX3RhZyI6InByb2ZpbGVfcGljLnd3dy43MjAuQzMifQ%3D%3D&_nc_ohc=d7sfDYwjNKEQ7kNvwFWKwQj&_nc_oc=AdoLkZd6ec1HLxmQVo66RkBrmiaOibbvf-EUQePJI8qIj0adhywy8JVw0jo0r0wnMIZ2t7hH219vojfcnHDsrNd-&_nc_zt=24&_nc_ht=scontent.cdninstagram.com&_nc_gid=B8WRincY0FTQSXExDYXZ8Q&_nc_ss=786a8&oh=00_Af608cW_HAXuybdmNOrq0ZrxEuO3zZ1I9SAWQG2kc9th_A&oe=6A112762","https://www.instagram.com/valmir_novick/","valmir_novick","https://www.instagram.com/p/DXkyjneEfDp/c/17942887509192324/","2 sem","Quer falar a verdade não escolha lado .","Responder","","Curtir"
"https://www.instagram.com/rickamendes/","https://scontent.cdninstagram.com/v/t51.2885-19/452540124_1021319159400306_4640296957117628076_n.jpg?stp=dst-jpg_s150x150_tt6&_nc_cat=107&ccb=7-5&_nc_sid=f7ccc5&efg=eyJ2ZW5jb2RlX3RhZyI6InByb2ZpbGVfcGljLnd3dy4xMDgwLkMzIn0%3D&_nc_ohc=gjFtWd_zlOoQ7kNvwHa-cTu&_nc_oc=AdqWxBeBff1NPkIxHZo3ZZMmkLsnvj1f9Q_JnzDdhfvPcg5keSz9W3OKd3j26hFvdjX4BCI47oaEzu5hk3eD4o7O&_nc_zt=24&_nc_ht=scontent.cdninstagram.com&_nc_ss=786a8&oh=00_Af7MZQXYmVbukyLAekWu99pQexzz-sUAbgSeg1OnJSE3WA&oe=6A1144B3","https://www.instagram.com/rickamendes/","rickamendes","https://www.instagram.com/p/DXkyjneEfDp/c/17909310813399060/","2 sem","A direita precisa de personagens, pq eles são de mentira.","Responder","","Curtir"
"https://www.instagram.com/barranetopaulo/","https://scontent.cdninstagram.com/v/t51.2885-19/106496573_555123981836016_4351136868232539806_n.jpg?stp=dst-jpg_s150x150_tt6&_nc_cat=107&ccb=7-5&_nc_sid=f7ccc5&efg=eyJ2ZW5jb2RlX3RhZyI6InByb2ZpbGVfcGljLnd3dy43NTAuQzMifQ%3D%3D&_nc_ohc=2rIKGNt7R7cQ7kNvwEQ5Yu1&_nc_oc=AdowQXUdksd8CCdBPpOTGzw-fioRiWSZX_XDzRTE8fo34W7do0VJTzPuIJr6-zL-NhQzlecVBnYg-kcqpv4EVzZF&_nc_zt=24&_nc_ht=scontent.cdninstagram.com&_nc_ss=786a8&oh=00_Af6ImmGUrssu9QhwVAIA6XeN5UedAfYZglwRYMVIu8xDmw&oe=6A113A68","https://www.instagram.com/barranetopaulo/","barranetopaulo","https://www.instagram.com/p/DXkyjneEfDp/c/18185439385378915/","2 sem","Viva dona Maria","Responder","","Curtir"
"https://www.instagram.com/vitor.s.777/","https://scontent.cdninstagram.com/v/t51.82787-19/608403218_17857651710586865_6744115130109240756_n.jpg?stp=dst-jpg_s150x150_tt6&_nc_cat=100&ccb=7-5&_nc_sid=f7ccc5&efg=eyJ2ZW5jb2RlX3RhZyI6InByb2ZpbGVfcGljLnd3dy4xMDgwLkMzIn0%3D&_nc_ohc=bQJCalF6CPsQ7kNvwF13bWh&_nc_oc=Adp5YgV4_mG9Jrl5ez5oRFzs14AZbQojkYNyU1aWcSjxrQg_T6R3hW_BwJbK-mnH7eovZzQBzXYti8qLUDHJWnpZ&_nc_zt=24&_nc_ht=scontent.cdninstagram.com&_nc_gid=-Un4dUgdvxlYte2AJRX8Tw&_nc_ss=786a8&oh=00_Af6BsOxom5voxQS4qzle3vukmZJHPCyVB7lvybtWyw3lWw&oe=6A113016","https://www.instagram.com/vitor.s.777/","vitor.s.777","https://www.instagram.com/p/DXkyjneEfDp/c/17885878293522329/","2 sem","PT MORRENDO DE MEDO DE UMA PERSONAGEM DE IA😂😂😂","Responder","","Curtir"
"https://www.instagram.com/claudiacdib/","https://scontent.cdninstagram.com/v/t51.2885-19/460760185_912198950748463_7390036198423396536_n.jpg?stp=dst-jpg_s150x150_tt6&_nc_cat=109&ccb=7-5&_nc_sid=f7ccc5&efg=eyJ2ZW5jb2RlX3RhZyI6InByb2ZpbGVfcGljLnd3dy43MzguQzMifQ%3D%3D&_nc_ohc=O3-FGDnvoycQ7kNvwHnHyD1&_nc_oc=Adr8oQ54JMRdDAWWOmoPD25VbicvMMlsE1SH3wqfYXXf3Ne4VjL38FtnO_YRjmGup6E4RlC-lsCqs5rUL6MOKPjy&_nc_zt=24&_nc_ht=scontent.cdninstagram.com&_nc_ss=786a8&oh=00_Af5iBfd9Cu69J97ZhWbSRfDgj0H1qqyz6lOiYRu8ObyHtg&oe=6A110F4B","https://www.instagram.com/claudiacdib/","claudiacdib","https://www.instagram.com/p/DXkyjneEfDp/c/18445225675113469/","2 sem","Começando a seguir Dana Maria!!! 💪🏻💪🏻💪🏻💪🏻","Responder","","Curtir"
"https://www.instagram.com/pinto_viniciusadv/","https://scontent.cdninstagram.com/v/t51.2885-19/438973344_398973483065048_8099294934251238197_n.jpg?stp=dst-jpg_s150x150_tt6&_nc_cat=108&ccb=7-5&_nc_sid=f7ccc5&efg=eyJ2ZW5jb2RlX3RhZyI6InByb2ZpbGVfcGljLnd3dy4xMDgwLkMzIn0%3D&_nc_ohc=Hi3iQ8fzJqcQ7kNvwErzDkI&_nc_oc=Ador1Q55XQ4sFmQlZO3J8YfnieWneAtnkbqWKmteKtZqvS2k_79lgV-Ff35zU6HaR4sn4l_nnEMWQm2BbfxVbAov&_nc_zt=24&_nc_ht=scontent.cdninstagram.com&_nc_ss=786a8&oh=00_Af6JjbfJQvovbq4ClL7olU-3eEwjokAHIKPQQTZey6a25g&oe=6A112FA2","https://www.instagram.com/pinto_viniciusadv/","pinto_viniciusadv","https://www.instagram.com/p/DXkyjneEfDp/c/17925673686289780/","2 sem","E muita burrice, só atraiu mais atenção para o perfil.","Responder","","Curtir"
"https://www.instagram.com/geverson_cham/","https://scontent.cdninstagram.com/v/t51.82787-19/521518064_18519363715031498_4258893269162596542_n.jpg?stp=dst-jpg_s150x150_tt6&_nc_cat=102&ccb=7-5&_nc_sid=f7ccc5&efg=eyJ2ZW5jb2RlX3RhZyI6InByb2ZpbGVfcGljLnd3dy4xMDgwLkMzIn0%3D&_nc_ohc=Rpykkl9nIjsQ7kNvwFzOKAW&_nc_oc=Adr-zHBOEctgKvZiIdj_f20gOAwMDwGR6cK-Z7fWwXUVT5jqVmT8TPkL-pJrubfTAHWFX7IFqGcI7PBpOAmIMyqg&_nc_zt=24&_nc_ht=scontent.cdninstagram.com&_nc_gid=-Un4dUgdvxlYte2AJRX8Tw&_nc_ss=786a8&oh=00_Af6tCH3nuoGRepKWYYeoWZh8wxpGNetOQVaL404EcXcx5Q&oe=6A113436","https://www.instagram.com/geverson_cham/","geverson_cham","https://www.instagram.com/p/DXkyjneEfDp/c/18036906941600677/","2 sem","👏👏","Responder","","Curtir"
"https://www.instagram.com/gerson.barbosa.161214/","https://scontent.cdninstagram.com/v/t51.82787-19/615887274_18303417337287094_9203931842420309439_n.jpg?stp=dst-jpg_s150x150_tt6&_nc_cat=105&ccb=7-5&_nc_sid=f7ccc5&efg=eyJ2ZW5jb2RlX3RhZyI6InByb2ZpbGVfcGljLnd3dy4xMDgwLkMzIn0%3D&_nc_ohc=jBjzmkLnenAQ7kNvwFixZcC&_nc_oc=AdrmK2f34TvL8A-h35VqIBtAp0D9RO9SW8v9yN5azzc-b5ad0fJHe40tbnKeoHQMGCm3_VUwiAbXGsV08vto6BkG&_nc_zt=24&_nc_ht=scontent.cdninstagram.com&_nc_gid=-Un4dUgdvxlYte2AJRX8Tw&_nc_ss=786a8&oh=00_Af6hj2nX6wwyK89jWK61GO7fmKN7q2Uz44D-GuIzn8ZhHw&oe=6A112714","https://www.instagram.com/gerson.barbosa.161214/","gerson.barbosa.161214","https://www.instagram.com/p/DXkyjneEfDp/c/18068538173480117/","2 sem","O BOLSONARISMO SEM A MENTIRA NÃO VIVE","Responder","","Curtir"
"https://www.instagram.com/gerson.barbosa.161214/","https://scontent.cdninstagram.com/v/t51.82787-19/615887274_18303417337287094_9203931842420309439_n.jpg?stp=dst-jpg_s150x150_tt6&_nc_cat=105&ccb=7-5&_nc_sid=f7ccc5&efg=eyJ2ZW5jb2RlX3RhZyI6InByb2ZpbGVfcGljLnd3dy4xMDgwLkMzIn0%3D&_nc_ohc=jBjzmkLnenAQ7kNvwFixZcC&_nc_oc=AdrmK2f34TvL8A-h35VqIBtAp0D9RO9SW8v9yN5azzc-b5ad0fJHe40tbnKeoHQMGCm3_VUwiAbXGsV08vto6BkG&_nc_zt=24&_nc_ht=scontent.cdninstagram.com&_nc_gid=-Un4dUgdvxlYte2AJRX8Tw&_nc_ss=786a8&oh=00_Af6hj2nX6wwyK89jWK61GO7fmKN7q2Uz44D-GuIzn8ZhHw&oe=6A112714","https://www.instagram.com/gerson.barbosa.161214/","gerson.barbosa.161214","https://www.instagram.com/p/DXkyjneEfDp/c/18117342310673172/","2 sem","LULA JERÔNIMO REELEITOS PRIMEIRO TURNO 🇧🇷🇧🇷🇧🇷🇧🇷🇧🇷🇧🇷🇧🇷🇧🇷🇧🇷🇧🇷🇧🇷🇧🇷🇧🇷🇧🇷🇧🇷🇧🇷🇧🇷🇧🇷🇧🇷🇧🇷🇧🇷🇧🇷🇧🇷🇧🇷🇧🇷🇧🇷🇧🇷🇧🇷🇧🇷🇧🇷🇧🇷","Responder","","Curtir"
"https://www.instagram.com/hildo_junior08/","https://scontent.cdninstagram.com/v/t51.82787-19/657120951_18080772965624957_1643938507306146542_n.jpg?stp=dst-jpg_s150x150_tt6&_nc_cat=101&ccb=7-5&_nc_sid=f7ccc5&efg=eyJ2ZW5jb2RlX3RhZyI6InByb2ZpbGVfcGljLnd3dy4xMDgwLkMzIn0%3D&_nc_ohc=Aie5scwUtxUQ7kNvwHAIt3G&_nc_oc=AdooR6ApeWZN-8p0q2m20XXes4LM_TNa0qGhzgo2noWhIF6QAnQYatXhIc9n6GlLd08WRRjiiw6IeYvJnBWLb5JE&_nc_zt=24&_nc_ht=scontent.cdninstagram.com&_nc_gid=-Un4dUgdvxlYte2AJRX8Tw&_nc_ss=786a8&oh=00_Af4ZwmZs46M5eD5p9mAjIbeUsBKXrmD9vGOnZJ03xon6Lg&oe=6A111AA0","https://www.instagram.com/hildo_junior08/","hildo_junior08","https://www.instagram.com/p/DXkyjneEfDp/c/18080507942416203/","2 sem","Vc trabalha com desinformação","Responder","","Curtir"
"https://www.instagram.com/hildo_junior08/","https://scontent.cdninstagram.com/v/t51.82787-19/657120951_18080772965624957_1643938507306146542_n.jpg?stp=dst-jpg_s150x150_tt6&_nc_cat=101&ccb=7-5&_nc_sid=f7ccc5&efg=eyJ2ZW5jb2RlX3RhZyI6InByb2ZpbGVfcGljLnd3dy4xMDgwLkMzIn0%3D&_nc_ohc=Aie5scwUtxUQ7kNvwHAIt3G&_nc_oc=AdooR6ApeWZN-8p0q2m20XXes4LM_TNa0qGhzgo2noWhIF6QAnQYatXhIc9n6GlLd08WRRjiiw6IeYvJnBWLb5JE&_nc_zt=24&_nc_ht=scontent.cdninstagram.com&_nc_gid=-Un4dUgdvxlYte2AJRX8Tw&_nc_ss=786a8&oh=00_Af4ZwmZs46M5eD5p9mAjIbeUsBKXrmD9vGOnZJ03xon6Lg&oe=6A111AA0","https://www.instagram.com/hildo_junior08/","hildo_junior08","https://www.instagram.com/p/DXkyjneEfDp/c/17988666929985552/","2 sem","Vc só fala mentiras.","Responder","","Curtir"
"https://www.instagram.com/sir_lipe/","https://scontent.cdninstagram.com/v/t51.82787-19/539423093_18524456509048340_1301466796438669185_n.jpg?stp=dst-jpg_s150x150_tt6&_nc_cat=106&ccb=7-5&_nc_sid=f7ccc5&efg=eyJ2ZW5jb2RlX3RhZyI6InByb2ZpbGVfcGljLnd3dy4xMDgwLkMzIn0%3D&_nc_ohc=VwRzllnRx-wQ7kNvwHH438o&_nc_oc=Adoy3tl4rlcoI_Yj3k8NFeoMkPQS7nUGhF7AVpD6HkA-He1lNvgYDd6Yh1vHYpkb4cx9Rks_g1LjJE3-0DtfbE4y&_nc_zt=24&_nc_ht=scontent.cdninstagram.com&_nc_gid=-Un4dUgdvxlYte2AJRX8Tw&_nc_ss=786a8&oh=00_Af41qBSuaCSg2wkIbo3g5iQJfplUl42fkUFiy0lUYDFzHw&oe=6A1135A8","https://www.instagram.com/sir_lipe/","sir_lipe","https://www.instagram.com/p/DXkyjneEfDp/c/18100460903066819/","2 sem","Só os fundamental incompleto querendo o @ para seguir. Cérebros lisinhos, intactos querendo ser preenchidos com merda falsa da direita.","Responder","","Curtir"
"https://www.instagram.com/crocha.souza/","https://scontent.cdninstagram.com/v/t51.2885-19/316924853_525915872806163_1343971289272570640_n.jpg?stp=dst-jpg_s150x150_tt6&_nc_cat=104&ccb=7-5&_nc_sid=f7ccc5&efg=eyJ2ZW5jb2RlX3RhZyI6InByb2ZpbGVfcGljLnd3dy44OTYuQzMifQ%3D%3D&_nc_ohc=TYgCJr_fgrYQ7kNvwHEa1pj&_nc_oc=AdonJGb3C1t9E30Ci4CGyOJZnPegvU5YismZ7Y7esAKlx3fgHRLlfmNoXFME2oVpIFIozPBF9j83xhDqUsV7ht4K&_nc_zt=24&_nc_ht=scontent.cdninstagram.com&_nc_ss=786a8&oh=00_Af4VVYAj-utQmC-q26hbFaMumTSGDdrx80S4rLcNMmRUrg&oe=6A1112BD","https://www.instagram.com/crocha.souza/","crocha.souza","https://www.instagram.com/p/DXkyjneEfDp/c/17895511683310613/","2 sem","Parabéns dona Mari 🇧🇷🇧🇷🇧🇷22 fora Luladrão","Responder","","Curtir"
"https://www.instagram.com/galegui_andrade/","https://scontent.cdninstagram.com/v/t51.82787-19/610742873_18110587126715801_2012510773155297141_n.jpg?stp=dst-jpg_s150x150_tt6&_nc_cat=103&ccb=7-5&_nc_sid=f7ccc5&efg=eyJ2ZW5jb2RlX3RhZyI6InByb2ZpbGVfcGljLnd3dy42MDMuQzMifQ%3D%3D&_nc_ohc=_k10G-0zZREQ7kNvwGaEt59&_nc_oc=AdrnLqBHUPH8mtD2A8hBt1tRyz9tyBKMCZ0ueKh5udvwnUCVY4HTZmWzGSpXjig3j1rFykfE2mjjwGrAD2OAry_Q&_nc_zt=24&_nc_ht=scontent.cdninstagram.com&_nc_gid=-Un4dUgdvxlYte2AJRX8Tw&_nc_ss=786a8&oh=00_Af6FtUrYgZmDkceXwQHGqrLQPd5-U6BBd8bhIn5_Xj9Oxw&oe=6A1143F8","https://www.instagram.com/galegui_andrade/","galegui_andrade","https://www.instagram.com/p/DXkyjneEfDp/c/18111310144835080/","2 sem","👏👏👏👏","Responder","","Curtir"
"https://www.instagram.com/luis.marcos.ti/","https://scontent.cdninstagram.com/v/t51.82787-19/636952733_18422750029187806_3700227434630049726_n.jpg?stp=dst-jpg_s150x150_tt6&_nc_cat=110&ccb=7-5&_nc_sid=f7ccc5&efg=eyJ2ZW5jb2RlX3RhZyI6InByb2ZpbGVfcGljLnd3dy4xMDgwLkMzIn0%3D&_nc_ohc=iPuuLD_3GWwQ7kNvwH7ohVa&_nc_oc=Adpc6lmgnoKGaO9Sq1Ex6aeASmU0Jcb8ZR_IeTyC5P5CR4Mwj7aVAF35Bn81QPZSgB3tPT9v98EE_YPJszvTCXwt&_nc_zt=24&_nc_ht=scontent.cdninstagram.com&_nc_gid=-Un4dUgdvxlYte2AJRX8Tw&_nc_ss=786a8&oh=00_Af5zV0idrw1sYhKTdVBay9JYKbhnG65RYpfbvtzUO2Nb7g&oe=6A11446D","https://www.instagram.com/luis.marcos.ti/","luis.marcos.ti","https://www.instagram.com/p/DXkyjneEfDp/c/18091008413219031/","2 sem","O problema é mentir e formar opinião em base de mentiras","Responder","","Curtir"
"https://www.instagram.com/paivavianatiago/","https://scontent.cdninstagram.com/v/t51.89012-19/573323465_1219825463302212_7278921664109726296_n.jpg?stp=dst-jpg_s150x150_tt6&_nc_cat=1&ccb=7-5&_nc_sid=f7ccc5&efg=eyJ2ZW5jb2RlX3RhZyI6InByb2ZpbGVfcGljLnd3dy5DMyJ9&_nc_ohc=_4tC3MUfCWEQ7kNvwE16xtB&_nc_oc=AdqXylCPb_5IssA9ODsJYf_bLhThMeriY6ONIKusdLzJpr1vsqIoiTJtjP_NL9SSZW2g3O67PAO7cn_Q4MnWMlAW&_nc_zt=24&_nc_ht=scontent.cdninstagram.com&_nc_gid=-Un4dUgdvxlYte2AJRX8Tw&_nc_ss=786a8&oh=00_Af7gq_I4gPRamOW_9k6STyNBmHuhtmYbIS1maSm0bfkyCQ&oe=6A113522","https://www.instagram.com/paivavianatiago/","paivavianatiago","https://www.instagram.com/p/DXkyjneEfDp/c/18072026285302050/","2 sem","😂😂😂😂😂😂","Responder","","Curtir"
"https://www.instagram.com/engandred/","https://scontent.cdninstagram.com/v/t51.2885-19/457528427_1191700185281251_2337414963816718672_n.jpg?stp=dst-jpg_s150x150_tt6&_nc_cat=109&ccb=7-5&_nc_sid=f7ccc5&efg=eyJ2ZW5jb2RlX3RhZyI6InByb2ZpbGVfcGljLnd3dy41NDAuQzMifQ%3D%3D&_nc_ohc=PDtbdyJ3-4gQ7kNvwG4iqyF&_nc_oc=AdrMWR7ePN9IJ8iKSw2PvAQYriN6Wa4cgl2tMemMLzVxeQ8FtIlZZolnIOssOkChLQ-LaeLtpoUvlvkO8unY-uIP&_nc_zt=24&_nc_ht=scontent.cdninstagram.com&_nc_ss=786a8&oh=00_Af4YmlyPS_znYERjxv6ZI2EM_iBBMBEFlVerN6FL_37zAQ&oe=6A112DB3","https://www.instagram.com/engandred/","engandred","https://www.instagram.com/p/DXkyjneEfDp/c/18122468803713772/","2 sem","Potoqueira","Responder","","Curtir"
"https://www.instagram.com/fernando_sabino_/","https://scontent.cdninstagram.com/v/t51.2885-19/475157062_1336765493982748_1650139299007007736_n.jpg?stp=dst-jpg_s150x150_tt6&_nc_cat=102&ccb=7-5&_nc_sid=f7ccc5&efg=eyJ2ZW5jb2RlX3RhZyI6InByb2ZpbGVfcGljLnd3dy4xMDgwLkMzIn0%3D&_nc_ohc=x6fyt6NQ52EQ7kNvwH-HQWf&_nc_oc=AdoPQSaQEJN8q7VSp9DO7qMWvKKB0OiUFxPO1aDVgyXtb1zx8PLtslOND4usu8NBTk4oiRlLA3rxdMeobpjb42La&_nc_zt=24&_nc_ht=scontent.cdninstagram.com&_nc_ss=786a8&oh=00_Af4XOVokwUV9Eoo403qR3smOBOIw4yULm7CNfm4upVNmCg&oe=6A1118ED","https://www.instagram.com/fernando_sabino_/","fernando_sabino_","https://www.instagram.com/p/DXkyjneEfDp/c/17947247346158927/","2 sem","Obrigado Lulominius , não conhecia @ dona Maria, a graças vcs . Vou começar seguir e compartilhar","Responder","","Curtir"
"https://www.instagram.com/sergiohoffman2013/","https://scontent.cdninstagram.com/v/t51.2885-19/258235634_381262200356527_4147901998869930171_n.jpg?stp=dst-jpg_s150x150_tt6&_nc_cat=104&ccb=7-5&_nc_sid=f7ccc5&efg=eyJ2ZW5jb2RlX3RhZyI6InByb2ZpbGVfcGljLnd3dy45MzYuQzMifQ%3D%3D&_nc_ohc=bUXfDHwWQnAQ7kNvwG6FraL&_nc_oc=AdofXhHDtDIGJ3EwYTZBZ2WuGs6hfE5StZ7Z2Dkgyx_cBwbyKxyT6AAbLzEPQZ9XjxZi_7LnTF97-AIQOdc_oVah&_nc_zt=24&_nc_ht=scontent.cdninstagram.com&_nc_ss=786a8&oh=00_Af5biM2RDYKYja8opD9NI-IjEKe-s5S5_tcsEAV2-Vi2rg&oe=6A11177F","https://www.instagram.com/sergiohoffman2013/","sergiohoffman2013","https://www.instagram.com/p/DXkyjneEfDp/c/18097657502277696/","2 sem","Espalhar fake News é crime. Por isso que vc tá errado!","Responder","","Curtir"
"https://www.instagram.com/julianoemartins/","https://scontent.cdninstagram.com/v/t51.82787-19/530963579_18357815092159836_3916043865139467271_n.jpg?stp=dst-jpg_s150x150_tt6&_nc_cat=103&ccb=7-5&_nc_sid=f7ccc5&efg=eyJ2ZW5jb2RlX3RhZyI6InByb2ZpbGVfcGljLnd3dy45MDkuQzMifQ%3D%3D&_nc_ohc=FqK9RkfF4O8Q7kNvwHSLta-&_nc_oc=AdontUYd5UiZy5bWTWCJDaViARWFv6naNbu9_TB4Fo6TwH3ly04wRLj5Xume-wKiy_-LjuDkThltcQ5oOgim2Cf8&_nc_zt=24&_nc_ht=scontent.cdninstagram.com&_nc_gid=yeauKmD31RmNk1FzC_ajcw&_nc_ss=786a8&oh=00_Af4YwS3ijoqbGb1kdSWLBYCUCGJEAsTFvsCNl8nkiCiGfw&oe=6A11183F","https://www.instagram.com/julianoemartins/","julianoemartins","https://www.instagram.com/p/DXkyjneEfDp/c/17921902821328448/","2 sem","Essa DIREITA É PODRE SEM MENTIRAS ELA NÃO EXISTE!!! 😂😂😂","Responder","","Curtir"
"https://www.instagram.com/codreanu7k/","https://scontent.cdninstagram.com/v/t51.82787-19/689872936_18062882786696217_4472858661064375212_n.jpg?stp=dst-jpg_s150x150_tt6&_nc_cat=109&ccb=7-5&_nc_sid=f7ccc5&efg=eyJ2ZW5jb2RlX3RhZyI6InByb2ZpbGVfcGljLnd3dy40NTEuQzMifQ%3D%3D&_nc_ohc=82UZbiwk8iYQ7kNvwEDcZHQ&_nc_oc=AdqyexM8byhhTxAQrcI72LR8U66TcMglA9xtMh0NQBiWBQFA0wq4_fzM-CkqyP20xz60p5s69_RH7EO8u9T5ijOk&_nc_zt=24&_nc_ht=scontent.cdninstagram.com&_nc_gid=yeauKmD31RmNk1FzC_ajcw&_nc_ss=786a8&oh=00_Af5djzSarPKfQoxC3pGmVgkV8s-IkSu2tQ0ghUr2EEEDQw&oe=6A114109","https://www.instagram.com/codreanu7k/","codreanu7k","https://www.instagram.com/p/DXkyjneEfDp/c/18092614490332514/","2 sem","Tudo oq o a ditadura petista faz = fake news 😂","Responder","","Curtir"
"https://www.instagram.com/elias.alves._/","https://scontent.cdninstagram.com/v/t51.82787-19/622988556_18556830901010881_6020476078808970581_n.jpg?stp=dst-jpg_s150x150_tt6&_nc_cat=110&ccb=7-5&_nc_sid=f7ccc5&efg=eyJ2ZW5jb2RlX3RhZyI6InByb2ZpbGVfcGljLnd3dy4xMDgwLkMzIn0%3D&_nc_ohc=SK3En86o5OQQ7kNvwHV-EWT&_nc_oc=AdrznEEyLla0uKK3-gS0Us7jxSh4j9JPaiAJ754s3xpylFMKnbwJvYZ4DumgSu6953ohIVhCYBbe2b9Gn0Q3K2Ap&_nc_zt=24&_nc_ht=scontent.cdninstagram.com&_nc_gid=yeauKmD31RmNk1FzC_ajcw&_nc_ss=786a8&oh=00_Af4rb_6ZKUDBXw8lyrTbTuW-SRH-9T2YrRkzkzLP4CLzvw&oe=6A1131ED","https://www.instagram.com/elias.alves._/","elias.alves._","https://www.instagram.com/p/DXkyjneEfDp/c/18099597074069994/","2 sem","👏👏👏👏👏👏","Responder","","Curtir"
"https://www.instagram.com/cidalia_mariafc/","https://scontent.cdninstagram.com/v/t51.2885-19/233684996_169135568619277_290688703319910131_n.jpg?stp=dst-jpg_s150x150_tt6&_nc_cat=105&ccb=7-5&_nc_sid=f7ccc5&efg=eyJ2ZW5jb2RlX3RhZyI6InByb2ZpbGVfcGljLnd3dy42NzAuQzMifQ%3D%3D&_nc_ohc=W6hqZJCjL2gQ7kNvwG4L9o2&_nc_oc=Adqai_PcGsXTxwEck3r5oEOfry4Zlshu0KcSHK_i3MkEosluCwsXfHnOxTul8QuNfPLGPzaEUQDkl9HZr-JHnaXn&_nc_zt=24&_nc_ht=scontent.cdninstagram.com&_nc_ss=786a8&oh=00_Af5IA3sSFPds3_r_szJC2Sh6ysQiHCLCRddAUVRm992dMA&oe=6A11390A","https://www.instagram.com/cidalia_mariafc/","cidalia_mariafc","https://www.instagram.com/p/DXkyjneEfDp/c/17990825045953138/","2 sem","Só manada mesmo pra seguir isso. É  patológico.🤦🏼‍♀️","Responder","","Curtir"
"https://www.instagram.com/vflores10/","https://scontent.cdninstagram.com/v/t51.2885-19/285269109_709155856971309_6520323464260072369_n.jpg?stp=dst-jpg_s150x150_tt6&_nc_cat=110&ccb=7-5&_nc_sid=f7ccc5&efg=eyJ2ZW5jb2RlX3RhZyI6InByb2ZpbGVfcGljLnd3dy43NTEuQzMifQ%3D%3D&_nc_ohc=te_yamS8hnoQ7kNvwG20kjf&_nc_oc=Adr7pVdtSHVSn-HsB5HCXvzGWyL6QDAM2vnIuGW5VoiHnT2RmI7FAVm5FqDalanLHgh7bMNYzGo5Z9WmkMkGePgi&_nc_zt=24&_nc_ht=scontent.cdninstagram.com&_nc_ss=786a8&oh=00_Af7JYUZgysT-jlSGKbzAZW538mymHWdvUfjsBjw2lE0xUg&oe=6A113D01","https://www.instagram.com/vflores10/","vflores10","https://www.instagram.com/p/DXkyjneEfDp/c/18140367394517426/","2 sem","","Responder","","Curtir"
"https://www.instagram.com/tony.terr/","https://scontent.cdninstagram.com/v/t51.2885-19/358063423_236293962539820_7193265741999015605_n.jpg?stp=dst-jpg_s150x150_tt6&_nc_cat=104&ccb=7-5&_nc_sid=f7ccc5&efg=eyJ2ZW5jb2RlX3RhZyI6InByb2ZpbGVfcGljLnd3dy4xMDgwLkMzIn0%3D&_nc_ohc=_qX457K6tfUQ7kNvwHEKK3N&_nc_oc=AdqzAGdRIhjXmz9DNewVgMLciTK1IqfqlAVVUlBBdndmq3zdtn8L9fIptyBI3wYp5QAzV1vnuIobH0-oYvr9qwHc&_nc_zt=24&_nc_ht=scontent.cdninstagram.com&_nc_ss=786a8&oh=00_Af5-OLxEarmU6xqXdt1fvWaVnCU4dbh5ymykPM-uCxO2ow&oe=6A11398B","https://www.instagram.com/tony.terr/","tony.terr","https://www.instagram.com/p/DXkyjneEfDp/c/17884867128535739/","2 sem","Cadeia para o dono dessa página...é um bandido","Responder","","Curtir"
"https://www.instagram.com/061martinho/","https://scontent.cdninstagram.com/v/t51.82787-19/687782312_17917053756359734_6699432845395251952_n.jpg?stp=dst-jpg_s150x150_tt6&_nc_cat=105&ccb=7-5&_nc_sid=f7ccc5&efg=eyJ2ZW5jb2RlX3RhZyI6InByb2ZpbGVfcGljLnd3dy4xMDI0LkMzIn0%3D&_nc_ohc=-_8u32K8Y3wQ7kNvwEwfuU3&_nc_oc=AdpDlTCWIyfdSiTA2whTg0QxG76efMTxJg2JNFlXKNhl-JyPFd9MqGikkgr10SdY5c4oPtQ9trgXeQd6jkwL8kag&_nc_zt=24&_nc_ht=scontent.cdninstagram.com&_nc_gid=yeauKmD31RmNk1FzC_ajcw&_nc_ss=786a8&oh=00_Af7J4OpzVcUDhGC1ghZm22I7qqf0EXB1gh-NwBHWec5e2w&oe=6A112618","https://www.instagram.com/061martinho/","061martinho","https://www.instagram.com/p/DXkyjneEfDp/c/18108657619692947/","2 sem","Segue lá o perfil","Responder","","Curtir"
"https://www.instagram.com/alexanderdefranca021/","https://scontent.cdninstagram.com/v/t51.82787-19/650834109_18570767476006748_6881690839902859675_n.jpg?stp=dst-jpg_s150x150_tt6&_nc_cat=103&ccb=7-5&_nc_sid=f7ccc5&efg=eyJ2ZW5jb2RlX3RhZyI6InByb2ZpbGVfcGljLnd3dy4xMDgwLkMzIn0%3D&_nc_ohc=kwMuoHNvXkcQ7kNvwE4Z5xB&_nc_oc=Ado_NGaq3syvsEd8m3xVhCnljRoKITHFsMR5k1qy-9k4VL0o8OXkMo2YmoGvohOwN_Bn8qCPpMZBk7UD_idKdmrk&_nc_zt=24&_nc_ht=scontent.cdninstagram.com&_nc_gid=yeauKmD31RmNk1FzC_ajcw&_nc_ss=786a8&oh=00_Af5VQLy3DQwON_Kq_wXT5NPtZzp4ghzEAzK8G3NmFrKCAA&oe=6A112EC6","https://www.instagram.com/alexanderdefranca021/","alexanderdefranca021","https://www.instagram.com/p/DXkyjneEfDp/c/17894055981453325/","2 sem","Dona maria representa o brasil","Responder","","Curtir"
"https://www.instagram.com/isabel.sbrogio/","https://scontent.cdninstagram.com/v/t51.2885-19/313311773_455541536648184_1134141705128032551_n.jpg?stp=dst-jpg_s150x150_tt6&_nc_cat=106&ccb=7-5&_nc_sid=f7ccc5&efg=eyJ2ZW5jb2RlX3RhZyI6InByb2ZpbGVfcGljLnd3dy45NjAuQzMifQ%3D%3D&_nc_ohc=ZfBrX0GklfMQ7kNvwHF5TpX&_nc_oc=AdrXsKtmDn-zmZHgOcsjbuVr-j3asNJ2n3l5gLathz3zKA0BeCVyVRj4-900BefQn7sse5vUIQ763BfdBrD2JkBk&_nc_zt=24&_nc_ht=scontent.cdninstagram.com&_nc_ss=786a8&oh=00_Af5GxHPnNzgFxMvD8VyPONDFBMFFl1582MF24R07nqfL-w&oe=6A113A8B","https://www.instagram.com/isabel.sbrogio/","isabel.sbrogio","https://www.instagram.com/p/DXkyjneEfDp/c/18178762207380324/","2 sem","👏👏👏👏👏👏👏","Responder","","Curtir"
"https://www.instagram.com/camilaarj_zx/","https://scontent.cdninstagram.com/v/t51.82787-19/657949665_17884459698471755_7296512762655838987_n.jpg?stp=dst-jpg_s150x150_tt6&_nc_cat=101&ccb=7-5&_nc_sid=f7ccc5&efg=eyJ2ZW5jb2RlX3RhZyI6InByb2ZpbGVfcGljLnd3dy4xMDgwLkMzIn0%3D&_nc_ohc=nnJih83vk9IQ7kNvwFadknp&_nc_oc=AdpBuIF3wV9YmOJ2-Lp3FUqCcnqSVDTjSqjN7CS0mida_utoWT5Ne1pwdaPUhP6c6Axp6lkwTJRtHIm8XigmOh3S&_nc_zt=24&_nc_ht=scontent.cdninstagram.com&_nc_gid=yeauKmD31RmNk1FzC_ajcw&_nc_ss=786a8&oh=00_Af5milLa4y5pid2M81_qxhLzsdl1zREv1tidAyCqtMw8Hg&oe=6A1112F4","https://www.instagram.com/camilaarj_zx/","camilaarj_zx","https://www.instagram.com/p/DXkyjneEfDp/c/18112711189839294/","2 sem","DESENFORMAR","Responder","","Curtir"
"https://www.instagram.com/eleni.paz/","https://scontent.cdninstagram.com/v/t51.2885-19/11241368_741491789304077_1985914498_a.jpg?_nc_cat=111&ccb=7-5&_nc_sid=f7ccc5&efg=eyJ2ZW5jb2RlX3RhZyI6InByb2ZpbGVfcGljLnd3dy4xNTAuQzMifQ%3D%3D&_nc_ohc=BVaDsG1-5yIQ7kNvwHdYefl&_nc_oc=AdoCt4NBa9akD2g7xZFcK2uR3TVKuldfZcai0p9nzL6Qg8suX4452w3lIe9oIRKpZ2PItzHYZ8P1fbKOKeIDIdJw&_nc_zt=24&_nc_ht=scontent.cdninstagram.com&_nc_ss=786a8&oh=00_Af6NRNIh7tIhL2Lia9tv2Q92denkgWsIjnQbheQndk1Qkg&oe=6A114127","https://www.instagram.com/eleni.paz/","eleni.paz","https://www.instagram.com/p/DXkyjneEfDp/c/17966245065060179/","2 sem","Mas se esconde atrás vê personagem","Responder","","Curtir"
"https://www.instagram.com/eleni.paz/","https://scontent.cdninstagram.com/v/t51.2885-19/11241368_741491789304077_1985914498_a.jpg?_nc_cat=111&ccb=7-5&_nc_sid=f7ccc5&efg=eyJ2ZW5jb2RlX3RhZyI6InByb2ZpbGVfcGljLnd3dy4xNTAuQzMifQ%3D%3D&_nc_ohc=BVaDsG1-5yIQ7kNvwHdYefl&_nc_oc=AdoCt4NBa9akD2g7xZFcK2uR3TVKuldfZcai0p9nzL6Qg8suX4452w3lIe9oIRKpZ2PItzHYZ8P1fbKOKeIDIdJw&_nc_zt=24&_nc_ht=scontent.cdninstagram.com&_nc_ss=786a8&oh=00_Af6NRNIh7tIhL2Lia9tv2Q92denkgWsIjnQbheQndk1Qkg&oe=6A114127","https://www.instagram.com/eleni.paz/","eleni.paz","https://www.instagram.com/p/DXkyjneEfDp/c/17870302920666396/","2 sem","Só não tem verdade","Responder","","Curtir"
"https://www.instagram.com/eleni.paz/","https://scontent.cdninstagram.com/v/t51.2885-19/11241368_741491789304077_1985914498_a.jpg?_nc_cat=111&ccb=7-5&_nc_sid=f7ccc5&efg=eyJ2ZW5jb2RlX3RhZyI6InByb2ZpbGVfcGljLnd3dy4xNTAuQzMifQ%3D%3D&_nc_ohc=BVaDsG1-5yIQ7kNvwHdYefl&_nc_oc=AdoCt4NBa9akD2g7xZFcK2uR3TVKuldfZcai0p9nzL6Qg8suX4452w3lIe9oIRKpZ2PItzHYZ8P1fbKOKeIDIdJw&_nc_zt=24&_nc_ht=scontent.cdninstagram.com&_nc_ss=786a8&oh=00_Af6NRNIh7tIhL2Lia9tv2Q92denkgWsIjnQbheQndk1Qkg&oe=6A114127","https://www.instagram.com/eleni.paz/","eleni.paz","https://www.instagram.com/p/DXkyjneEfDp/c/18202290118352615/","2 sem","Farsa","Responder","","Curtir"
"https://www.instagram.com/tmaradossantos20/","https://scontent.cdninstagram.com/v/t51.82787-19/629025828_18426278233140357_5938215686640150545_n.jpg?stp=dst-jpg_s150x150_tt6&_nc_cat=103&ccb=7-5&_nc_sid=f7ccc5&efg=eyJ2ZW5jb2RlX3RhZyI6InByb2ZpbGVfcGljLnd3dy4xMDgwLkMzIn0%3D&_nc_ohc=45evbWmqVs8Q7kNvwHEmihX&_nc_oc=Adr-K31Mrjc5wi2h9_Qyzk4gwMDsPqL_F9-q8siZKb2HjOOVDU3W7crLhbx9fSAjekL2-O0K1okbjHtWefGJAXcB&_nc_zt=24&_nc_ht=scontent.cdninstagram.com&_nc_gid=JNgIxyY583u2oWb0k8ji7g&_nc_ss=786a8&oh=00_Af5_25n_yhBhr8f0mIMziVgbjexGhHKlUxLM0qO3C88bWA&oe=6A111ABE","https://www.instagram.com/tmaradossantos20/","tmaradossantos20","https://www.instagram.com/p/DXkyjneEfDp/c/17866675497535196/","2 sem","Fake news","Responder","","Curtir"
"https://www.instagram.com/tmaradossantos20/","https://scontent.cdninstagram.com/v/t51.82787-19/629025828_18426278233140357_5938215686640150545_n.jpg?stp=dst-jpg_s150x150_tt6&_nc_cat=103&ccb=7-5&_nc_sid=f7ccc5&efg=eyJ2ZW5jb2RlX3RhZyI6InByb2ZpbGVfcGljLnd3dy4xMDgwLkMzIn0%3D&_nc_ohc=45evbWmqVs8Q7kNvwHEmihX&_nc_oc=Adr-K31Mrjc5wi2h9_Qyzk4gwMDsPqL_F9-q8siZKb2HjOOVDU3W7crLhbx9fSAjekL2-O0K1okbjHtWefGJAXcB&_nc_zt=24&_nc_ht=scontent.cdninstagram.com&_nc_gid=JNgIxyY583u2oWb0k8ji7g&_nc_ss=786a8&oh=00_Af5_25n_yhBhr8f0mIMziVgbjexGhHKlUxLM0qO3C88bWA&oe=6A111ABE","https://www.instagram.com/tmaradossantos20/","tmaradossantos20","https://www.instagram.com/p/DXkyjneEfDp/c/18059405261705097/","2 sem","Safado😂😂😂😂","Responder","","Curtir"
"https://www.instagram.com/marlenefernochisant/","https://scontent.cdninstagram.com/v/t51.2885-19/461279797_1288692222541554_2604694887404148651_n.jpg?stp=dst-jpg_s150x150_tt6&_nc_cat=107&ccb=7-5&_nc_sid=f7ccc5&efg=eyJ2ZW5jb2RlX3RhZyI6InByb2ZpbGVfcGljLnd3dy4xMDgwLkMzIn0%3D&_nc_ohc=YK6e_SdtfcYQ7kNvwHKHJvT&_nc_oc=AdrK-Cl2HEXYsvvfneHWFAjnqiFASbVUE_lrapBGBZoBZPsK2veGy7pHNCjlWPu_mx8oFjE-K5lLRJ7_jGXX104a&_nc_zt=24&_nc_ht=scontent.cdninstagram.com&_nc_ss=786a8&oh=00_Af6p4CyYEzXjj_0gLqkm4Do1z6r4IRg6ntLa9jm15WFmyw&oe=6A1118A5","https://www.instagram.com/marlenefernochisant/","marlenefernochisant","https://www.instagram.com/p/DXkyjneEfDp/c/17955331458029123/","2 sem","É isso ai","Responder","","Curtir"
"https://www.instagram.com/michaelbrunodamasceno/","https://scontent.cdninstagram.com/v/t51.2885-19/461252829_1062891142083185_860789835138186581_n.jpg?stp=dst-jpg_s150x150_tt6&_nc_cat=102&ccb=7-5&_nc_sid=f7ccc5&efg=eyJ2ZW5jb2RlX3RhZyI6InByb2ZpbGVfcGljLnd3dy45NTguQzMifQ%3D%3D&_nc_ohc=IJZiChB0ATAQ7kNvwESFQQA&_nc_oc=AdpVsOrS1Ci8gQzuGbZP5QdxmbW6gZHyo921JSjn8ygVXLk_CcYPjCPl9AvPehbriyRi24e17mMsjUrHtjDhwNJH&_nc_zt=24&_nc_ht=scontent.cdninstagram.com&_nc_ss=786a8&oh=00_Af4NghhGKtgu-qLjC59ulg67h2ukctkgvlsfnipK-m_cTw&oe=6A1135D3","https://www.instagram.com/michaelbrunodamasceno/","michaelbrunodamasceno","https://www.instagram.com/p/DXkyjneEfDp/c/17961226259932515/","2 sem","Nem conhecia, graças ao PT ela ganha mais um seguidor 😂🇧🇷🇧🇷","Responder","","Curtir"
"https://www.instagram.com/josericardodos46/","https://scontent.cdninstagram.com/v/t51.2885-19/420159946_2055706494797877_8769507757626833801_n.jpg?stp=dst-jpg_s150x150_tt6&_nc_cat=109&ccb=7-5&_nc_sid=f7ccc5&efg=eyJ2ZW5jb2RlX3RhZyI6InByb2ZpbGVfcGljLnd3dy45NTcuQzMifQ%3D%3D&_nc_ohc=PxroPS_wAuYQ7kNvwFguZwd&_nc_oc=AdqgBXTpt7ay_8uplk06fgAHVTlMvYg5Iw8lwbOsECP0wftVhUujo4aclVLF302cX6Gbjgd6KZr08v9A2QNOIpvw&_nc_zt=24&_nc_ht=scontent.cdninstagram.com&_nc_ss=786a8&oh=00_Af53A29iQNJKFvZztGFBplFF8umGa0G3lvWYsdt8cI5Omw&oe=6A11296C","https://www.instagram.com/josericardodos46/","josericardodos46","https://www.instagram.com/p/DXkyjneEfDp/c/18082915187102364/","3 sem","Afinal de contas, quem está por trás dessa palhaçada?","Responder","","Curtir"
"https://www.instagram.com/luizsueth/","https://scontent.cdninstagram.com/v/t51.82787-19/681673797_18583639087011396_7632141367159953397_n.jpg?stp=dst-jpg_s150x150_tt6&_nc_cat=106&ccb=7-5&_nc_sid=f7ccc5&efg=eyJ2ZW5jb2RlX3RhZyI6InByb2ZpbGVfcGljLnd3dy43NDEuQzMifQ%3D%3D&_nc_ohc=sXIMsVcu6LAQ7kNvwHT97bB&_nc_oc=AdpIpZGSYZgLcg4t9zG-PHTk-L79YEHAwJ0S4jCLKEtZNrDZYVT097KNYAmmQy0WZpHUNTIs_barSPesmVM8hkCS&_nc_zt=24&_nc_ht=scontent.cdninstagram.com&_nc_gid=JNgIxyY583u2oWb0k8ji7g&_nc_ss=786a8&oh=00_Af7oFCV9aR-vF2KauS_6KYELaKMh4g_OMC7ADjxZFAiy5Q&oe=6A112AA0","https://www.instagram.com/luizsueth/","luizsueth","https://www.instagram.com/p/DXkyjneEfDp/c/18106284982925461/","3 sem","Qual @","Responder","","Curtir"
"https://www.instagram.com/ricardo43mariano/","https://scontent.cdninstagram.com/v/t51.82787-19/686061858_18105133319304260_1967604652419381247_n.jpg?stp=dst-jpg_s150x150_tt6&_nc_cat=107&ccb=7-5&_nc_sid=f7ccc5&efg=eyJ2ZW5jb2RlX3RhZyI6InByb2ZpbGVfcGljLnd3dy4xMDgwLkMzIn0%3D&_nc_ohc=q-mJIUrP_z8Q7kNvwGrAgI2&_nc_oc=AdqYv4WQCLEsdjOJ35MboOpZVnxafOfTJtnFtCWjMaRA5fM09FCS6-69tuMfIqjXiQnhZSJLn2116hBsTOJTc-7V&_nc_zt=24&_nc_ht=scontent.cdninstagram.com&_nc_gid=JNgIxyY583u2oWb0k8ji7g&_nc_ss=786a8&oh=00_Af40zKkJC5yA1NNLNlbyggMv1KsxPXtLpU0UzGjT03Uf_Q&oe=6A1129C8","https://www.instagram.com/ricardo43mariano/","ricardo43mariano","https://www.instagram.com/p/DXkyjneEfDp/c/17939694876032008/","3 sem","PT partido das trevas 😂😂😂😂😂😂😂😂😂","Responder","","Curtir"
"https://www.instagram.com/charlesmoese/","https://scontent.cdninstagram.com/v/t51.2885-19/176629719_4673018726058151_6401244132143357883_n.jpg?stp=dst-jpg_s150x150_tt6&_nc_cat=106&ccb=7-5&_nc_sid=f7ccc5&efg=eyJ2ZW5jb2RlX3RhZyI6InByb2ZpbGVfcGljLnd3dy4xMDgwLkMzIn0%3D&_nc_ohc=0S5p85tAltcQ7kNvwEpvmWh&_nc_oc=AdoD2JM_JgAZnUbR1dzfn9dZXtp9lLyT1_pwQ5Ol-49NsyF3mMapbT8fqyWukCrJMX6-LEgVpzYQACS96zD-KddP&_nc_zt=24&_nc_ht=scontent.cdninstagram.com&_nc_ss=786a8&oh=00_Af7k8Mp73ryYzsMtcNw_GMw_VZ9qVdXZ3ETiWIULZFw93A&oe=6A113DE6","https://www.instagram.com/charlesmoese/","charlesmoese","https://www.instagram.com/p/DXkyjneEfDp/c/18091312541187086/","3 sem","Já vou seguir ela 👏🙌","Responder","","Curtir"
"https://www.instagram.com/marcos.pereira84/","https://scontent.cdninstagram.com/v/t51.82787-19/566327366_18532043176063238_3876910777699141218_n.jpg?stp=dst-jpg_s150x150_tt6&_nc_cat=111&ccb=7-5&_nc_sid=f7ccc5&efg=eyJ2ZW5jb2RlX3RhZyI6InByb2ZpbGVfcGljLnd3dy44MjIuQzMifQ%3D%3D&_nc_ohc=egy2BgDprPUQ7kNvwHoMjds&_nc_oc=AdpLQ8zaw0mjhvZEWY1-HPZJFuITZ0JdunY0umMCzwAJVkfDXvOOdYlEZngN-hhgXbwULxmdDD_PuFwU7Ef-ngpK&_nc_zt=24&_nc_ht=scontent.cdninstagram.com&_nc_gid=JNgIxyY583u2oWb0k8ji7g&_nc_ss=786a8&oh=00_Af75xwT-zbcQPY0ZEXAgG4k8L-dRCp-vcaRrlrbbxhXJYA&oe=6A114206","https://www.instagram.com/marcos.pereira84/","marcos.pereira84","https://www.instagram.com/p/DXkyjneEfDp/c/18095634818170220/","3 sem","Pelo menos o TSE e o STF não pode mandar prender essa kkkkkkkkkkk do que o PT tem medo se isso ""não é verdade"" né  ... Acorda","Responder","","Curtir"
"https://www.instagram.com/karla.adriana.92/","https://scontent.cdninstagram.com/v/t51.82787-19/652769535_18342814276243396_219877487064406303_n.jpg?stp=dst-jpg_s150x150_tt6&_nc_cat=105&ccb=7-5&_nc_sid=f7ccc5&efg=eyJ2ZW5jb2RlX3RhZyI6InByb2ZpbGVfcGljLnd3dy4xMDgwLkMzIn0%3D&_nc_ohc=tWSxRWFAbDkQ7kNvwF9U3Fu&_nc_oc=AdoPgQpH69UE1vPSVeSMQzA_bLPgj56NXGKL_-aAU1T1XcdSS_ad2M9VvrunH8LIAsDFNoIIPRwGVIvaG0VHGz7n&_nc_zt=24&_nc_ht=scontent.cdninstagram.com&_nc_gid=JNgIxyY583u2oWb0k8ji7g&_nc_ss=786a8&oh=00_Af7ESqs-0mjZbeZ-OW2ze08yI5uyDD1mX1G6o6h8UnlALg&oe=6A11423E","https://www.instagram.com/karla.adriana.92/","karla.adriana.92","https://www.instagram.com/p/DXkyjneEfDp/c/18079067189161141/","3 sem","PT é censurado! não aguenta ouvir as verdades !","Responder","","Curtir"
"https://www.instagram.com/mitchelramos7/","https://scontent.cdninstagram.com/v/t51.2885-19/469494617_1782324102567656_4730942630424144280_n.jpg?stp=dst-jpg_s150x150_tt6&_nc_cat=106&ccb=7-5&_nc_sid=f7ccc5&efg=eyJ2ZW5jb2RlX3RhZyI6InByb2ZpbGVfcGljLnd3dy45NTYuQzMifQ%3D%3D&_nc_ohc=hVogkiTThh8Q7kNvwGuHh3Q&_nc_oc=Adop95jzTEvEGfIbd4gefdE6okd5ZIrx2qPhArXr6wozBDDERHK7xEG3icSojyfJJjoO0W9EPDHi596XCwW9cRS7&_nc_zt=24&_nc_ht=scontent.cdninstagram.com&_nc_ss=786a8&oh=00_Af5JmPhIge3tGVTmWd8vRrKjZadRUYqZbGHJKcVUnkkijw&oe=6A11123A","https://www.instagram.com/mitchelramos7/","mitchelramos7","https://www.instagram.com/p/DXkyjneEfDp/c/18098855024016077/","3 sem","Top de mais👏","Responder","","Curtir"
"https://www.instagram.com/nete.reis3090/","https://scontent.cdninstagram.com/v/t51.2885-19/448671297_495660172898350_8557416116303902460_n.jpg?stp=dst-jpg_s150x150_tt6&_nc_cat=109&ccb=7-5&_nc_sid=f7ccc5&efg=eyJ2ZW5jb2RlX3RhZyI6InByb2ZpbGVfcGljLnd3dy4xMDgwLkMzIn0%3D&_nc_ohc=DzAN35GXiuMQ7kNvwEX4Pq5&_nc_oc=Adpt7Se3WRG7NHxe0yFZ3RMiVJl8D1HwO-cUiupGYF-w6vGPrpYvSM3IkaB7h5zcH7ehJOLePNZZqm1h88HIMM7r&_nc_zt=24&_nc_ht=scontent.cdninstagram.com&_nc_ss=786a8&oh=00_Af4r3RzkIiVf4OVw_Q1JhhodY8dArMs8zQrRCWmGEEibdg&oe=6A1110B4","https://www.instagram.com/nete.reis3090/","nete.reis3090","https://www.instagram.com/p/DXkyjneEfDp/c/18109975537843688/","3 sem","👏👏👏👏👏🇧🇷🇧🇷🇧🇷🇧🇷","Responder","","Curtir"
"https://www.instagram.com/cesar_snaiper/","https://scontent.cdninstagram.com/v/t51.2885-19/449017877_801114735096784_8463223595739609960_n.jpg?stp=dst-jpg_s150x150_tt6&_nc_cat=102&ccb=7-5&_nc_sid=f7ccc5&efg=eyJ2ZW5jb2RlX3RhZyI6InByb2ZpbGVfcGljLnd3dy45NDYuQzMifQ%3D%3D&_nc_ohc=sd5kptY_v_QQ7kNvwE6QOop&_nc_oc=AdrDfCFaVbm8BBBe6qQWJQ9NpX3AKATortPIOuciK2hPL8vx-gjciwIkshhqAH0sBfsd2h85XviG4yWB4rQzISW-&_nc_zt=24&_nc_ht=scontent.cdninstagram.com&_nc_ss=786a8&oh=00_Af6XeViFqwLforRjsemLCb27ebdHPp_DZA6snYaQmFvHWw&oe=6A112C08","https://www.instagram.com/cesar_snaiper/","cesar_snaiper","https://www.instagram.com/p/DXkyjneEfDp/c/17901326835265082/","3 sem","Governo corrupto e comunista e isso mesmo","Responder","","Curtir"
"https://www.instagram.com/epaes79/","https://scontent.cdninstagram.com/v/t51.2885-19/43818305_211058409650808_2992784605431463936_n.jpg?stp=dst-jpg_s150x150_tt6&_nc_cat=107&ccb=7-5&_nc_sid=f7ccc5&efg=eyJ2ZW5jb2RlX3RhZyI6InByb2ZpbGVfcGljLnd3dy4xMDgwLkMzIn0%3D&_nc_ohc=up8tWQnplcoQ7kNvwFODTPp&_nc_oc=Adq7JOAkbOJ-iT1Sw7tPvRADYPOXbodz5EiVhjFpNW-L8756wfeODvRv_pQGT0iAvmu0TYOJBhDGDF-rP-yHo_1S&_nc_zt=24&_nc_ht=scontent.cdninstagram.com&_nc_ss=786a8&oh=00_Af4Ht8XnUktctrwN38V07hE8ydAwTM8CinuNO5zorT8VYQ&oe=6A1126D7","https://www.instagram.com/epaes79/","epaes79","https://www.instagram.com/p/DXkyjneEfDp/c/18123710314533029/","3 sem","Nunca falha! Galera que tem foto de perfil usando óculos escuros nunca fala nada de útil.Paises que estão no topo do ranking de IDH possuem politicas desse tipo há anos e chamam de politicas de bem-estar social e se orgulham disso. O problema não está nesse tipo de politica está em seres como você que sentem prazer em ver pessoas passando necessidades. Certeza que você não dá um pio pra mamatas da filhas de militares que recebem pensões gordas, para penduricalhos de juizes e desembargadores, ou os bolsa paleto, bolsa banqueiro.","Responder","","Curtir"
"https://www.instagram.com/roddy_sw/","https://scontent.cdninstagram.com/v/t51.82787-19/695096186_18456470176104933_2477991568882743673_n.jpg?stp=dst-jpg_s150x150_tt6&_nc_cat=103&ccb=7-5&_nc_sid=f7ccc5&efg=eyJ2ZW5jb2RlX3RhZyI6InByb2ZpbGVfcGljLnd3dy4xMDgwLkMzIn0%3D&_nc_ohc=WTajZIznyJQQ7kNvwEciMaL&_nc_oc=Adr72nBB-J6W0NXqrhlrJkHDijpxbn1hBPFsScpFRtTTqolTfzsgoZBtQwwzJ0d39uMWt2WFhz8QlFwqxouX9gZw&_nc_zt=24&_nc_ht=scontent.cdninstagram.com&_nc_gid=JNgIxyY583u2oWb0k8ji7g&_nc_ss=786a8&oh=00_Af5lSm3RCPcWezKsINvMdOa3NUhP7hpwX-dwTE8RAh0EzQ&oe=6A113325","https://www.instagram.com/roddy_sw/","roddy_sw","https://www.instagram.com/p/DXkyjneEfDp/c/17859459297628018/","3 sem","Parei de ver em ""Aqui nessa página não tem fake news ..."" 🙄🙄🙄🙄🙄🙄🙄🙄🙄","Responder","","Curtir"
"https://www.instagram.com/britto.rayzza/","https://scontent.cdninstagram.com/v/t51.2885-19/357284587_3448689682060074_876551184003878732_n.jpg?stp=dst-jpg_s150x150_tt6&_nc_cat=111&ccb=7-5&_nc_sid=f7ccc5&efg=eyJ2ZW5jb2RlX3RhZyI6InByb2ZpbGVfcGljLnd3dy4xMDgwLkMzIn0%3D&_nc_ohc=H_np-PbaPGEQ7kNvwGv2Kxs&_nc_oc=AdpCuxYDfnJMpM92Kg-3W-d43Kv_msx-ULK-8LjMsC9I0ov6wld_Jvzo3TxKoYxPiiSOw_vi5LRcymNKz7V9eFFW&_nc_zt=24&_nc_ht=scontent.cdninstagram.com&_nc_ss=786a8&oh=00_Af5hzdkDJOFEjWxZw3LAG7KhRQ4eSahJjQ867XCT05Dw0Q&oe=6A111C10","https://www.instagram.com/britto.rayzza/","britto.rayzza","https://www.instagram.com/p/DXkyjneEfDp/c/18180111718349172/","3 sem","Eu já fui lá denunciar","Responder","","Curtir"
"https://www.instagram.com/hernane_nogueira85/","https://scontent.cdninstagram.com/v/t51.2885-19/470944799_1528031631236151_290776886112864746_n.jpg?stp=dst-jpg_s150x150_tt6&_nc_cat=102&ccb=7-5&_nc_sid=f7ccc5&efg=eyJ2ZW5jb2RlX3RhZyI6InByb2ZpbGVfcGljLnd3dy4xMDgwLkMzIn0%3D&_nc_ohc=kaRgNcOF2d4Q7kNvwGU-Pml&_nc_oc=AdoaBLeYhPhKi1PTIZaoboCBj7E9SnU4F4HEsIKS6HWvvUCzX0195Zhswndcfk4SNu2O4LCQY-q6gbKs4YRe3o67&_nc_zt=24&_nc_ht=scontent.cdninstagram.com&_nc_ss=786a8&oh=00_Af5sqqYgnTybDuRJpr97Emjf6cu3dnJmPOIm1ppoTLChew&oe=6A111D3B","https://www.instagram.com/hernane_nogueira85/","hernane_nogueira85","https://www.instagram.com/p/DXkyjneEfDp/c/17921873811318011/","3 sem","l@dr@000000","Responder","","Curtir"
"https://www.instagram.com/ronaldocoelho18/","https://scontent.cdninstagram.com/v/t51.82787-19/582079805_18382058773194113_2163866116565346241_n.jpg?stp=dst-jpg_s150x150_tt6&_nc_cat=111&ccb=7-5&_nc_sid=f7ccc5&efg=eyJ2ZW5jb2RlX3RhZyI6InByb2ZpbGVfcGljLnd3dy42NDAuQzMifQ%3D%3D&_nc_ohc=jN28tv9hq-YQ7kNvwHDLFm3&_nc_oc=AdpcN406xSzpq6mIzQd6BnfDBYU3NW9o8SPIIULVbimjXJjbeM4JbyBRWIOHCcWohpoOThz1RUTXYf47MC314HCT&_nc_zt=24&_nc_ht=scontent.cdninstagram.com&_nc_gid=XY4JiJQnh17qa8Ey-owRVg&_nc_ss=786a8&oh=00_Af5NlyU93WZboPyZsrdaDlWcwTl5pqLuqxEMIGHfZFkxdQ&oe=6A111CB6","https://www.instagram.com/ronaldocoelho18/","ronaldocoelho18","https://www.instagram.com/p/DXkyjneEfDp/c/17934055218228851/","3 sem","A diferença que não é do Maria, é um político de direita....","Responder","","Curtir"
"https://www.instagram.com/malavasiricardo/","https://scontent.cdninstagram.com/v/t51.2885-19/318981687_535337681608089_5562268154359255054_n.jpg?stp=dst-jpg_s150x150_tt6&_nc_cat=100&ccb=7-5&_nc_sid=f7ccc5&efg=eyJ2ZW5jb2RlX3RhZyI6InByb2ZpbGVfcGljLnd3dy4xMDgwLkMzIn0%3D&_nc_ohc=1ASfQAgKgW8Q7kNvwGKqLwb&_nc_oc=AdpkV23cNkHSLKBhauahEriCE_o9En0oJqgsG-I5UlQs1ITpPxVeFPbGb_7tKAhYQs9doPIMrxJRuIrnv3z4h22O&_nc_zt=24&_nc_ht=scontent.cdninstagram.com&_nc_ss=786a8&oh=00_Af5h20wuX2iMiRpFFz-a2QE9s2ZL1741Yt-VHZ2MHxfmfQ&oe=6A1135E2","https://www.instagram.com/malavasiricardo/","malavasiricardo","https://www.instagram.com/p/DXkyjneEfDp/c/17888441721470617/","3 sem","Querem te calar Dona Maria🇧🇷🇧🇷","Responder","","Curtir"
"https://www.instagram.com/valdevinobnascimento/","https://scontent.cdninstagram.com/v/t51.2885-19/409579627_875097617734596_3926984714865875322_n.jpg?stp=dst-jpg_s150x150_tt6&_nc_cat=111&ccb=7-5&_nc_sid=f7ccc5&efg=eyJ2ZW5jb2RlX3RhZyI6InByb2ZpbGVfcGljLnd3dy4xMDgwLkMzIn0%3D&_nc_ohc=uqCvFWGdRh4Q7kNvwEv6fXh&_nc_oc=Adrqb3W62vn5mXAyOG8RKOHTfgNmuvf_C6J9tvbkCJ0a4XhNoZRjnJrxmUKrbZ8O9S2hagfex_qwKz-F6KQ13xgj&_nc_zt=24&_nc_ht=scontent.cdninstagram.com&_nc_ss=786a8&oh=00_Af546mhQRZ9CCz3hsZIiUEQoVM7mZuaM_Wyv1c8I0U1vPQ&oe=6A112F88","https://www.instagram.com/valdevinobnascimento/","valdevinobnascimento","https://www.instagram.com/p/DXkyjneEfDp/c/18043866335716483/","3 sem","Parabéns dona Maria tem meu apoio é do povo Brasileiros 👏👏👏👏👏","Responder","","Curtir"
"https://www.instagram.com/raymoura211/","https://scontent.cdninstagram.com/v/t51.2885-19/199385655_494838301837297_1344366183428483626_n.jpg?stp=dst-jpg_s150x150_tt6&_nc_cat=109&ccb=7-5&_nc_sid=f7ccc5&efg=eyJ2ZW5jb2RlX3RhZyI6InByb2ZpbGVfcGljLnd3dy4zNzYuQzMifQ%3D%3D&_nc_ohc=_t0Eu7RuDT8Q7kNvwFnQ-KL&_nc_oc=Adr6Pj5MHeIA9tqkbYkXNLP7uhbLsktDtttUJC-6w6qa6KrEhJUasTFY9j475qjJWwtPqxsG2MjiJj6gpTeIMf39&_nc_zt=24&_nc_ht=scontent.cdninstagram.com&_nc_ss=786a8&oh=00_Af6ArOAkk3bdyM1UZJ0q_6KcvBUcO0gv5StfWIb81u9OsQ&oe=6A1110C7","https://www.instagram.com/raymoura211/","raymoura211","https://www.instagram.com/p/DXkyjneEfDp/c/18109333540847667/","3 sem","Deu medo? Kkkkkk","Responder","","Curtir"
"https://www.instagram.com/raymoura211/","https://scontent.cdninstagram.com/v/t51.2885-19/199385655_494838301837297_1344366183428483626_n.jpg?stp=dst-jpg_s150x150_tt6&_nc_cat=109&ccb=7-5&_nc_sid=f7ccc5&efg=eyJ2ZW5jb2RlX3RhZyI6InByb2ZpbGVfcGljLnd3dy4zNzYuQzMifQ%3D%3D&_nc_ohc=_t0Eu7RuDT8Q7kNvwFnQ-KL&_nc_oc=Adr6Pj5MHeIA9tqkbYkXNLP7uhbLsktDtttUJC-6w6qa6KrEhJUasTFY9j475qjJWwtPqxsG2MjiJj6gpTeIMf39&_nc_zt=24&_nc_ht=scontent.cdninstagram.com&_nc_ss=786a8&oh=00_Af6ArOAkk3bdyM1UZJ0q_6KcvBUcO0gv5StfWIb81u9OsQ&oe=6A1110C7","https://www.instagram.com/raymoura211/","raymoura211","https://www.instagram.com/p/DXkyjneEfDp/c/17931896508072423/","3 sem","Kkkkkkkkkkkkkkkkkkkkkkkkkkkkkkkkkkkkkkkkkkkkkkkkkkkkkkkkkkkkkkkkkkkkkkkkkkkkkkkkkkkkkkkkkkkkkkkkkkkkkkkkkkkkkkkkkkkkkkkkkkkkkkkkkkkkkkkkkkkkkkkkkkkkkkkkkkkkkkkkkkkkkkkkkkkkkkkkkkkkkkkkkkkkkkkkkk","Responder","","Curtir"
"https://www.instagram.com/adriguima72/","https://scontent.cdninstagram.com/v/t51.2885-19/481998998_979434310799988_7045410969943728346_n.jpg?stp=dst-jpg_s150x150_tt6&_nc_cat=110&ccb=7-5&_nc_sid=f7ccc5&efg=eyJ2ZW5jb2RlX3RhZyI6InByb2ZpbGVfcGljLnd3dy4xMDgwLkMzIn0%3D&_nc_ohc=GSLPOmW9xgQQ7kNvwGJ3ayk&_nc_oc=AdrASPVGKzCe8EUGcyxbTtywra9yMoLS37emY-H8ULdnRKea33nzANszS0vyQT-4HxCMuU2Px9yb09JvI0w5Bbk2&_nc_zt=24&_nc_ht=scontent.cdninstagram.com&_nc_ss=786a8&oh=00_Af6CuoIsQlVXtN0jJck0AZumFTF44tUkBYiE8WNsoA6X3w&oe=6A11144D","https://www.instagram.com/adriguima72/","adriguima72","https://www.instagram.com/p/DXkyjneEfDp/c/18112123648836445/","3 sem","😂😂","Responder","","Curtir"
"https://www.instagram.com/sullivansantoscunha/","https://scontent.cdninstagram.com/v/t51.82787-19/618599831_18334945087210734_8249687222803840877_n.jpg?stp=dst-jpg_s150x150_tt6&_nc_cat=104&ccb=7-5&_nc_sid=f7ccc5&efg=eyJ2ZW5jb2RlX3RhZyI6InByb2ZpbGVfcGljLnd3dy4xMDgwLkMzIn0%3D&_nc_ohc=zBNgkgbVCpgQ7kNvwEQLKYQ&_nc_oc=Adqv4AlDzjgA-_ZbAnMMs-C4bwVPJzDrifD6cMZ9lK3zhyVSKk-EaFRmD2Up6s3RYBPuqRU41E2qcc3dFSJh4BF-&_nc_zt=24&_nc_ht=scontent.cdninstagram.com&_nc_gid=XY4JiJQnh17qa8Ey-owRVg&_nc_ss=786a8&oh=00_Af4wK87dNthPzaN3N8f41KafnJ0YW0mAudwKw_bDwCJNEA&oe=6A1145B1","https://www.instagram.com/sullivansantoscunha/","sullivansantoscunha","https://www.instagram.com/p/DXkyjneEfDp/c/18101674877067160/","3 sem","Deixa a dona Maria falar 👍🏻","Responder","","Curtir"
"https://www.instagram.com/gildeandrade.moraes/","https://scontent.cdninstagram.com/v/t51.82787-19/626420078_17998397852903629_3126889635507238648_n.jpg?stp=dst-jpg_s150x150_tt6&_nc_cat=104&ccb=7-5&_nc_sid=f7ccc5&efg=eyJ2ZW5jb2RlX3RhZyI6InByb2ZpbGVfcGljLnd3dy4xMDgwLkMzIn0%3D&_nc_ohc=HQ0UzUN0k1kQ7kNvwEHJJpF&_nc_oc=Adr9dVnM1kgXDeKw9363Mf56AuhzyYZCyLTKPz_28CTp2CL8OCmIlGXVybDY_OQvT0itbMGokLKOfh9A5RX0ChfW&_nc_zt=24&_nc_ht=scontent.cdninstagram.com&_nc_gid=XY4JiJQnh17qa8Ey-owRVg&_nc_ss=786a8&oh=00_Af6QhUqCAB-TZ6mJpr6qkd-UikQqYFGcrmWu-VLfXQbg4A&oe=6A112D36","https://www.instagram.com/gildeandrade.moraes/","gildeandrade.moraes","https://www.instagram.com/p/DXkyjneEfDp/c/18093926738167640/","3 sem","👏🇧🇷","Responder","","Curtir"
"https://www.instagram.com/almirrosapeixoto978/","https://scontent.cdninstagram.com/v/t51.82787-19/659030588_18071928962634089_8103907815207766866_n.jpg?stp=dst-jpg_s150x150_tt6&_nc_cat=100&ccb=7-5&_nc_sid=f7ccc5&efg=eyJ2ZW5jb2RlX3RhZyI6InByb2ZpbGVfcGljLnd3dy4xMDgwLkMzIn0%3D&_nc_ohc=tOECXXHinJcQ7kNvwFVxY6i&_nc_oc=Adr2U2x4lgLBIGt31VIAuxKnnIowMpb_jjP8QqP3KzvEvmv5zrl1Ag1RIy_EZtG-fkLfIWQfTrS9Vj03pa7wjf8S&_nc_zt=24&_nc_ht=scontent.cdninstagram.com&_nc_gid=XY4JiJQnh17qa8Ey-owRVg&_nc_ss=786a8&oh=00_Af5QZMWsLtF2D_bf6rXzuWL8bSetRGkjWiVYwDBIlZtdRg&oe=6A111801","https://www.instagram.com/almirrosapeixoto978/","almirrosapeixoto978","https://www.instagram.com/p/DXkyjneEfDp/c/17902766997417347/","3 sem","👏👏👏👏👏👏👏👏😂","Responder","","Curtir"
"https://www.instagram.com/andrcorra/","https://scontent.cdninstagram.com/v/t51.82787-19/530450627_18123393394472384_653216883953664775_n.jpg?stp=dst-jpg_s150x150_tt6&_nc_cat=110&ccb=7-5&_nc_sid=f7ccc5&efg=eyJ2ZW5jb2RlX3RhZyI6InByb2ZpbGVfcGljLnd3dy4xMDgwLkMzIn0%3D&_nc_ohc=yY_NR5ayaCEQ7kNvwGXFMaX&_nc_oc=AdpUL1FIkWzHTdEIf_YNIL_PbboeV4h_INSf1wlB_sAcf-miD57uhkwx74CbPGcvlEZBtD3DLhKQpXA8y6MjoyrR&_nc_zt=24&_nc_ht=scontent.cdninstagram.com&_nc_gid=XY4JiJQnh17qa8Ey-owRVg&_nc_ss=786a8&oh=00_Af4RdFit4pdWuoaU248D8ao1tGq9GWxiL5r-fEzKIJsv2g&oe=6A112B93","https://www.instagram.com/andrcorra/","andrcorra","https://www.instagram.com/p/DXkyjneEfDp/c/18101280955800802/","3 sem","Eu Prefiro Assistir Os Vídeos Dessa Aqui  Que Pelo Menos é De Verdade é Fala a Verdade Como Muitos Brasileiros.","Responder","","Curtir"
"https://www.instagram.com/maurosouzapenna/","https://scontent.cdninstagram.com/v/t51.2885-19/276173067_646241216677669_8694733373796091562_n.jpg?stp=dst-jpg_s150x150_tt6&_nc_cat=101&ccb=7-5&_nc_sid=f7ccc5&efg=eyJ2ZW5jb2RlX3RhZyI6InByb2ZpbGVfcGljLnd3dy43MjYuQzMifQ%3D%3D&_nc_ohc=ATlx7Osl4L0Q7kNvwF-_Ck3&_nc_oc=AdprusEqQjFawuo0sVf8Ks3w8Yd1L0HU7tjI5wgzRE2Fv4uEnttgMJs6tmAvk_EmzeM_osLKsG0d0EmiVE_28AUF&_nc_zt=24&_nc_ht=scontent.cdninstagram.com&_nc_ss=786a8&oh=00_Af5AdoyxyyAj99t6WgD5qIjLdXJQvUVEEXexLVfTjHt08A&oe=6A112409","https://www.instagram.com/maurosouzapenna/","maurosouzapenna","https://www.instagram.com/p/DXkyjneEfDp/c/18054359129498837/","3 sem","Excelente maravilha 👏👏👏","Responder","","Curtir"
"https://www.instagram.com/jorgeluizquintanaxavierjun/","https://scontent.cdninstagram.com/v/t51.2885-19/292116971_1059849601313897_2373286436267817346_n.jpg?stp=dst-jpg_s150x150_tt6&_nc_cat=109&ccb=7-5&_nc_sid=f7ccc5&efg=eyJ2ZW5jb2RlX3RhZyI6InByb2ZpbGVfcGljLnd3dy43MjAuQzMifQ%3D%3D&_nc_ohc=5b-gGbE4cMkQ7kNvwE9VqvN&_nc_oc=Adp4F5x_oq3b0f_JuJLK-xX3hWGean1KaK7fubauH5h2LEnVhRyWxk_GGCMSjYay60GT5a0DuLSsrtLjAy6asSnJ&_nc_zt=24&_nc_ht=scontent.cdninstagram.com&_nc_ss=786a8&oh=00_Af7aNfrXcc3ADPP7vlzi0lOJdvJ4TN9OgrKP18P9VA0RHw&oe=6A112E81","https://www.instagram.com/jorgeluizquintanaxavierjun/","jorgeluizquintanaxavierjun","https://www.instagram.com/p/DXkyjneEfDp/c/18077750147317529/","3 sem","Bateu o desespero no partido do amor 🤭🤣","Responder","","Curtir"
"https://www.instagram.com/doralicesilvadossantos410/","https://scontent.cdninstagram.com/v/t51.2885-19/470894549_910695764541236_1980856231935931189_n.jpg?stp=dst-jpg_s150x150_tt6&_nc_cat=103&ccb=7-5&_nc_sid=f7ccc5&efg=eyJ2ZW5jb2RlX3RhZyI6InByb2ZpbGVfcGljLnd3dy4xMDgwLkMzIn0%3D&_nc_ohc=Eg871vCeEqAQ7kNvwFSMOsZ&_nc_oc=AdoTgpk4wdLWF8ShQK3L_wr19Xdi3XeGtdnJav-k6CLQ6dEdA-FDBcUfVcta2jGS_bPF92aVCaz5hS7ozet19t2f&_nc_zt=24&_nc_ht=scontent.cdninstagram.com&_nc_ss=786a8&oh=00_Af77xpmskV5u8FdCI1JUU00RTOR_aBkDBDGoaOU9F6FuFA&oe=6A1116D9","https://www.instagram.com/doralicesilvadossantos410/","doralicesilvadossantos410","https://www.instagram.com/p/DXkyjneEfDp/c/17931797049071106/","3 sem","Lula presidente outra vez em 2026","Responder","","Curtir"
"https://www.instagram.com/doralicesilvadossantos410/","https://scontent.cdninstagram.com/v/t51.2885-19/470894549_910695764541236_1980856231935931189_n.jpg?stp=dst-jpg_s150x150_tt6&_nc_cat=103&ccb=7-5&_nc_sid=f7ccc5&efg=eyJ2ZW5jb2RlX3RhZyI6InByb2ZpbGVfcGljLnd3dy4xMDgwLkMzIn0%3D&_nc_ohc=Eg871vCeEqAQ7kNvwFSMOsZ&_nc_oc=AdoTgpk4wdLWF8ShQK3L_wr19Xdi3XeGtdnJav-k6CLQ6dEdA-FDBcUfVcta2jGS_bPF92aVCaz5hS7ozet19t2f&_nc_zt=24&_nc_ht=scontent.cdninstagram.com&_nc_ss=786a8&oh=00_Af77xpmskV5u8FdCI1JUU00RTOR_aBkDBDGoaOU9F6FuFA&oe=6A1116D9","https://www.instagram.com/doralicesilvadossantos410/","doralicesilvadossantos410","https://www.instagram.com/p/DXkyjneEfDp/c/17941833660195310/","3 sem","Parabéns dona Maria,,,vc tem toda razão","Responder","","Curtir"
"https://www.instagram.com/ailton_presidio/","https://scontent.cdninstagram.com/v/t51.82787-19/551177789_18528906901063707_732448147707764848_n.jpg?stp=dst-jpg_s150x150_tt6&_nc_cat=106&ccb=7-5&_nc_sid=f7ccc5&efg=eyJ2ZW5jb2RlX3RhZyI6InByb2ZpbGVfcGljLnd3dy40NDAuQzMifQ%3D%3D&_nc_ohc=c2ef4EfGN80Q7kNvwHA-wed&_nc_oc=Ado0DsnSr2EglRaljf4m7wYGdlrU766tgnV5nWaWG5rMvrKVGhK40Rrr7MohYgsBlrh048bevFEeBDtHd7mY6-l6&_nc_zt=24&_nc_ht=scontent.cdninstagram.com&_nc_gid=R2UDx0k8EKpRrdKs5mQ42A&_nc_ss=786a8&oh=00_Af5Du5F8BA5lH7ON5OGJs5ngIYNHc10v7KqbdNg7ZNvvuQ&oe=6A1112FA","https://www.instagram.com/ailton_presidio/","ailton_presidio","https://www.instagram.com/p/DXkyjneEfDp/c/18373119679207889/","3 sem","Valeu PT.. já comecei a seguir aqui 😂","Responder","","Curtir"
"https://www.instagram.com/teinhabil/","https://scontent.cdninstagram.com/v/t51.82787-19/548915803_18375834550178490_7334204828103687246_n.jpg?stp=dst-jpg_s150x150_tt6&_nc_cat=102&ccb=7-5&_nc_sid=f7ccc5&efg=eyJ2ZW5jb2RlX3RhZyI6InByb2ZpbGVfcGljLnd3dy4xMDgwLkMzIn0%3D&_nc_ohc=8PmTWMNEQk4Q7kNvwEYR4lF&_nc_oc=AdoRWxmD_fdkvnA-_FDYmR_sHLn0hKQiv_0GarijkJ1tI5OT4AEMT_kv3Wyr2pZjD8NBWZ6MplU78W59WbvtHIKe&_nc_zt=24&_nc_ht=scontent.cdninstagram.com&_nc_gid=R2UDx0k8EKpRrdKs5mQ42A&_nc_ss=786a8&oh=00_Af6pAnhNVppYWZ-RGfS2OyMQBZtkzGRgPlvyA-2PTSsuUA&oe=6A113164","https://www.instagram.com/teinhabil/","teinhabil","https://www.instagram.com/p/DXkyjneEfDp/c/18092668094605259/","3 sem","O perfil por si só, ja é uma piada, uma preta falando mal da esquerda, é o cúmulo mesmo!🙄","Responder","","Curtir"
"https://www.instagram.com/pastortatagiba/","https://scontent.cdninstagram.com/v/t51.2885-19/454338636_1018446982845488_6429726727268725123_n.jpg?stp=dst-jpg_s150x150_tt6&_nc_cat=104&ccb=7-5&_nc_sid=f7ccc5&efg=eyJ2ZW5jb2RlX3RhZyI6InByb2ZpbGVfcGljLnd3dy4zMjAuQzMifQ%3D%3D&_nc_ohc=YRTdOYMlndsQ7kNvwEFAIrp&_nc_oc=AdoujnTAKkg2nFqcXQYdZ-X6bzuwTgT8nvNRms7Pshy8tBRHmeP5Q_CdmfhKkyncELjc9Z_tawlLFaRp0S-ti63W&_nc_zt=24&_nc_ht=scontent.cdninstagram.com&_nc_ss=786a8&oh=00_Af4zvPMZy0znpK8sDUFseAdLl1GMQN-tOGiuJ2gvjvJ2hQ&oe=6A1118AA","https://www.instagram.com/pastortatagiba/","pastortatagiba","https://www.instagram.com/p/DXkyjneEfDp/c/18066153239679823/","3 sem","😂😂😂😂😂😂","Responder","","Curtir"
"https://www.instagram.com/osvaldo.filho.adv/","https://scontent.cdninstagram.com/v/t51.75761-19/494474127_18500241145017205_4280711206409851226_n.jpg?stp=dst-jpg_s150x150_tt6&_nc_cat=101&ccb=7-5&_nc_sid=f7ccc5&efg=eyJ2ZW5jb2RlX3RhZyI6InByb2ZpbGVfcGljLnd3dy4xMDgwLkMzIn0%3D&_nc_ohc=CXthvZdnPJkQ7kNvwGoVxXv&_nc_oc=AdpKmSptA-FQBl9D5GwxkVEk45ArNXvtR6rw3RTBTxEQu1eOC91lnDkZGn4GSJFOcZAyFFTlhths9ctICWvMVIsw&_nc_zt=24&_nc_ht=scontent.cdninstagram.com&_nc_gid=R2UDx0k8EKpRrdKs5mQ42A&_nc_ss=786a8&oh=00_Af40gAR5zh4VbRRhYiFDxV8cndzJWFGz75ELzJJCNOhOtA&oe=6A11301E","https://www.instagram.com/osvaldo.filho.adv/","osvaldo.filho.adv","https://www.instagram.com/p/DXkyjneEfDp/c/18374407594165965/","3 sem","👏👏👏👏👏👏👏👏👏🇧🇷","Responder","","Curtir"
"https://www.instagram.com/brunovillaslobos/","https://scontent.cdninstagram.com/v/t51.82787-19/555299866_18019540952765713_3506976536302670398_n.jpg?stp=dst-jpg_s150x150_tt6&_nc_cat=100&ccb=7-5&_nc_sid=f7ccc5&efg=eyJ2ZW5jb2RlX3RhZyI6InByb2ZpbGVfcGljLnd3dy4xMDgwLkMzIn0%3D&_nc_ohc=RkdY3kkHWlMQ7kNvwGV9iAa&_nc_oc=AdrHjtvfWVZN8bLJG8FH271F5qwQmSryMv1PEn5o7YlDorz_TtnvfvzUp9IXzmbDJLhXKV05aEfaIVDoIL3SIpva&_nc_zt=24&_nc_ht=scontent.cdninstagram.com&_nc_gid=R2UDx0k8EKpRrdKs5mQ42A&_nc_ss=786a8&oh=00_Af7mDs9ur7iOMBGMfzHZYP4Cc1htInNH6VFsT1m5yFdMfA&oe=6A110F86","https://www.instagram.com/brunovillaslobos/","brunovillaslobos","https://www.instagram.com/p/DXkyjneEfDp/c/18138213859517515/","3 sem","Qual é o arroba?","Responder","","Curtir"
"https://www.instagram.com/infosat8/","https://scontent.cdninstagram.com/v/t51.2885-19/39226645_1983032155122713_2782127712376979456_n.jpg?stp=dst-jpg_s150x150_tt6&_nc_cat=101&ccb=7-5&_nc_sid=f7ccc5&efg=eyJ2ZW5jb2RlX3RhZyI6InByb2ZpbGVfcGljLnd3dy43ODYuQzMifQ%3D%3D&_nc_ohc=RLjqzVoxtooQ7kNvwFCjiqx&_nc_oc=AdouFny09ymgoWDrARjAScxGZSRZEiv7IJextxPGuqI4-OyCY4S12aqvgMpiB3YrdZo5q9RcTEADJlD1HvJI5Vdh&_nc_zt=24&_nc_ht=scontent.cdninstagram.com&_nc_ss=786a8&oh=00_Af7lozvLyvInXp_D_9xM3URXYUJAj1-x07zKrwaGobtTNw&oe=6A111799","https://www.instagram.com/infosat8/","infosat8","https://www.instagram.com/p/DXkyjneEfDp/c/18357116581230807/","3 sem","👏👏👏👏👏👏","Responder","","Curtir"
"https://www.instagram.com/rogerio_frf/","https://scontent.cdninstagram.com/v/t51.82787-19/681263313_17919639159347427_6055315549472107923_n.jpg?stp=dst-jpg_s150x150_tt6&_nc_cat=104&ccb=7-5&_nc_sid=f7ccc5&efg=eyJ2ZW5jb2RlX3RhZyI6InByb2ZpbGVfcGljLnd3dy4zNDcuQzMifQ%3D%3D&_nc_ohc=AozrO4DnadsQ7kNvwHF0gHW&_nc_oc=AdrPs6A3KWyzWXcZ2Z9ttEg73kxVt2upbFWTIxJFbKAVSn_8WHqDzkY8Bg0Kd1P3JVqf8h0en7ay_GKe6sZaLXZP&_nc_zt=24&_nc_ht=scontent.cdninstagram.com&_nc_gid=R2UDx0k8EKpRrdKs5mQ42A&_nc_ss=786a8&oh=00_Af716Hph2tBIOV-HkBeQJeUcJTzW9zUO0k_Aduf_fGA_0w&oe=6A1136BC","https://www.instagram.com/rogerio_frf/","rogerio_frf","https://www.instagram.com/p/DXkyjneEfDp/c/17915703510163023/","3 sem","A democracia nos moldes chinês, que o PT e sua turma defende é: CALAR opositores, pra que eles se perpetuarem no poder e porem seus comparsas nas instituições, para se blindarem da justiça...","Responder","","Curtir"
"https://www.instagram.com/patricia_gomez/","https://scontent.cdninstagram.com/v/t51.75761-19/514012266_18515457142010767_1803232965430984991_n.jpg?stp=dst-jpg_s150x150_tt6&_nc_cat=111&ccb=7-5&_nc_sid=f7ccc5&efg=eyJ2ZW5jb2RlX3RhZyI6InByb2ZpbGVfcGljLnd3dy4xMDgwLkMzIn0%3D&_nc_ohc=HAzDSD-lUsQQ7kNvwHpP6uN&_nc_oc=Adrq4Lfjq_GACKohfp1PR1h67paCzvvJuehh5z9hfww0h5ZpzebVIdZe_h6ly_j2tBCzDtBEJtKO35xC6uJ65nTv&_nc_zt=24&_nc_ht=scontent.cdninstagram.com&_nc_gid=R2UDx0k8EKpRrdKs5mQ42A&_nc_ss=786a8&oh=00_Af6HCMFgJcN3dc0KgSyPikaFUJen7tRW5J0HtrEZISs4nw&oe=6A113D2E","https://www.instagram.com/patricia_gomez/","patricia_gomez","https://www.instagram.com/p/DXkyjneEfDp/c/18089899829260985/","3 sem","Eles mesmo q criaram? Não entendi 🤡🫢😂","Responder","","Curtir"
"https://www.instagram.com/0liver2711/","https://scontent.cdninstagram.com/v/t51.82787-19/689330043_18583669888063711_3116465983640188717_n.jpg?stp=dst-jpg_s150x150_tt6&_nc_cat=108&ccb=7-5&_nc_sid=f7ccc5&efg=eyJ2ZW5jb2RlX3RhZyI6InByb2ZpbGVfcGljLnd3dy4xMDgwLkMzIn0%3D&_nc_ohc=qnbiybBN_hYQ7kNvwEc9Sch&_nc_oc=Adoi7uqciGPtIvWmd7B7G3naRM1xU9lj24EckRB4jqdcS3ay3pQq-thsQPQoO0AVj--5Vem3_PQrB6OQ44iLxY54&_nc_zt=24&_nc_ht=scontent.cdninstagram.com&_nc_gid=R2UDx0k8EKpRrdKs5mQ42A&_nc_ss=786a8&oh=00_Af4Vve2JZ_abdiUp6-lX0rxPH_1Ypx_BJBSovzPW6s9oMg&oe=6A113CED","https://www.instagram.com/0liver2711/","0liver2711","https://www.instagram.com/p/DXkyjneEfDp/c/17879555634563157/","3 sem","É impressão minha ou o povo está com saudades da fila do osso, ou de quando o pacote de arroz foi a 37,90, óleo de soja, 15,90, carne de 2°, 39,50 kl, leite, 6,90 litros e outros preços absurdos na época do Bolsonaro. Agora querem novamente um cara que tem experiência apenas em rachadinhas e mais NADA.","Responder","","Curtir"
"https://www.instagram.com/helenamariade.araujo/","https://scontent.cdninstagram.com/v/t51.2885-19/448218143_1169183044222014_8368206027032188361_n.jpg?stp=dst-jpg_s150x150_tt6&_nc_cat=108&ccb=7-5&_nc_sid=f7ccc5&efg=eyJ2ZW5jb2RlX3RhZyI6InByb2ZpbGVfcGljLnd3dy45NTYuQzMifQ%3D%3D&_nc_ohc=clQuaFtSOUIQ7kNvwHMg1h4&_nc_oc=AdqzCxE3Qdefb7vVPMtgyBUtHjomfy-pWmTFYr6BnHGJXFGTV7CO_IFb0sPU0yaWVs8wC97SxOPDPxZrTup-nKqy&_nc_zt=24&_nc_ht=scontent.cdninstagram.com&_nc_ss=786a8&oh=00_Af5ulFQxXoaYpRVq-qXP6FJYXbL0kXyryYjiezprosuo6w&oe=6A1141C1","https://www.instagram.com/helenamariade.araujo/","helenamariade.araujo","https://www.instagram.com/p/DXkyjneEfDp/c/18115557748737025/","3 sem","Flávio Bolsonaro, presidente 🇧🇷🇧🇷","Responder","","Curtir"
"https://www.instagram.com/dorivallima_pinturas/","https://scontent.cdninstagram.com/v/t51.82787-19/636713740_18093070190288324_9190318261778835640_n.jpg?stp=dst-jpg_s150x150_tt6&_nc_cat=102&ccb=7-5&_nc_sid=f7ccc5&efg=eyJ2ZW5jb2RlX3RhZyI6InByb2ZpbGVfcGljLnd3dy4xMDI0LkMzIn0%3D&_nc_ohc=eY4AqMmKKvYQ7kNvwFkMzNG&_nc_oc=AdpXCnSQCaCpTcD6W-tIdkUV036Qln4FIl0kUDtr8tE9gNgzPDx6wTz5SPR5QytiUFVsHV6ZSy5xy87nFbLFNyiA&_nc_zt=24&_nc_ht=scontent.cdninstagram.com&_nc_gid=R2UDx0k8EKpRrdKs5mQ42A&_nc_ss=786a8&oh=00_Af4TKbMRCK9c-eCbVaDhVDYAxvbUNwe1YLUHlH1AunN2YA&oe=6A111E95","https://www.instagram.com/dorivallima_pinturas/","dorivallima_pinturas","https://www.instagram.com/p/DXkyjneEfDp/c/18083085266078757/","3 sem","O problema da esquerda é não  ter argumentos e vive a mentir. Nao fez nada pelo país e são todos, mas todos mesmo incompetentes. Estão tirando proveito dos cargos para enriquecimento próprios. Então quem nao tem competência e argumentos vai a uma justiça ja comprada e comprometida até  o pescoço  para barrar a verdade.  O resultado ja estamos vendo a cada semana. A máfia sendo desmascarada. E quanto mais eles tentam se blindar, mais surge algo novo para desmacará-los.","Responder","","Curtir"
"https://www.instagram.com/zemaria_teixeira/","https://scontent.cdninstagram.com/v/t51.82787-19/639817688_18324618886300934_2566216695067129456_n.jpg?stp=dst-jpg_s150x150_tt6&_nc_cat=102&ccb=7-5&_nc_sid=f7ccc5&efg=eyJ2ZW5jb2RlX3RhZyI6InByb2ZpbGVfcGljLnd3dy4xMDE0LkMzIn0%3D&_nc_ohc=N8Lg93ngL0IQ7kNvwFVRmba&_nc_oc=AdoH4rJDpbMWAgngFYytdtm2ibia7rRyql0WQGGgHEpVUXeGbCoRUIuumLhQ3ybrgWVdyo2kXLVOBqEZvxvy8iF1&_nc_zt=24&_nc_ht=scontent.cdninstagram.com&_nc_gid=R2UDx0k8EKpRrdKs5mQ42A&_nc_ss=786a8&oh=00_Af71UuJoa2hAvptUqDpOBcNTDIXvDo-BvzyHsGBtEzYy7g&oe=6A1129A9","https://www.instagram.com/zemaria_teixeira/","zemaria_teixeira","https://www.instagram.com/p/DXkyjneEfDp/c/18002766236876278/","3 sem","Motivo pelo qual não passou pelo sufoco da Covid, nem teve que enfrentar a fila do osso!","Responder","","Curtir"
"https://www.instagram.com/carlosinstasilva/","https://scontent.cdninstagram.com/v/t51.82787-19/671102544_18086564300579979_3778979246727854318_n.jpg?stp=dst-jpg_s150x150_tt6&_nc_cat=111&ccb=7-5&_nc_sid=f7ccc5&efg=eyJ2ZW5jb2RlX3RhZyI6InByb2ZpbGVfcGljLnd3dy4xMDgwLkMzIn0%3D&_nc_ohc=VYUatzm5wQMQ7kNvwGfIBdf&_nc_oc=Adpa09WNGwuOh4dwR6IoqJ8YDBRO5ddrH_EfTEYtXB4E47yNWuveUxj8EWXk6pSuUDDl0IT-OkUdwxb-MOyErR6e&_nc_zt=24&_nc_ht=scontent.cdninstagram.com&_nc_gid=R2UDx0k8EKpRrdKs5mQ42A&_nc_ss=786a8&oh=00_Af6Be0AQXs8pq8IXguZ-ZiBXaOsnjgB6JI5wzZKJCluJUA&oe=6A110F62","https://www.instagram.com/carlosinstasilva/","carlosinstasilva","https://www.instagram.com/p/DXkyjneEfDp/c/18209843800328551/","3 sem","PT não suporta a VERDADE","Responder","","Curtir"
"https://www.instagram.com/eujosuevelloso/","https://scontent.cdninstagram.com/v/t51.2885-19/489995539_1193655175757487_8833591726606911060_n.jpg?stp=dst-jpg_s150x150_tt6&_nc_cat=101&ccb=7-5&_nc_sid=f7ccc5&efg=eyJ2ZW5jb2RlX3RhZyI6InByb2ZpbGVfcGljLnd3dy4xMDgwLkMzIn0%3D&_nc_ohc=xiAsgmMo0wkQ7kNvwGxyEp_&_nc_oc=Adrrz19hdYxaHuEMq7jU6QGh3-JNA1Q9Se-VZX1gO948oVgTlbqi76x-wkkwRebyNdnb8XPw254gWhc8nNd20AD8&_nc_zt=24&_nc_ht=scontent.cdninstagram.com&_nc_ss=786a8&oh=00_Af4WY172RWPhKWzReYn0oxng0JN7j8IXpZFBqZk8sZURYw&oe=6A1129D8","https://www.instagram.com/eujosuevelloso/","eujosuevelloso","https://www.instagram.com/p/DXkyjneEfDp/c/18120286321566038/","3 sem","Esquerda é câncer","Responder","","Curtir"
"https://www.instagram.com/junior_cesar_arts/","https://scontent.cdninstagram.com/v/t51.82787-19/673112183_17986880657976085_4257468670463832569_n.jpg?stp=dst-jpg_s150x150_tt6&_nc_cat=101&ccb=7-5&_nc_sid=f7ccc5&efg=eyJ2ZW5jb2RlX3RhZyI6InByb2ZpbGVfcGljLnd3dy4xMDgwLkMzIn0%3D&_nc_ohc=Afnb5VMIlgcQ7kNvwHl141N&_nc_oc=AdqwyeImdTL3P0IZ3nBWZjN78QWPjsMR-O_Xp-S7Qefpw072H-3Y-cjvvm3UzJN2myiHDf9ehZS7Hi5WIXb7Barc&_nc_zt=24&_nc_ht=scontent.cdninstagram.com&_nc_gid=DiFVaKVhK52ttEUyu4Hqeg&_nc_ss=786a8&oh=00_Af5rvd3RkiJlIWV-WY6XBvGIxYU4SXhk0ekvhJAnlHy0wQ&oe=6A113699","https://www.instagram.com/junior_cesar_arts/","junior_cesar_arts","https://www.instagram.com/p/DXkyjneEfDp/c/17923276836312130/","3 sem","Meu pau","Responder","","Curtir"
"https://www.instagram.com/alyssonscorrea/","https://scontent.cdninstagram.com/v/t51.2885-19/483600863_1559533081400729_8092582921772074463_n.jpg?stp=dst-jpg_s150x150_tt6&_nc_cat=100&ccb=7-5&_nc_sid=f7ccc5&efg=eyJ2ZW5jb2RlX3RhZyI6InByb2ZpbGVfcGljLnd3dy4zMjAuQzMifQ%3D%3D&_nc_ohc=RWvMJiNkES4Q7kNvwGVo8ci&_nc_oc=Adr3iv_ckPcegvFPjfn43S-PSJmC_QSmK-VpQ_fNZR9gbXfKl6wyk3CRySMsKCL7svCGyo1sXIsxN9dz6gt6H_wC&_nc_zt=24&_nc_ht=scontent.cdninstagram.com&_nc_ss=786a8&oh=00_Af7dKJxkaxRaQM5CFsdsANW_vj2yx5EQexwhGP31jGge8g&oe=6A112396","https://www.instagram.com/alyssonscorrea/","alyssonscorrea","https://www.instagram.com/p/DXkyjneEfDp/c/18077953805535569/","3 sem","@ da página?","Responder","","Curtir"
"https://www.instagram.com/betorocha_022/","https://scontent.cdninstagram.com/v/t51.82787-19/573102717_17958162113991845_1279565369435900100_n.jpg?stp=dst-jpg_s150x150_tt6&_nc_cat=111&ccb=7-5&_nc_sid=f7ccc5&efg=eyJ2ZW5jb2RlX3RhZyI6InByb2ZpbGVfcGljLnd3dy4xMDgwLkMzIn0%3D&_nc_ohc=ETC9bMy6IrsQ7kNvwHAQxBC&_nc_oc=AdoLaBmyREWdYzmo2ESAUwUNiSpAvuNXKMzF-9A4gWm-vz-gOkO_qKTY9jVP6OH2WByVAeAWZ2hpdBvsru14Tso4&_nc_zt=24&_nc_ht=scontent.cdninstagram.com&_nc_gid=DiFVaKVhK52ttEUyu4Hqeg&_nc_ss=786a8&oh=00_Af5PdOD52r4vmfLvTsg-JsdjMoOiZRBWHzWwaPaRn70xXg&oe=6A11346D","https://www.instagram.com/betorocha_022/","betorocha_022","https://www.instagram.com/p/DXkyjneEfDp/c/18070595207309181/","3 sem","só relembrar o povo o que o Larápio fez no mensalão e petrolão, q é Flávio Bolsonaro no primeiro turno 🇧🇷","2 curtidas","Responder","Curtir"
"https://www.instagram.com/jeffsimmons_3d/","https://scontent.cdninstagram.com/v/t51.82787-19/587819190_18114979309590148_4884147185178899291_n.jpg?stp=dst-jpg_s150x150_tt6&_nc_cat=105&ccb=7-5&_nc_sid=f7ccc5&efg=eyJ2ZW5jb2RlX3RhZyI6InByb2ZpbGVfcGljLnd3dy4xMDgwLkMzIn0%3D&_nc_ohc=TT2fUdWX3JAQ7kNvwHfnyc9&_nc_oc=Adrs3qMfY-L_yiCeCrEOZpMOBT81qtuFZeFgzekkNdOUJXSjmg7TGp36RULOwFd3Va8o6LTnEH8dNH__obFP9_q_&_nc_zt=24&_nc_ht=scontent.cdninstagram.com&_nc_gid=DiFVaKVhK52ttEUyu4Hqeg&_nc_ss=786a8&oh=00_Af5pLY6L_o-J4yGQREfXDaqHTvz5dGEJEI12UUxH0nP_pQ&oe=6A11241F","https://www.instagram.com/jeffsimmons_3d/","jeffsimmons_3d","https://www.instagram.com/p/DXkyjneEfDp/c/18177987223385872/","3 sem","Valeu por divulgar, ja vou seguir.","Responder","","Curtir"
"https://www.instagram.com/ledamoli/","https://scontent.cdninstagram.com/v/t51.82787-19/610638139_18377042887158982_4543959294135435363_n.jpg?stp=dst-jpg_s150x150_tt6&_nc_cat=106&ccb=7-5&_nc_sid=f7ccc5&efg=eyJ2ZW5jb2RlX3RhZyI6InByb2ZpbGVfcGljLnd3dy4xMDgwLkMzIn0%3D&_nc_ohc=TSiaPGghd8EQ7kNvwEs1k81&_nc_oc=AdrN86-BwbBpHAkIqu27USiTXmD7WAPGTmGY3f0ozAEr2zzG8FRkXEuyfTH07zG7XUp-p78-bg3Pbo4LTVxNLcbk&_nc_zt=24&_nc_ht=scontent.cdninstagram.com&_nc_gid=DiFVaKVhK52ttEUyu4Hqeg&_nc_ss=786a8&oh=00_Af4f0vZq7mAwYS3OotGboQSURHLkdx4Yx1Q8wO9n5SIJbA&oe=6A1115A9","https://www.instagram.com/ledamoli/","ledamoli","https://www.instagram.com/p/DXkyjneEfDp/c/18157055797451175/","3 sem","Tem que acionar o TSE para propaganda eleitoral antecipada na tv do governo, só verdades","Responder","","Curtir"
"https://www.instagram.com/linemartins29/","https://scontent.cdninstagram.com/v/t51.2885-19/454837821_311459111988250_4737382188546209854_n.jpg?stp=dst-jpg_s150x150_tt6&_nc_cat=107&ccb=7-5&_nc_sid=f7ccc5&efg=eyJ2ZW5jb2RlX3RhZyI6InByb2ZpbGVfcGljLnd3dy4zNjguQzMifQ%3D%3D&_nc_ohc=RPF6JYunjfwQ7kNvwEr6ApG&_nc_oc=AdrOohivZV0_Whh7zQQwZmH6JC8RcuF2rSoXo5ka6uAw9U-RXauu2We3AyBrFHIeHGIhyQU8R9jOxV-2vuDyMlLz&_nc_zt=24&_nc_ht=scontent.cdninstagram.com&_nc_ss=786a8&oh=00_Af6YkvIFtti0ybONVml0kAWCHXIEhOkaWOS2RzqK4eWOEw&oe=6A111CEF","https://www.instagram.com/linemartins29/","linemartins29","https://www.instagram.com/p/DXkyjneEfDp/c/18095566676129305/","3 sem","Tomara que o TSE derrube !","Responder","","Curtir"
"https://www.instagram.com/odiogao/","https://scontent.cdninstagram.com/v/t51.82787-19/656291897_18050841911511630_6756822471082922827_n.jpg?stp=dst-jpg_s150x150_tt6&_nc_cat=110&ccb=7-5&_nc_sid=f7ccc5&efg=eyJ2ZW5jb2RlX3RhZyI6InByb2ZpbGVfcGljLnd3dy4xMDgwLkMzIn0%3D&_nc_ohc=-w1X7v4RpoQQ7kNvwF54zrN&_nc_oc=AdrVuF_rYB-54-cD7j__uzF4_6oo1xeebzX-T8-fI6k1oaF2KFSFdb4ifljh1ad08G_SCGMLyIVyhNr_5P9f_nmG&_nc_zt=24&_nc_ht=scontent.cdninstagram.com&_nc_gid=DiFVaKVhK52ttEUyu4Hqeg&_nc_ss=786a8&oh=00_Af6FRnaI6rxKa7S_xs5A6mM0d4bhgxweg0N9o7eTFdwJhA&oe=6A113D1F","https://www.instagram.com/odiogao/","odiogao","https://www.instagram.com/p/DXkyjneEfDp/c/18115617886688131/","3 sem","sem mentiras a direita não existe.","Responder","","Curtir"
"https://www.instagram.com/ednaafonso42/","https://scontent.cdninstagram.com/v/t51.2885-19/313371836_930083281295044_3612502020974970701_n.jpg?stp=dst-jpg_s150x150_tt6&_nc_cat=102&ccb=7-5&_nc_sid=f7ccc5&efg=eyJ2ZW5jb2RlX3RhZyI6InByb2ZpbGVfcGljLnd3dy43MjAuQzMifQ%3D%3D&_nc_ohc=-UCs45nWj1YQ7kNvwFllDFe&_nc_oc=AdoQhZNVnb8aK4Lqt4ObIFQRYKEHknpSBcjJXm56Dpz7X3YCh79537wWHVPDsUtgwdrFD2R4ONw6PibnM2GJgeSy&_nc_zt=24&_nc_ht=scontent.cdninstagram.com&_nc_ss=786a8&oh=00_Af5R0NCFe5VIohDKpZcElXk78gqa31W3tx4Y8wLEOW5Snw&oe=6A1142B2","https://www.instagram.com/ednaafonso42/","ednaafonso42","https://www.instagram.com/p/DXkyjneEfDp/c/18089542142244356/","3 sem","Que tenham mais donas Maria!! Chega de atraso nesse país.","Responder","","Curtir"
"https://www.instagram.com/don.juanjc/","https://scontent.cdninstagram.com/v/t51.82787-19/649735213_18189592255361587_270863841905599852_n.jpg?stp=dst-jpg_s150x150_tt6&_nc_cat=110&ccb=7-5&_nc_sid=f7ccc5&efg=eyJ2ZW5jb2RlX3RhZyI6InByb2ZpbGVfcGljLnd3dy4xMDgwLkMzIn0%3D&_nc_ohc=BgKMg0mCa_cQ7kNvwF8VhAw&_nc_oc=AdocgamK45PqyUOLQaaDXTo8dT2wqOIXqLrVKlg9vz-1A5tvYizOK_RP6-RpiZ4lA5w40asFFiI3Riykk5uFyusC&_nc_zt=24&_nc_ht=scontent.cdninstagram.com&_nc_gid=DiFVaKVhK52ttEUyu4Hqeg&_nc_ss=786a8&oh=00_Af7MhVkHMFZeIdRWFSJ_s4Braf5UmX-5-D_d6eE3y1PfgQ&oe=6A114081","https://www.instagram.com/don.juanjc/","don.juanjc","https://www.instagram.com/p/DXkyjneEfDp/c/17926523586280015/","3 sem","A esquerda é retardada mental 😂","Responder","","Curtir"
"https://www.instagram.com/ph.silva.66/","https://scontent.cdninstagram.com/v/t51.2885-19/95104358_525854598096073_8382073520791748608_n.jpg?stp=dst-jpg_s150x150_tt6&_nc_cat=102&ccb=7-5&_nc_sid=f7ccc5&efg=eyJ2ZW5jb2RlX3RhZyI6InByb2ZpbGVfcGljLnd3dy4xMDgwLkMzIn0%3D&_nc_ohc=kH6mV28Ce5wQ7kNvwEIICsq&_nc_oc=AdpuPmEu2kQoXtKA3tCOkJ5sB-SgPGogxFFuBCjy62budUYaRZUO_sayFUA__GVIwUP1iDozDbepWsd3wr9HJ8mq&_nc_zt=24&_nc_ht=scontent.cdninstagram.com&_nc_ss=786a8&oh=00_Af4zJbGImu8w0NLUgyNUxvy12ruoSVR9vP5bSqo9_nuOJA&oe=6A11298B","https://www.instagram.com/ph.silva.66/","ph.silva.66","https://www.instagram.com/p/DXkyjneEfDp/c/18131158243497188/","3 sem","Força dona Maria, estamos juntos!!!","Responder","","Curtir"
"https://www.instagram.com/herculesbarnabe/","https://scontent.cdninstagram.com/v/t51.82787-19/533252841_18283335772284793_839537673886678243_n.jpg?stp=dst-jpg_s150x150_tt6&_nc_cat=101&ccb=7-5&_nc_sid=f7ccc5&efg=eyJ2ZW5jb2RlX3RhZyI6InByb2ZpbGVfcGljLnd3dy4xMDgwLkMzIn0%3D&_nc_ohc=aaDPDUcxf4MQ7kNvwG71Hbj&_nc_oc=Adrfpls8w7EEOH6YjAFZXJyse_SXSIFxLEJ0V7nk2YBMLiEV-c3IBjAu6I_q6ihDOE_amOTg8stjPlUSXOAzNvCc&_nc_zt=24&_nc_ht=scontent.cdninstagram.com&_nc_gid=DiFVaKVhK52ttEUyu4Hqeg&_nc_ss=786a8&oh=00_Af4jdd8e04AP_SD9BHGnWgcXkoGWskD0PbV_tQH8RVjycw&oe=6A1120F0","https://www.instagram.com/herculesbarnabe/","herculesbarnabe","https://www.instagram.com/p/DXkyjneEfDp/c/18417969619126373/","3 sem","👏👏 d Maria IA .ótimo propaganda para eleger o 13","Responder","","Curtir"
"https://www.instagram.com/canal_cristianofischer/","https://scontent.cdninstagram.com/v/t51.82787-19/643597999_18101362535502372_2862234322424064757_n.jpg?stp=dst-jpg_s150x150_tt6&_nc_cat=104&ccb=7-5&_nc_sid=f7ccc5&efg=eyJ2ZW5jb2RlX3RhZyI6InByb2ZpbGVfcGljLnd3dy4xMDgwLkMzIn0%3D&_nc_ohc=fXvlOud3xzQQ7kNvwHcxi2a&_nc_oc=AdqNDJ8tYee8B29o_LR5DG_kPtcIdvo2OtLDHfT2_qkRVJz7J_qz7HAA8o6aKsPIuepbh2J_O7SxH-eyldRBylxW&_nc_zt=24&_nc_ht=scontent.cdninstagram.com&_nc_gid=DiFVaKVhK52ttEUyu4Hqeg&_nc_ss=786a8&oh=00_Af5LXGn0mdv2MmIKoDfhRXaXYxUWUbJi8t2roQgnNuoYHA&oe=6A114465","https://www.instagram.com/canal_cristianofischer/","canal_cristianofischer","https://www.instagram.com/p/DXkyjneEfDp/c/18399075424155116/","3 sem","PT é um Partido Maldito, Censurador, um Partido de facção","Responder","","Curtir"
"https://www.instagram.com/eduardolira/","https://scontent.cdninstagram.com/v/t51.2885-19/31495022_1904443669628593_5807165387602657280_n.jpg?stp=dst-jpg_s150x150_tt6&_nc_cat=106&ccb=7-5&_nc_sid=f7ccc5&efg=eyJ2ZW5jb2RlX3RhZyI6InByb2ZpbGVfcGljLnd3dy45NjAuQzMifQ%3D%3D&_nc_ohc=f9UXf8eAkbMQ7kNvwEf6NLr&_nc_oc=AdrEZzoWDicyXpMG7_OFyoUclpGAyd_sPm18sop9UvCA1o5DTRU9EMu5vDV9DUWvPL3c2Ob-V3snmJ9NzUpna6gC&_nc_zt=24&_nc_ht=scontent.cdninstagram.com&_nc_ss=786a8&oh=00_Af6uKvxTJCOvwbx2xrMXXtjE7ayAtgxK0JajS5FWZNKopA&oe=6A111CD7","https://www.instagram.com/eduardolira/","eduardolira","https://www.instagram.com/p/DXkyjneEfDp/c/18107036650900304/","3 sem","Na Democracia tupiniquim, só pode se falar bem do governo!! O amor é lindo!!! Tá acabando…..","Responder","","Curtir"
"https://www.instagram.com/bstavas/","https://scontent.cdninstagram.com/v/t51.82787-19/618871090_18553833769000844_8776626919287733156_n.jpg?stp=dst-jpg_s150x150_tt6&_nc_cat=105&ccb=7-5&_nc_sid=f7ccc5&_nc_aid=0&efg=eyJ2ZW5jb2RlX3RhZyI6InByb2ZpbGVfcGljLnd3dy4xMDgwLkMzIn0%3D&_nc_ohc=PNlcdRAh71QQ7kNvwGuSafX&_nc_oc=Adr9LISqtxD2Xre0dTMFdhbkz2s8tz-gTKHXMkFCMy3LugspSx2wYvJwzn9GszUgSd_YF-cv51tEiN1Th-0_uTGo&_nc_zt=24&_nc_ht=scontent.cdninstagram.com&_nc_gid=DiFVaKVhK52ttEUyu4Hqeg&_nc_ss=786a8&oh=00_Af7a5_KMVIEGwrXpw_tHEXhc3BqnlCMhqyx13noRRF6T0A&oe=6A11132C","https://www.instagram.com/bstavas/","bstavas","https://www.instagram.com/p/DXkyjneEfDp/c/18083605451570042/","3 sem","😂😂😂😂😂","Responder","","Curtir"
"https://www.instagram.com/rosichaves101/","https://scontent.cdninstagram.com/v/t51.2885-19/262263677_145460304491014_4818217506885724674_n.jpg?stp=dst-jpg_s150x150_tt6&_nc_cat=103&ccb=7-5&_nc_sid=f7ccc5&efg=eyJ2ZW5jb2RlX3RhZyI6InByb2ZpbGVfcGljLnd3dy4xMDgwLkMzIn0%3D&_nc_ohc=iK1_b0VvxRAQ7kNvwEx9FoO&_nc_oc=AdoiJmspP2bLVAXIoQzmQBTPDFkgeZt7TUorDTFOpyeFQPWYsQ6pgSrsHHjJvekVM3vml1r1SQ_X_h2asO8x3SzP&_nc_zt=24&_nc_ht=scontent.cdninstagram.com&_nc_ss=782a8&oh=00_Af7HXk-Ng0WEq1zY5RgpE82wAzi5Br9oHkqnehgcjBqTxA&oe=6A111D50","https://www.instagram.com/rosichaves101/","rosichaves101","https://www.instagram.com/p/DXkyjneEfDp/c/18131405047493923/","3 sem","Vou já seguir dona Maria kkk","Responder","","Curtir"
"https://www.instagram.com/gbw_limpeza_higienizacao/","https://scontent.cdninstagram.com/v/t51.82787-19/590414629_18037707812718423_4828906360448335865_n.jpg?stp=dst-jpg_s150x150_tt6&_nc_cat=110&ccb=7-5&_nc_sid=f7ccc5&efg=eyJ2ZW5jb2RlX3RhZyI6InByb2ZpbGVfcGljLnd3dy4xMDgwLkMzIn0%3D&_nc_ohc=yHhKnbgDWiUQ7kNvwGBl3-4&_nc_oc=Adr4AkExYYySzWrBBFRYWsllsv93aKV0yGkJKrRe-tpdbDhN3hndRjHB7tGmlBPPjYeTtJAT5uP53PzAdZQ6VaTk&_nc_zt=24&_nc_ht=scontent.cdninstagram.com&_nc_gid=oyUNadPXo-5n8EKJ-BvRuQ&_nc_ss=782a8&oh=00_Af4qNkuSSCp8kMUXp9iG4zSMVN6NVes0_RXononIoYBy7w&oe=6A1116D6","https://www.instagram.com/gbw_limpeza_higienizacao/","gbw_limpeza_higienizacao","https://www.instagram.com/p/DXkyjneEfDp/c/18101828941981590/","3 sem","É melhor uma verdade dita com efeito da ia  do que povo cheio de mentira fazendo injustiça","Responder","","Curtir"
"https://www.instagram.com/carla_macpherson/","https://scontent.cdninstagram.com/v/t51.2885-19/432125094_726285876359702_2017050053068163771_n.jpg?stp=dst-jpg_s150x150_tt6&_nc_cat=100&ccb=7-5&_nc_sid=f7ccc5&efg=eyJ2ZW5jb2RlX3RhZyI6InByb2ZpbGVfcGljLnd3dy4xMDY5LkMzIn0%3D&_nc_ohc=rVV5tFo0fcgQ7kNvwGJCscj&_nc_oc=Adrz27DR1T9a9N2HfxWjT4f3PMpPWWuWcFO0CaMqCNW1qdK6pnFGtsuDylXiDJxy0Rlt40kixw-ov5n1xdX_ovPf&_nc_zt=24&_nc_ht=scontent.cdninstagram.com&_nc_ss=782a8&oh=00_Af7kVO2jA_LdgliNhtYK6ePiwx4HVmacpwrRN2R98Co6OQ&oe=6A112128","https://www.instagram.com/carla_macpherson/","carla_macpherson","https://www.instagram.com/p/DXkyjneEfDp/c/18031225037802237/","3 sem","Perfil fake criado por IA","Responder","","Curtir"
"https://www.instagram.com/herculano17/","https://scontent.cdninstagram.com/v/t51.82787-19/542767245_18521633686022729_6884529957900711471_n.jpg?stp=dst-jpg_s150x150_tt6&_nc_cat=107&ccb=7-5&_nc_sid=f7ccc5&efg=eyJ2ZW5jb2RlX3RhZyI6InByb2ZpbGVfcGljLnd3dy4xMDgwLkMzIn0%3D&_nc_ohc=bHrork8_HRMQ7kNvwG1xkJM&_nc_oc=AdqhdkASpUitvzhiPcR3EmDCzniiVFe5UikKwX_wbGucwtn_Ss-bjOZcbtEi4VA7NFSctb1NbyMs6RaJGsO_SLVz&_nc_zt=24&_nc_ht=scontent.cdninstagram.com&_nc_gid=oyUNadPXo-5n8EKJ-BvRuQ&_nc_ss=782a8&oh=00_Af4Fu7dT4Zqev9xflV0tOt5yhKd_6-iJSsYN4iYmrt_lGg&oe=6A111BF0","https://www.instagram.com/herculano17/","herculano17","https://www.instagram.com/p/DXkyjneEfDp/c/17924841003297711/","3 sem","Show","Responder","","Curtir"
"https://www.instagram.com/andresouza2207/","https://scontent.cdninstagram.com/v/t51.82787-19/522407543_18091433365726633_3802472588195974260_n.jpg?stp=dst-jpg_s150x150_tt6&_nc_cat=101&ccb=7-5&_nc_sid=f7ccc5&efg=eyJ2ZW5jb2RlX3RhZyI6InByb2ZpbGVfcGljLnd3dy4xMDgwLkMzIn0%3D&_nc_ohc=s_hypLVNJ7wQ7kNvwFkJFyO&_nc_oc=AdpN0LI6XBfPLqoE7SKUd9E3AEYdIPaT9vC_wlNh8gW2X1NcK9CM8XC4Zmj6SlF-bRLH8Nhw9C8C5HVNmlb4pvUr&_nc_zt=24&_nc_ht=scontent.cdninstagram.com&_nc_gid=oyUNadPXo-5n8EKJ-BvRuQ&_nc_ss=782a8&oh=00_Af5d7SPHrV9GiYUqWAfTCWI-YFFVef8jUQ-bnSnBCA_d5A&oe=6A113771","https://www.instagram.com/andresouza2207/","andresouza2207","https://www.instagram.com/p/DXkyjneEfDp/c/17907584025217777/","3 sem","Tem fake news nao..so mentiras..kkkk so vídeos cortados...para!!","Responder","","Curtir"
"https://www.instagram.com/nyll.soon/","https://scontent.cdninstagram.com/v/t51.82787-19/610627801_18556031809041577_2241964676635248055_n.jpg?stp=dst-jpg_s150x150_tt6&_nc_cat=107&ccb=7-5&_nc_sid=f7ccc5&efg=eyJ2ZW5jb2RlX3RhZyI6InByb2ZpbGVfcGljLnd3dy4xMDgwLkMzIn0%3D&_nc_ohc=x9vTDe4XrhAQ7kNvwHEzLTc&_nc_oc=AdrJ25rMqOIENzsBMwOykFEWVcB3JyhRZTh_C8VNZDpBFB1A9sRVflztUlE-cW9OsSkwlD8c_2pkwtlbHjBgd1kB&_nc_zt=24&_nc_ht=scontent.cdninstagram.com&_nc_gid=oyUNadPXo-5n8EKJ-BvRuQ&_nc_ss=782a8&oh=00_Af796XYhqGcxiDVMhk7U29VERSl9ThVgRVXz4tRL8o2sEA&oe=6A112130","https://www.instagram.com/nyll.soon/","nyll.soon","https://www.instagram.com/p/DXkyjneEfDp/c/17950439409137955/","3 sem","Bolsonaristas qpoiando desinformação nunca foi novidade.","Responder","","Curtir"
"https://www.instagram.com/oliveiraj.de/","https://scontent.cdninstagram.com/v/t51.2885-19/454518863_805795564693812_1362081457703836583_n.jpg?stp=dst-jpg_s150x150_tt6&_nc_cat=101&ccb=7-5&_nc_sid=f7ccc5&efg=eyJ2ZW5jb2RlX3RhZyI6InByb2ZpbGVfcGljLnd3dy4xMDgwLkMzIn0%3D&_nc_ohc=6fbUjr77wxwQ7kNvwEvp_oO&_nc_oc=AdpgEgEA-ml9qCd4GMTkc_oV7KjdM1w-xmfX0CffrYOY3pU6YSxWyxO1T_twl_t8Y4AVhBTq9b3OfN-oe4Ue8a4h&_nc_zt=24&_nc_ht=scontent.cdninstagram.com&_nc_ss=782a8&oh=00_Af5w99_3lCaWmza3v25WHG2b7BNVEOMQWzxHOQDTY_NPNg&oe=6A110E39","https://www.instagram.com/oliveiraj.de/","oliveiraj.de","https://www.instagram.com/p/DXkyjneEfDp/c/18092250857246222/","3 sem","Não pode falar mal do presidente?","Responder","","Curtir"
"https://www.instagram.com/branco_rz/","https://scontent.cdninstagram.com/v/t51.82787-19/645769833_18566286037014109_7361399644781303387_n.jpg?stp=dst-jpg_s150x150_tt6&_nc_cat=103&ccb=7-5&_nc_sid=f7ccc5&efg=eyJ2ZW5jb2RlX3RhZyI6InByb2ZpbGVfcGljLnd3dy43MjcuQzMifQ%3D%3D&_nc_ohc=O16_yYhLJQcQ7kNvwGg07Oy&_nc_oc=AdqtJbk1D4mKVaw_j72q2_bMPkcOspaDDWIV8LWry97pFGtKvYRFs8GAGFNweWJqu9sE_W9y1-AuJkMP0fGHbZp0&_nc_zt=24&_nc_ht=scontent.cdninstagram.com&_nc_gid=oyUNadPXo-5n8EKJ-BvRuQ&_nc_ss=782a8&oh=00_Af6464pljJsrF0U-uBdHxYA7SkkC1OAJ9iUB7JDvDpiA_A&oe=6A112F29","https://www.instagram.com/branco_rz/","branco_rz","https://www.instagram.com/p/DXkyjneEfDp/c/18117447301732628/","3 sem","Crime “falar mal do STF e criticar as más ações do governo petista”","Responder","","Curtir"
"https://www.instagram.com/ulissesmarcelode/","https://scontent.cdninstagram.com/v/t51.2885-19/91565842_168733087566496_6826658785356939264_n.jpg?stp=dst-jpg_s150x150_tt6&_nc_cat=110&ccb=7-5&_nc_sid=f7ccc5&efg=eyJ2ZW5jb2RlX3RhZyI6InByb2ZpbGVfcGljLnd3dy4xMDgwLkMzIn0%3D&_nc_ohc=dnjbwnxkObkQ7kNvwFfBU1E&_nc_oc=Adpi0Dz7ibNnVHYD-uou_pqUj_2QTp7r4vFeEo8BmS-fCEu5BXY_SEx3k0Mxk-laFleL8H-tUlVHB5VhiZydGTQA&_nc_zt=24&_nc_ht=scontent.cdninstagram.com&_nc_ss=782a8&oh=00_Af5yL25yII7-_fU6HUzJPdINtEuPiyis0nvAyRqlhFKHqA&oe=6A111332","https://www.instagram.com/ulissesmarcelode/","ulissesmarcelode","https://www.instagram.com/p/DXkyjneEfDp/c/18084345587367480/","3 sem","Dona Maria, a pobre de direita do IA","Responder","","Curtir"
"https://www.instagram.com/mauricionn23/","https://scontent.cdninstagram.com/v/t51.2885-19/472463196_1034060671886104_3442108716170402846_n.jpg?stp=dst-jpg_s150x150_tt6&_nc_cat=105&ccb=7-5&_nc_sid=f7ccc5&efg=eyJ2ZW5jb2RlX3RhZyI6InByb2ZpbGVfcGljLnd3dy4xMDgwLkMzIn0%3D&_nc_ohc=W0T6p8OW5ocQ7kNvwGCT-LW&_nc_oc=AdqduEbyXI4sGJXbMv96e_c4X3RvNURQQOFigPP8E04FM8ubdKoBPA5mMr4ETGS_dvtl0sNmNPSqeEhLBqvT9mv7&_nc_zt=24&_nc_ht=scontent.cdninstagram.com&_nc_ss=782a8&oh=00_Af6E95iZr4I0EdbkzHZyiI8NxwnXl_232SjS5vXWm67SEg&oe=6A11301F","https://www.instagram.com/mauricionn23/","mauricionn23","https://www.instagram.com/p/DXkyjneEfDp/c/17896235295442806/","3 sem","IA mostrando para o eleitor lulista o mínimo de inteligência. Está explicado porque querem censurar","Responder","","Curtir"
"https://www.instagram.com/geisinhaamaral/","https://scontent.cdninstagram.com/v/t51.2885-19/324285876_1594810124290437_4259961995922772123_n.jpg?stp=dst-jpg_s150x150_tt6&_nc_cat=102&ccb=7-5&_nc_sid=f7ccc5&efg=eyJ2ZW5jb2RlX3RhZyI6InByb2ZpbGVfcGljLnd3dy4xMDgwLkMzIn0%3D&_nc_ohc=jCUNO0z9BM8Q7kNvwG5RnDz&_nc_oc=Adr6zeLnRK2mpDWBJKKmFkoB-gO9FQtVIZ_S0TnoC-sbGScbeKuun2aIMrxxByRQ0lJWiZ4ZxRa-9UU3fhyRakrg&_nc_zt=24&_nc_ht=scontent.cdninstagram.com&_nc_ss=782a8&oh=00_Af4zfMynmlWqmUL7phGJI93G5TteR9BdWXvrwA47xuk8Sg&oe=6A112545","https://www.instagram.com/geisinhaamaral/","geisinhaamaral","https://www.instagram.com/p/DXkyjneEfDp/c/18022519601819814/","3 sem","😂😂😂😂😂","Responder","","Curtir"
"https://www.instagram.com/aninhanaspistas/","https://scontent.cdninstagram.com/v/t51.82787-19/670415618_18053295284720935_3461919299139118553_n.jpg?stp=dst-jpg_s150x150_tt6&_nc_cat=108&ccb=7-5&_nc_sid=f7ccc5&efg=eyJ2ZW5jb2RlX3RhZyI6InByb2ZpbGVfcGljLnd3dy4xMDgwLkMzIn0%3D&_nc_ohc=z5cC4b1Ilo8Q7kNvwE4JpvA&_nc_oc=AdqBWPjJnhFqPb3WK-tjRJYYTIKTBtvhTdakCziK0PavOisAX1Z8Hv0p6hsxWB0ie2lk1iL7j9W2zkZNmMno0ma4&_nc_zt=24&_nc_ht=scontent.cdninstagram.com&_nc_gid=oyUNadPXo-5n8EKJ-BvRuQ&_nc_ss=782a8&oh=00_Af6mN2EYptyGtp1qmCYRKoSAyqWPKb3bea3Hy77nPeuCuQ&oe=6A111A31","https://www.instagram.com/aninhanaspistas/","aninhanaspistas","https://www.instagram.com/p/DXkyjneEfDp/c/18135347362533713/","3 sem","Cadê o @ da Dona Maria. Já quero seguir 👏🏿👏🏿👏🏿🇧🇷","Responder","","Curtir"
"https://www.instagram.com/erilenepassos/","https://scontent.cdninstagram.com/v/t51.2885-19/452566554_862872519032427_1371737523047972659_n.jpg?stp=dst-jpg_s150x150_tt6&_nc_cat=106&ccb=7-5&_nc_sid=f7ccc5&efg=eyJ2ZW5jb2RlX3RhZyI6InByb2ZpbGVfcGljLnd3dy4xMDgwLkMzIn0%3D&_nc_ohc=5LVdSJ_C2fgQ7kNvwHJJH9X&_nc_oc=AdperF_jVR9U0TOsS8FwUlah7IlBY_Lzj8ygKzsVXzL5lDZ8Tb3u8MUQFkIOS74jVs9bbj7yhvGHl77Nc4RIiFSo&_nc_zt=24&_nc_ht=scontent.cdninstagram.com&_nc_ss=782a8&oh=00_Af6N4E-RiGfBUhP4WgTNLPh-dEnCFn-Ki82LuIRzsm71RQ&oe=6A114520","https://www.instagram.com/erilenepassos/","erilenepassos","https://www.instagram.com/p/DXkyjneEfDp/c/18163882705447400/","3 sem","Viva a Dona Maria! 👏👏👏","Responder","","Curtir"
"https://www.instagram.com/tere.zinha_cavalcante/","https://scontent.cdninstagram.com/v/t51.2885-19/461336234_397972176677699_2015069952769613975_n.jpg?stp=dst-jpg_s150x150_tt6&_nc_cat=103&ccb=7-5&_nc_sid=f7ccc5&efg=eyJ2ZW5jb2RlX3RhZyI6InByb2ZpbGVfcGljLnd3dy4xMDgwLkMzIn0%3D&_nc_ohc=ogCZCeo_p8kQ7kNvwG7rGpM&_nc_oc=AdrjjYxQNr9tzSMgyXIyO2fyXb2eXI6g7utdU5smMpVMDDGRXlEJNj8uw_a5Lro3Dua_lo0ljv9KffRndEjOlJrD&_nc_zt=24&_nc_ht=scontent.cdninstagram.com&_nc_ss=786a8&oh=00_Af67KZ0dYIEknmk1afN0qJG_kFAWMKDaN0-x-4vzdROrHw&oe=6A1145A0","https://www.instagram.com/tere.zinha_cavalcante/","tere.zinha_cavalcante","https://www.instagram.com/p/DXkyjneEfDp/c/18106061152922408/","3 sem","Parabéns  companheira !","Responder","","Curtir"
"https://www.instagram.com/adenizialopes07/","https://scontent.cdninstagram.com/v/t51.82787-19/625890338_18527920432071723_3517793081983819888_n.jpg?stp=dst-jpg_s150x150_tt6&_nc_cat=107&ccb=7-5&_nc_sid=f7ccc5&efg=eyJ2ZW5jb2RlX3RhZyI6InByb2ZpbGVfcGljLnd3dy4xMDgwLkMzIn0%3D&_nc_ohc=an_-fy3AA-8Q7kNvwElLts7&_nc_oc=AdoNVoH9qLF7Q7_EQ_Jn8nuviEEDYcy1qbIl-SPHg5d5p4hEpftpA-h09sKvSCTjHPBKvKLkY-uPrDYMBezjHQg5&_nc_zt=24&_nc_ht=scontent.cdninstagram.com&_nc_gid=fMvEGMamHiwpH27M8UGPCw&_nc_ss=786a8&oh=00_Af6g1ADNsvkcbGh7xIfkRw29VYfUW5e6MP7oOasLCTcTfA&oe=6A113875","https://www.instagram.com/adenizialopes07/","adenizialopes07","https://www.instagram.com/p/DXkyjneEfDp/c/17902552434413755/","3 sem","Jantou 👏","Responder","","Curtir"
"https://www.instagram.com/coelhokitute/","https://scontent.cdninstagram.com/v/t51.82787-19/670771373_18549773218071797_2148939200140410431_n.jpg?stp=dst-jpg_s150x150_tt6&_nc_cat=104&ccb=7-5&_nc_sid=f7ccc5&efg=eyJ2ZW5jb2RlX3RhZyI6InByb2ZpbGVfcGljLnd3dy4xMDgwLkMzIn0%3D&_nc_ohc=F18QdJtbyP0Q7kNvwEwkElx&_nc_oc=Adp78SDrzYPY9FFgsChvFy5HWJsEPt7LfcN5DaOHjx3a3_Jy3jUeajmGa2tqAntLvns3Z1tqApvADiON0RCZ3s18&_nc_zt=24&_nc_ht=scontent.cdninstagram.com&_nc_gid=fMvEGMamHiwpH27M8UGPCw&_nc_ss=786a8&oh=00_Af5M81CdHPTRiAqtTKQykx2ZoG3gNpasKwlAfsDc_DoqNg&oe=6A111A42","https://www.instagram.com/coelhokitute/","coelhokitute","https://www.instagram.com/p/DXkyjneEfDp/c/18155878528456161/","3 sem","Extrema direita é só de Gado mesmo.😂🤡🐮","Responder","","Curtir"
"https://www.instagram.com/queirosilvana/","https://scontent.cdninstagram.com/v/t51.82787-19/527602486_18324700693225889_3058675422383700629_n.jpg?stp=dst-jpg_s150x150_tt6&_nc_cat=109&ccb=7-5&_nc_sid=f7ccc5&efg=eyJ2ZW5jb2RlX3RhZyI6InByb2ZpbGVfcGljLnd3dy4xMDgwLkMzIn0%3D&_nc_ohc=9PeuPL7okHoQ7kNvwHyqyDL&_nc_oc=Adpz7VL9ArU9VOQxv_WIx_pAl39sciy6gQx6Q2iBigE-0UHCdJIl1GoqQ7UvYVLorOq5F__uRaNAT1H4m8hua3-2&_nc_zt=24&_nc_ht=scontent.cdninstagram.com&_nc_gid=fMvEGMamHiwpH27M8UGPCw&_nc_ss=786a8&oh=00_Af6KoN04kiRRTRIoUoGCfUSvsx_F6fBHVJ3qNi7Mg7jXfQ&oe=6A11247C","https://www.instagram.com/queirosilvana/","queirosilvana","https://www.instagram.com/p/DXkyjneEfDp/c/17989307921949462/","3 sem","😂😂😂😂😂EITA GILMAR","Responder","","Curtir"
"https://www.instagram.com/geyzanutri/","https://scontent.cdninstagram.com/v/t51.2885-19/18949734_1783415671970696_1900285495313694720_a.jpg?stp=dst-jpg_s150x150_tt6&_nc_cat=103&ccb=7-5&_nc_sid=f7ccc5&efg=eyJ2ZW5jb2RlX3RhZyI6InByb2ZpbGVfcGljLnd3dy43MTkuQzMifQ%3D%3D&_nc_ohc=f79j5CPI4E4Q7kNvwHgJ9cT&_nc_oc=AdpzGiBavoAPysD-B2_bEXTiWaNEj7SRkeY8LYJO0-sWtwkoDbYSuP2F5c5CiCKFW4BIuzN1_2B7Guj0mtnbWpw4&_nc_zt=24&_nc_ht=scontent.cdninstagram.com&_nc_ss=786a8&oh=00_Af7KBgygST6aNdsMN7-PkXPqgiS6JxFkttnI50NVCsR11A&oe=6A113097","https://www.instagram.com/geyzanutri/","geyzanutri","https://www.instagram.com/p/DXkyjneEfDp/c/18369492103204796/","3 sem","Vergonha criminosos","Responder","","Curtir"
"https://www.instagram.com/will_sou_eu_/","https://scontent.cdninstagram.com/v/t51.82787-19/540442422_18286172737256982_3436318501970449413_n.jpg?stp=dst-jpg_s150x150_tt6&_nc_cat=105&ccb=7-5&_nc_sid=f7ccc5&efg=eyJ2ZW5jb2RlX3RhZyI6InByb2ZpbGVfcGljLnd3dy4xMDgwLkMzIn0%3D&_nc_ohc=igpokarh2vEQ7kNvwGiAuz2&_nc_oc=AdrkL_rv4hyExaVqG9-Fo4rKhrTuQsNkc0wMZImoDUsM-HKLIptCWHE6XTfoj8PHVaLK_BTwi_vGrGUq0OiyeAOQ&_nc_zt=24&_nc_ht=scontent.cdninstagram.com&_nc_gid=fMvEGMamHiwpH27M8UGPCw&_nc_ss=786a8&oh=00_Af4QnwzP0gl0mTtkLxkju4UZbMkOfJU-cISIAIp1kYMQcQ&oe=6A1125AD","https://www.instagram.com/will_sou_eu_/","will_sou_eu_","https://www.instagram.com/p/DXkyjneEfDp/c/17972326602019152/","3 sem","O canalha se esconde atrás de um personagem porque não tem coragem de se expressar. Lembrando que, no Brasil, é vedado o anonimato. Tem que rastrear a identidade do meliante e processar o pilantra.","Responder","","Curtir"
"https://www.instagram.com/gilianferreira/","https://scontent.cdninstagram.com/v/t51.82787-19/516042390_18504535369031202_3201331371256988606_n.jpg?stp=dst-jpg_s150x150_tt6&_nc_cat=103&ccb=7-5&_nc_sid=f7ccc5&efg=eyJ2ZW5jb2RlX3RhZyI6InByb2ZpbGVfcGljLnd3dy43ODAuQzMifQ%3D%3D&_nc_ohc=PxX3j9c25NAQ7kNvwEGkODZ&_nc_oc=AdrEcqNS7e5GQMb_UJ725yOpDBUpWVJrhQLmeQsd8X82tXSji16qiDj4LmMXuaH5cjto_Awlh9reKh5rizD2edZk&_nc_zt=24&_nc_ht=scontent.cdninstagram.com&_nc_gid=fMvEGMamHiwpH27M8UGPCw&_nc_ss=786a8&oh=00_Af4aR0aHXeRHjp-qlepbeP55Twq6x9K42z_lQoSYslq6lQ&oe=6A1127E5","https://www.instagram.com/gilianferreira/","gilianferreira","https://www.instagram.com/p/DXkyjneEfDp/c/18127988821600051/","3 sem","Ecsremento da direita","Responder","","Curtir"
"https://www.instagram.com/dirceudss/","https://scontent.cdninstagram.com/v/t51.2885-19/474124516_1759877141220733_4798065615177607118_n.jpg?stp=dst-jpg_s150x150_tt6&_nc_cat=108&ccb=7-5&_nc_sid=f7ccc5&efg=eyJ2ZW5jb2RlX3RhZyI6InByb2ZpbGVfcGljLnd3dy4xMDgwLkMzIn0%3D&_nc_ohc=1RjkdtPJ6IoQ7kNvwHWKqcD&_nc_oc=AdopA72q1JVJHBQhW-jahSvMGQgcTwXZ2NZfPjG_rjep5W_BgUvQW2KEemxjghYQvqqOLRPk6S4DyvKnWleGvZTT&_nc_zt=24&_nc_ht=scontent.cdninstagram.com&_nc_ss=786a8&oh=00_Af4YfZY1KsaiTZmxO5ENElvpjh5p6CgBt4XuVV2W7vGkaA&oe=6A114171","https://www.instagram.com/dirceudss/","dirceudss","https://www.instagram.com/p/DXkyjneEfDp/c/18133596739540027/","3 sem","""A covardia é mãe da crueldade"" Michel de Montaigne - Ensaios (1583)","Responder","","Curtir"
"https://www.instagram.com/3r11_sant/","https://scontent.cdninstagram.com/v/t51.82787-19/655226919_18576484633059660_2145776897825267609_n.jpg?stp=dst-jpg_s150x150_tt6&_nc_cat=111&ccb=7-5&_nc_sid=f7ccc5&efg=eyJ2ZW5jb2RlX3RhZyI6InByb2ZpbGVfcGljLnd3dy4xMDgwLkMzIn0%3D&_nc_ohc=8ehcLWWnfZcQ7kNvwHIMzj0&_nc_oc=Adof_N9TW8HAow29ownGxmlqiNDkRch_N0XVx_0FCQo0ADQskxU-TQ9rYnP4plGOYMVqYlNUrcY70Wd8Nq8K8ct5&_nc_zt=24&_nc_ht=scontent.cdninstagram.com&_nc_gid=fMvEGMamHiwpH27M8UGPCw&_nc_ss=786a8&oh=00_Af6A5HH3IQCoJnreEJHI8DDWqs4mYONjVueq1LW_iEo7XA&oe=6A112996","https://www.instagram.com/3r11_sant/","3r11_sant","https://www.instagram.com/p/DXkyjneEfDp/c/18470764360103676/","3 sem","","Responder","","Curtir"
"https://www.instagram.com/3r11_sant/","https://scontent.cdninstagram.com/v/t51.82787-19/655226919_18576484633059660_2145776897825267609_n.jpg?stp=dst-jpg_s150x150_tt6&_nc_cat=111&ccb=7-5&_nc_sid=f7ccc5&efg=eyJ2ZW5jb2RlX3RhZyI6InByb2ZpbGVfcGljLnd3dy4xMDgwLkMzIn0%3D&_nc_ohc=8ehcLWWnfZcQ7kNvwHIMzj0&_nc_oc=Adof_N9TW8HAow29ownGxmlqiNDkRch_N0XVx_0FCQo0ADQskxU-TQ9rYnP4plGOYMVqYlNUrcY70Wd8Nq8K8ct5&_nc_zt=24&_nc_ht=scontent.cdninstagram.com&_nc_gid=fMvEGMamHiwpH27M8UGPCw&_nc_ss=786a8&oh=00_Af6A5HH3IQCoJnreEJHI8DDWqs4mYONjVueq1LW_iEo7XA&oe=6A112996","https://www.instagram.com/3r11_sant/","3r11_sant","https://www.instagram.com/p/DXkyjneEfDp/c/18095868526893987/","3 sem","Falar a verdade não precisa fake news. E já tem lei pra isso gente..se se incomodar ou se sentir ofendido processe. O horário eleitoral e o maior produtor de fake news desde sempre","Responder","","Curtir"
"https://www.instagram.com/motivaon_582hz/","https://scontent.cdninstagram.com/v/t51.75761-19/500118600_17891789709246523_6846940816657344481_n.jpg?stp=dst-jpg_s150x150_tt6&_nc_cat=107&ccb=7-5&_nc_sid=f7ccc5&efg=eyJ2ZW5jb2RlX3RhZyI6InByb2ZpbGVfcGljLnd3dy4xMDgwLkMzIn0%3D&_nc_ohc=yNIBVkviIMIQ7kNvwH70NNH&_nc_oc=AdqUlIyUUrVbGllLQcHvf8JRppgamCUoJl41WpauRKa66FgwNYEFs7UMqVQuzNHDN5Jk8HQm7kqEhaLvo5nQgKX5&_nc_zt=24&_nc_ht=scontent.cdninstagram.com&_nc_gid=fMvEGMamHiwpH27M8UGPCw&_nc_ss=786a8&oh=00_Af4SXHI8HG31nq1IaDNGMmzfo5TEpgiFtwyFLojahIChWw&oe=6A112CDE","https://www.instagram.com/motivaon_582hz/","motivaon_582hz","https://www.instagram.com/p/DXkyjneEfDp/c/17958450186116787/","3 sem","Dona Maria só a fala verdade, não está atacando  ninguém","Responder","","Curtir"
"https://www.instagram.com/danielaraujosobrinho/","https://scontent.cdninstagram.com/v/t51.2885-19/81085100_170578991015753_5262810658298134528_n.jpg?stp=dst-jpg_s150x150_tt6&_nc_cat=105&ccb=7-5&_nc_sid=f7ccc5&efg=eyJ2ZW5jb2RlX3RhZyI6InByb2ZpbGVfcGljLnd3dy41NzguQzMifQ%3D%3D&_nc_ohc=TaYfY1LrS0YQ7kNvwHpALnj&_nc_oc=AdoQfczImoh-jdtTGhcXLBCLo15w4-TDNcwrHDON804yL0GInzITAPOF1k9iFHOxhsQkdYVFFSPT8VdWkRGSAzrj&_nc_zt=24&_nc_ht=scontent.cdninstagram.com&_nc_ss=786a8&oh=00_Af7M_cL_Qpq9IBHzd14CIHqY4VpTzJGl8oALylCt4L7HhQ&oe=6A11246C","https://www.instagram.com/danielaraujosobrinho/","danielaraujosobrinho","https://www.instagram.com/p/DXkyjneEfDp/c/17942657010183647/","3 sem","Estresse trabalhar com IA kkkkkkkkkkkkkkk vagabundo é foda","Responder","","Curtir"
"https://www.instagram.com/josemarsousa_s/","https://scontent.cdninstagram.com/v/t51.82787-19/584094410_17988381863863425_836305570168906922_n.jpg?stp=dst-jpg_s150x150_tt6&_nc_cat=100&ccb=7-5&_nc_sid=f7ccc5&efg=eyJ2ZW5jb2RlX3RhZyI6InByb2ZpbGVfcGljLnd3dy4xMDgwLkMzIn0%3D&_nc_ohc=1EAJCnnvw14Q7kNvwGjhIrY&_nc_oc=AdpnBvQP4TmuQ6uk4GRE6VYNzL8UkCNuItgDi7iHP1IRdk0iQkplPtIK62h1cFWrGgSoSSZARtJsjkc0ZDceM_jS&_nc_zt=24&_nc_ht=scontent.cdninstagram.com&_nc_gid=fMvEGMamHiwpH27M8UGPCw&_nc_ss=786a8&oh=00_Af4CFt7LdZThlbZNxva1mcmOsJf_JUiF7PnqELeTLpAGeQ&oe=6A111563","https://www.instagram.com/josemarsousa_s/","josemarsousa_s","https://www.instagram.com/p/DXkyjneEfDp/c/18420063640122249/","3 sem","PT nunca mais","Responder","","Curtir"
"https://www.instagram.com/jhon_mariell/","https://scontent.cdninstagram.com/v/t51.82787-19/548891059_18077723168098949_8521947152500181886_n.jpg?stp=dst-jpg_s150x150_tt6&_nc_cat=109&ccb=7-5&_nc_sid=f7ccc5&efg=eyJ2ZW5jb2RlX3RhZyI6InByb2ZpbGVfcGljLnd3dy4xMDgwLkMzIn0%3D&_nc_ohc=9SJid_YsaMMQ7kNvwGyZrUq&_nc_oc=AdrcVOoBADlmrJTbYe8JnlyUGvJLzURPj-Y1apoCjbwApec4WlwkMP5i80ihBVNKoyjm8MbzMg7PMGbMsSV-j8DE&_nc_zt=24&_nc_ht=scontent.cdninstagram.com&_nc_gid=fMvEGMamHiwpH27M8UGPCw&_nc_ss=786a8&oh=00_Af4WlCz2BiXrE1C2Oq36JuJTFXso7R64_3XseXEk13qorQ&oe=6A111373","https://www.instagram.com/jhon_mariell/","jhon_mariell","https://www.instagram.com/p/DXkyjneEfDp/c/17921978883126187/","3 sem","😂😂😂😂😂😂😂","Responder","","Curtir"
"https://www.instagram.com/cmoacyrantoniojunior/","https://scontent.cdninstagram.com/v/t51.2885-19/278855549_694372905102075_7490852501606193771_n.jpg?stp=dst-jpg_s150x150_tt6&_nc_cat=104&ccb=7-5&_nc_sid=f7ccc5&efg=eyJ2ZW5jb2RlX3RhZyI6InByb2ZpbGVfcGljLnd3dy45NjAuQzMifQ%3D%3D&_nc_ohc=wp_-bQl8LVkQ7kNvwGui3vx&_nc_oc=Adpfqa7JXXUmpN4aGnuPxwG2faZAQ479-sOabvTUchhbIK5zu7wSrFffUrFg6o_7CBGsb1AAvp1RpY5aI-P4dNxJ&_nc_zt=24&_nc_ht=scontent.cdninstagram.com&_nc_ss=786a8&oh=00_Af6YaTtctMWVwNMN8lpwbWPMGMa5vTHmm0-F8KJAGqRMsA&oe=6A112210","https://www.instagram.com/cmoacyrantoniojunior/","cmoacyrantoniojunior","https://www.instagram.com/p/DXkyjneEfDp/c/18107947594906533/","3 sem","Dona Maria vai chupar uma piroca","Responder","","Curtir"
"https://www.instagram.com/ricky_wsp/","https://scontent.cdninstagram.com/v/t51.2885-19/476415574_9646949415356443_5893130142343365342_n.jpg?stp=dst-jpg_s150x150_tt6&_nc_cat=104&ccb=7-5&_nc_sid=f7ccc5&efg=eyJ2ZW5jb2RlX3RhZyI6InByb2ZpbGVfcGljLnd3dy4xMDgwLkMzIn0%3D&_nc_ohc=TD_QCR_OF0QQ7kNvwE2QGDu&_nc_oc=Adrm4JbQYcjCIgCh8FigOTZH1Sc1peAd5Eu-WqFMqqaYP_PlX-g-BEUtXyh0rpk1JzUnQyRFxoLLZcSLoN7PSiDo&_nc_zt=24&_nc_ht=scontent.cdninstagram.com&_nc_ss=786a8&oh=00_Af5pWzvcZQfr0G4cxCzEoMSWREBbrdysQqxjyxZO3sGDZw&oe=6A112192","https://www.instagram.com/ricky_wsp/","ricky_wsp","https://www.instagram.com/p/DXkyjneEfDp/c/17930699991257846/","3 sem","A IA, falando sobre os problemas da IA 😂😂😂😂","Responder","","Curtir"
"https://www.instagram.com/chaiane_milech/","https://scontent.cdninstagram.com/v/t51.82787-19/602229507_18498261460074824_7584729501240914658_n.jpg?stp=dst-jpg_s150x150_tt6&_nc_cat=104&ccb=7-5&_nc_sid=f7ccc5&efg=eyJ2ZW5jb2RlX3RhZyI6InByb2ZpbGVfcGljLnd3dy4xMDgwLkMzIn0%3D&_nc_ohc=qY3OQq2tKQoQ7kNvwEj8yD7&_nc_oc=Adp1TIiZMRPGz5ve-DDNEfRDn5drl6gIkTmKBlnHo2u0cd6ENuPz_ala28fi_vBt1PuvxDAXw17HvRbvTjMvCy4Q&_nc_zt=24&_nc_ht=scontent.cdninstagram.com&_nc_gid=vkEd-5rnNW7Wl7rU3hsYRA&_nc_ss=786a8&oh=00_Af4Rk8MF8oMH7ZUtE1Wid-YJvQ3N8yz_AQfDZuKuLzINIA&oe=6A111BDA","https://www.instagram.com/chaiane_milech/","chaiane_milech","https://www.instagram.com/p/DXkyjneEfDp/c/17938107012208255/","3 sem","Dona Maria só fala verdades! 👏🇧🇷","Responder","","Curtir"
"https://www.instagram.com/miriansantana73/","https://scontent.cdninstagram.com/v/t51.75761-19/496766922_18507981004005611_5367581284487470006_n.jpg?stp=dst-jpg_s150x150_tt6&_nc_cat=106&ccb=7-5&_nc_sid=f7ccc5&efg=eyJ2ZW5jb2RlX3RhZyI6InByb2ZpbGVfcGljLnd3dy4xMDgwLkMzIn0%3D&_nc_ohc=SKr3QAzxAT4Q7kNvwHg2GJY&_nc_oc=AdpFJIldzZDCfWsLq_WUSr26e40sRHVj7qE7UT4fOv6effBEpBF_yNWruNqghhslP4Tg636vOEs8sQk4qMnAr1nK&_nc_zt=24&_nc_ht=scontent.cdninstagram.com&_nc_gid=vkEd-5rnNW7Wl7rU3hsYRA&_nc_ss=786a8&oh=00_Af57SKuovBnL-QsqUYp1ZSASfQtlkl_ZMhGkwBc6jLhh6Q&oe=6A110ED2","https://www.instagram.com/miriansantana73/","miriansantana73","https://www.instagram.com/p/DXkyjneEfDp/c/18091117898585453/","3 sem","Dona Maria pra presidente","Responder","","Curtir"
"https://www.instagram.com/inaciovalteir/","https://scontent.cdninstagram.com/v/t51.2885-19/81786887_171206554233753_7649216460731973632_n.jpg?stp=dst-jpg_s150x150_tt6&_nc_cat=103&ccb=7-5&_nc_sid=f7ccc5&efg=eyJ2ZW5jb2RlX3RhZyI6InByb2ZpbGVfcGljLnd3dy4yODMuQzMifQ%3D%3D&_nc_ohc=4Q8s555tsNYQ7kNvwGxKc4R&_nc_oc=AdqmlSU21eshE9YXGqmiNsuivLxwxyzuefF0d6VayfoBwOiVaaCd-XMHSeg_qAOe8uUvCJfcWQUCXF4Ykyvj3XBT&_nc_zt=24&_nc_ht=scontent.cdninstagram.com&_nc_ss=786a8&oh=00_Af6paxj7PL1fLnOQ3eyemifGLgijRIzHJVojpCmJRtTnkg&oe=6A112AFE","https://www.instagram.com/inaciovalteir/","inaciovalteir","https://www.instagram.com/p/DXkyjneEfDp/c/18063784025691115/","3 sem","Que verdade? É apenas seu ponto vista , a sua maneira de enxergar as coisas. Dessa forma,  guarde as suas verdades pra você,  e não se esconde por trás de personagem fake.","Responder","","Curtir"
"https://www.instagram.com/magnum.costa/","https://scontent.cdninstagram.com/v/t51.82787-19/554568543_18529709257060620_8087762020419093855_n.jpg?stp=dst-jpg_s150x150_tt6&_nc_cat=110&ccb=7-5&_nc_sid=f7ccc5&efg=eyJ2ZW5jb2RlX3RhZyI6InByb2ZpbGVfcGljLnd3dy4xMDgwLkMzIn0%3D&_nc_ohc=Cq_clpauycIQ7kNvwGPO5Pd&_nc_oc=AdrdoD3inwpfkc3w7iS_ak_2CqYyTkUQ2NzHp8PUvMb9Pdyv9Q2jVixG-8PHYXikou4HQf8MRuXvTKFO79BAmh8U&_nc_zt=24&_nc_ht=scontent.cdninstagram.com&_nc_gid=vkEd-5rnNW7Wl7rU3hsYRA&_nc_ss=786a8&oh=00_Af7p7NJMsAwiMhU_a6U8QdzB9BUdiAuUqic1GA5MeWnRqQ&oe=6A113660","https://www.instagram.com/magnum.costa/","magnum.costa","https://www.instagram.com/p/DXkyjneEfDp/c/18318764317280904/","3 sem","A verdade dói","Responder","","Curtir"
"https://www.instagram.com/silva_r000/","https://scontent.cdninstagram.com/v/t51.2885-19/453528140_1721305791989189_3742111505485989282_n.jpg?stp=dst-jpg_s150x150_tt6&_nc_cat=111&ccb=7-5&_nc_sid=f7ccc5&efg=eyJ2ZW5jb2RlX3RhZyI6InByb2ZpbGVfcGljLnd3dy4xMDgwLkMzIn0%3D&_nc_ohc=qvFNbs_QrI4Q7kNvwF7VlVt&_nc_oc=AdpmS-v3sBfpVfptRlC1__GIBH5l4DN-NdX_wg1jp0cQ6d1FMUXSjQnVuJ5Xwzgh6yXC6W_vqw4sCGVQQPV1znph&_nc_zt=24&_nc_ht=scontent.cdninstagram.com&_nc_ss=786a8&oh=00_Af5_BuQdu2MuWNjX-owJoynxXpBBzxtveJid09TRs6CsJg&oe=6A113D7A","https://www.instagram.com/silva_r000/","silva_r000","https://www.instagram.com/p/DXkyjneEfDp/c/17885233965514666/","3 sem","Se ele fala a verdade por que não dá a cara a tapa?","Responder","","Curtir"
"https://www.instagram.com/essajaila/","https://scontent.cdninstagram.com/v/t51.2885-19/462845911_8993433450687039_5288381225870413431_n.jpg?stp=dst-jpg_s150x150_tt6&_nc_cat=107&ccb=7-5&_nc_sid=f7ccc5&efg=eyJ2ZW5jb2RlX3RhZyI6InByb2ZpbGVfcGljLnd3dy45NDMuQzMifQ%3D%3D&_nc_ohc=ymV5xNFBf6AQ7kNvwE2bwkC&_nc_oc=AdrnGVbOHALKNOMlr2CLQoGRtXkdYlazCjimvogGBijlEtQfII5ZzCCUGH_PfxdcZCV2xWB-7uMkNvBNCBDPVNWj&_nc_zt=24&_nc_ht=scontent.cdninstagram.com&_nc_ss=786a8&oh=00_Af54Ju2bJCE16U_EdmvKKEQiJZx04nt1FfBRLZMXnrTbgw&oe=6A111196","https://www.instagram.com/essajaila/","essajaila","https://www.instagram.com/p/DXkyjneEfDp/c/18203218489341698/","3 sem","Claro, só o PT pode criar perfis e pagar influencers para criticar a direita.","Responder","","Curtir"
"https://www.instagram.com/mona_mony2026/","https://scontent.cdninstagram.com/v/t51.82787-19/689447146_18468841471101379_3981059338187448597_n.jpg?stp=dst-jpg_s150x150_tt6&_nc_cat=103&ccb=7-5&_nc_sid=f7ccc5&efg=eyJ2ZW5jb2RlX3RhZyI6InByb2ZpbGVfcGljLnd3dy4xMDgwLkMzIn0%3D&_nc_ohc=Ev9cS2C_lo8Q7kNvwHIinFf&_nc_oc=Adq6yQXhDOJdwI5qhj8SaxfCsA52T8KLCfQXwEmZrYWH038hguKLXBRsicKHYdMI6eJ6CTRohQSTig0JQKpSICSj&_nc_zt=24&_nc_ht=scontent.cdninstagram.com&_nc_gid=vkEd-5rnNW7Wl7rU3hsYRA&_nc_ss=786a8&oh=00_Af5Z9e_NeHE0_kZU_h5UIxwaCUTAa493KY988TB9ZxiE8w&oe=6A1120F6","https://www.instagram.com/mona_mony2026/","mona_mony2026","https://www.instagram.com/p/DXkyjneEfDp/c/18584806480036719/","3 sem","Patéticos","Responder","","Curtir"
"https://www.instagram.com/paulojovanio1/","https://scontent.cdninstagram.com/v/t51.2885-19/271256216_131835525970285_6730464050929295976_n.jpg?stp=dst-jpg_s150x150_tt6&_nc_cat=105&ccb=7-5&_nc_sid=f7ccc5&efg=eyJ2ZW5jb2RlX3RhZyI6InByb2ZpbGVfcGljLnd3dy41NzYuQzMifQ%3D%3D&_nc_ohc=G778-way4k4Q7kNvwGLg7i0&_nc_oc=Ado65HKT0NHdHGKIk4lc9CkfKhS6kBcjUHvGGk776L8Ff7sp9_tqkbjUdS5c0Ip5pcAWF6vvYQt5hZe3e1o-kz4Y&_nc_zt=24&_nc_ht=scontent.cdninstagram.com&_nc_ss=786a8&oh=00_Af5odTjoLC4Gp5ERnOcAqTiKfQrd0U78GLo42KRkAtfzSw&oe=6A113345","https://www.instagram.com/paulojovanio1/","paulojovanio1","https://www.instagram.com/p/DXkyjneEfDp/c/17933371659248011/","3 sem","Se é IA já é fake 😂😂😂","Responder","","Curtir"
"https://www.instagram.com/riclucchi89/","https://scontent.cdninstagram.com/v/t51.82787-19/632832596_17925387060249415_4678160706047882107_n.jpg?stp=dst-jpg_s150x150_tt6&_nc_cat=110&ccb=7-5&_nc_sid=f7ccc5&efg=eyJ2ZW5jb2RlX3RhZyI6InByb2ZpbGVfcGljLnd3dy4xMDgwLkMzIn0%3D&_nc_ohc=Ui0pG7F8DS0Q7kNvwFlRPGG&_nc_oc=AdrnOliw6oQDfHAzr9GHx6fsgkr_zoq3o3oPoThOVtpVWo0leKlWmCW3B5shKNFcnPWK9o3cccpa4b5C0gspWHuP&_nc_zt=24&_nc_ht=scontent.cdninstagram.com&_nc_gid=vkEd-5rnNW7Wl7rU3hsYRA&_nc_ss=786a8&oh=00_Af4d6hZAfb9_agSfRg-sQXXurVU25zR07SkQHMnuthK8-w&oe=6A1135AC","https://www.instagram.com/riclucchi89/","riclucchi89","https://www.instagram.com/p/DXkyjneEfDp/c/18110882776850032/","3 sem","Inteligência artificial não tem que ter opinião e não vota, não tem representatividade","Responder","","Curtir"
"https://www.instagram.com/andrefelippeee/","https://scontent.cdninstagram.com/v/t51.82787-19/616636396_18548572264026919_2509751049268639809_n.jpg?stp=dst-jpg_s150x150_tt6&_nc_cat=105&ccb=7-5&_nc_sid=f7ccc5&efg=eyJ2ZW5jb2RlX3RhZyI6InByb2ZpbGVfcGljLnd3dy4xMDgwLkMzIn0%3D&_nc_ohc=abgNBXHkTfkQ7kNvwERKVXS&_nc_oc=AdqAScrpsWXqXn-BoMaTJ8oar0vAgaRYxazekihKpFp1y0MsQyGRhS6XXvNvfclHlNe7we7ctuFJl5AJn9q4RM4P&_nc_zt=24&_nc_ht=scontent.cdninstagram.com&_nc_gid=vkEd-5rnNW7Wl7rU3hsYRA&_nc_ss=786a8&oh=00_Af5MO7VUHGEe_vczbrwD2iezSNi6vdlnTm6Cb4Z-lZ82HA&oe=6A1115FE","https://www.instagram.com/andrefelippeee/","andrefelippeee","https://www.instagram.com/p/DXkyjneEfDp/c/17936953260219000/","3 sem","🇧🇷🇧🇷22","Responder","","Curtir"
"https://www.instagram.com/ribeiro_9letr4s/","https://scontent.cdninstagram.com/v/t51.82787-19/650248545_18075067301411770_4120473966850480669_n.jpg?stp=dst-jpg_s150x150_tt6&_nc_cat=100&ccb=7-5&_nc_sid=f7ccc5&efg=eyJ2ZW5jb2RlX3RhZyI6InByb2ZpbGVfcGljLnd3dy4xMDgwLkMzIn0%3D&_nc_ohc=nmfBI8Zj_5UQ7kNvwGQAHk7&_nc_oc=AdpQ2ps6a6dE97koYw9v-nnsGS3QtD_my1f2fwZZ7UqBk8miAhyuJtEB6JDgaAoyISvQrVYTgtg60aWTBioeEFys&_nc_zt=24&_nc_ht=scontent.cdninstagram.com&_nc_gid=vkEd-5rnNW7Wl7rU3hsYRA&_nc_ss=786a8&oh=00_Af6iBBQBsjB6ZIw7wfwU37fbd6Rlo-PFrdZe7m8W5_QEEg&oe=6A111281","https://www.instagram.com/ribeiro_9letr4s/","ribeiro_9letr4s","https://www.instagram.com/p/DXkyjneEfDp/c/18220582315316276/","3 sem","O PT tem medo da verdade por isso querem censurar tudo","Responder","","Curtir"
"https://www.instagram.com/andreiaac_cavalcante/","https://scontent.cdninstagram.com/v/t51.82787-19/684270791_18581624299059072_394414231345475326_n.jpg?stp=dst-jpg_s150x150_tt6&_nc_cat=106&ccb=7-5&_nc_sid=f7ccc5&efg=eyJ2ZW5jb2RlX3RhZyI6InByb2ZpbGVfcGljLnd3dy4xMDgwLkMzIn0%3D&_nc_ohc=L_GG1hAKhGgQ7kNvwGpnm4l&_nc_oc=AdqvzJSBq-1iaLIlvE3jGPMmoUE-omwK8ZT1zK_mz1wT7wEZ6Rbei6Uy4_tnK_Wozvduqlc7m1zu582egvSKriSi&_nc_zt=24&_nc_ht=scontent.cdninstagram.com&_nc_gid=vkEd-5rnNW7Wl7rU3hsYRA&_nc_ss=786a8&oh=00_Af67O4vtb0igCXrQGSrVziEyAcONKVJl4gcOZZgtT56bqw&oe=6A111CDA","https://www.instagram.com/andreiaac_cavalcante/","andreiaac_cavalcante","https://www.instagram.com/p/DXkyjneEfDp/c/18098405855020725/","3 sem","E o desespero é da esquerda ne kkk,aí aí viu","Responder","","Curtir"
"https://www.instagram.com/alessandratellesoficial1/","https://scontent.cdninstagram.com/v/t51.2885-19/128866642_695934960981201_8500153201052386354_n.jpg?stp=dst-jpg_s150x150_tt6&_nc_cat=104&ccb=7-5&_nc_sid=f7ccc5&efg=eyJ2ZW5jb2RlX3RhZyI6InByb2ZpbGVfcGljLnd3dy4xMDgwLkMzIn0%3D&_nc_ohc=WG-3C9VHd3MQ7kNvwHawFVA&_nc_oc=AdoWG4hWEuUyisA-HO3dniGmydxSN1PmfH8F0NOO-2IMZ8djfK7y324wu_KS7F2wMLeoCSQIa49SXA4GyO9MMx1e&_nc_zt=24&_nc_ht=scontent.cdninstagram.com&_nc_ss=786a8&oh=00_Af4MhhCMERXaXU8mtNvamMcRupNNyTEAVnJCqNCX7m6XqA&oe=6A113C67","https://www.instagram.com/alessandratellesoficial1/","alessandratellesoficial1","https://www.instagram.com/p/DXkyjneEfDp/c/17887053336494320/","3 sem","PT QUADRILHA NO PODER ACORDA POVO","Responder","","Curtir"
"https://www.instagram.com/ag.ribeiro76/","https://scontent.cdninstagram.com/v/t51.2885-19/449437742_349125944952661_1544984606508555462_n.jpg?stp=dst-jpg_s150x150_tt6&_nc_cat=101&ccb=7-5&_nc_sid=f7ccc5&efg=eyJ2ZW5jb2RlX3RhZyI6InByb2ZpbGVfcGljLnd3dy4xMDgwLkMzIn0%3D&_nc_ohc=JS9VyC4AUo0Q7kNvwHSgcDl&_nc_oc=Adr0ZGm8LKbKnZjRwoJycXcjZ26PT1JM_bwqCuiquISrN169VR3TGEe---A6Cx2vv7eGOj_jipRYjCWdXvBai3pU&_nc_zt=24&_nc_ht=scontent.cdninstagram.com&_nc_ss=786a8&oh=00_Af7-v8ufsdnwGWvEuqqNi2eA5l5zikgOgDY5CV9D2F4TQg&oe=6A113A08","https://www.instagram.com/ag.ribeiro76/","ag.ribeiro76","https://www.instagram.com/p/DXkyjneEfDp/c/17885280672503399/","3 sem","Sem fake news a direita se acaba","Responder","","Curtir"
"https://www.instagram.com/patricias1977/","https://scontent.cdninstagram.com/v/t51.2885-19/333810437_5915767401852782_8361457454051586560_n.jpg?stp=dst-jpg_s150x150_tt6&_nc_cat=100&ccb=7-5&_nc_sid=f7ccc5&efg=eyJ2ZW5jb2RlX3RhZyI6InByb2ZpbGVfcGljLnd3dy43MzkuQzMifQ%3D%3D&_nc_ohc=cECX4gGxPrIQ7kNvwEWY_i9&_nc_oc=AdqiZkBaqJfxt_6tbhlemVKRz_qrMz763oTkp-P-jjRd0--NFqtBMfJuBDanu89GuxvH6gGnizdPIaU5nBiHdrAa&_nc_zt=24&_nc_ht=scontent.cdninstagram.com&_nc_ss=786a8&oh=00_Af5MIwdEHPc3xsIrBb22Ghjv2QBste6kO4Vx-YFbQruv-Q&oe=6A111547","https://www.instagram.com/patricias1977/","patricias1977","https://www.instagram.com/p/DXkyjneEfDp/c/17913217362369037/","3 sem","Pilantras!","Responder","","Curtir"
"https://www.instagram.com/sander.sander01/","https://scontent.cdninstagram.com/v/t51.2885-19/424948086_404701582061831_2807666229168811548_n.jpg?stp=dst-jpg_s150x150_tt6&_nc_cat=107&ccb=7-5&_nc_sid=f7ccc5&efg=eyJ2ZW5jb2RlX3RhZyI6InByb2ZpbGVfcGljLnd3dy40MDAuQzMifQ%3D%3D&_nc_ohc=HBSNzpiVU7QQ7kNvwET9ZMH&_nc_oc=AdrusPX-T6pLyil9Qhw0ZCuq5avC3Uuj2v1T1JkjqP_gkVwIOy4WoXOllptq9PSllSyZOve92lZLxPAmv-I1HNPZ&_nc_zt=24&_nc_ht=scontent.cdninstagram.com&_nc_ss=786a8&oh=00_Af5oF2W2rIFU4GuLUCljYxIoNZ1D6PcqTJcuiiDidE3gLg&oe=6A1137EA","https://www.instagram.com/sander.sander01/","sander.sander01","https://www.instagram.com/p/DXkyjneEfDp/c/18008818739855295/","3 sem","Vou seguir!","Responder","","Curtir"
"https://www.instagram.com/aldevan.22/","https://scontent.cdninstagram.com/v/t51.82787-19/689878327_18399725989154127_4690348263228698851_n.jpg?stp=dst-jpg_s150x150_tt6&_nc_cat=100&ccb=7-5&_nc_sid=f7ccc5&efg=eyJ2ZW5jb2RlX3RhZyI6InByb2ZpbGVfcGljLnd3dy42NDAuQzMifQ%3D%3D&_nc_ohc=howD7BugNqYQ7kNvwEHvltH&_nc_oc=AdpV1Z2wMClGOQcvz8XHIR3eslK-RxEH65kqdLrUcsSCcdN2_P_mv3k-5f5SbmKkAYQGJOWZnOTybvtdk9AIkxfe&_nc_zt=24&_nc_ht=scontent.cdninstagram.com&_nc_gid=klRl5ApPGqskzRJ766sRVQ&_nc_ss=786a8&oh=00_Af4rFjMtE2jJeuh_QYLt4rZ-NPq5bOAPycs6zHTCzrmXXw&oe=6A1130FA","https://www.instagram.com/aldevan.22/","aldevan.22","https://www.instagram.com/p/DXkyjneEfDp/c/18096597221165855/","3 sem","Cadê o perfil","Responder","","Curtir"
"https://www.instagram.com/marcio_trajanorj/","https://scontent.cdninstagram.com/v/t51.2885-19/463642818_1073773854367443_2802747284366729546_n.jpg?stp=dst-jpg_s150x150_tt6&_nc_cat=107&ccb=7-5&_nc_sid=f7ccc5&efg=eyJ2ZW5jb2RlX3RhZyI6InByb2ZpbGVfcGljLnd3dy44NjQuQzMifQ%3D%3D&_nc_ohc=Xhaxf3Z6UEgQ7kNvwE1OjaT&_nc_oc=AdobkKYNK9yyau3OfKw2Axe715WS8qiZCZGO-i8Unh6PXOLzy-9MJ8a9jN3GMdmhPUVirKoylpYhSpDATU-CX1Nd&_nc_zt=24&_nc_ht=scontent.cdninstagram.com&_nc_ss=786a8&oh=00_Af4jU7dGFjyrJ66AqHnjeHAY4rf9eNpKp2XsYxxnQHM4Ug&oe=6A112ACA","https://www.instagram.com/marcio_trajanorj/","marcio_trajanorj","https://www.instagram.com/p/DXkyjneEfDp/c/18133946173550431/","3 sem","","Responder","","Curtir"
"https://www.instagram.com/marcio_trajanorj/","https://scontent.cdninstagram.com/v/t51.2885-19/463642818_1073773854367443_2802747284366729546_n.jpg?stp=dst-jpg_s150x150_tt6&_nc_cat=107&ccb=7-5&_nc_sid=f7ccc5&efg=eyJ2ZW5jb2RlX3RhZyI6InByb2ZpbGVfcGljLnd3dy44NjQuQzMifQ%3D%3D&_nc_ohc=Xhaxf3Z6UEgQ7kNvwE1OjaT&_nc_oc=AdobkKYNK9yyau3OfKw2Axe715WS8qiZCZGO-i8Unh6PXOLzy-9MJ8a9jN3GMdmhPUVirKoylpYhSpDATU-CX1Nd&_nc_zt=24&_nc_ht=scontent.cdninstagram.com&_nc_ss=786a8&oh=00_Af4jU7dGFjyrJ66AqHnjeHAY4rf9eNpKp2XsYxxnQHM4Ug&oe=6A112ACA","https://www.instagram.com/marcio_trajanorj/","marcio_trajanorj","https://www.instagram.com/p/DXkyjneEfDp/c/18128818567568127/","3 sem","","Responder","","Curtir"
"https://www.instagram.com/marcio_trajanorj/","https://scontent.cdninstagram.com/v/t51.2885-19/463642818_1073773854367443_2802747284366729546_n.jpg?stp=dst-jpg_s150x150_tt6&_nc_cat=107&ccb=7-5&_nc_sid=f7ccc5&efg=eyJ2ZW5jb2RlX3RhZyI6InByb2ZpbGVfcGljLnd3dy44NjQuQzMifQ%3D%3D&_nc_ohc=Xhaxf3Z6UEgQ7kNvwE1OjaT&_nc_oc=AdobkKYNK9yyau3OfKw2Axe715WS8qiZCZGO-i8Unh6PXOLzy-9MJ8a9jN3GMdmhPUVirKoylpYhSpDATU-CX1Nd&_nc_zt=24&_nc_ht=scontent.cdninstagram.com&_nc_ss=786a8&oh=00_Af4jU7dGFjyrJ66AqHnjeHAY4rf9eNpKp2XsYxxnQHM4Ug&oe=6A112ACA","https://www.instagram.com/marcio_trajanorj/","marcio_trajanorj","https://www.instagram.com/p/DXkyjneEfDp/c/18127210726597820/","3 sem","Atacar não !! Dizer verdades !!!!","Responder","","Curtir"
"https://www.instagram.com/ale.liman/","https://scontent.cdninstagram.com/v/t51.82787-19/672342799_17884143324530815_9067042285829935040_n.jpg?stp=dst-jpg_s150x150_tt6&_nc_cat=107&ccb=7-5&_nc_sid=f7ccc5&efg=eyJ2ZW5jb2RlX3RhZyI6InByb2ZpbGVfcGljLnd3dy4xMDgwLkMzIn0%3D&_nc_ohc=rLmiZlek2MIQ7kNvwHjAIvx&_nc_oc=AdpI6ScddrHuO94RzYk5N3wqgChk84Iz3qils52BILce56nGfM_ICTGwSDh2dWTnem4HVdKMjCSuEfA0fiUOCcVo&_nc_zt=24&_nc_ht=scontent.cdninstagram.com&_nc_gid=klRl5ApPGqskzRJ766sRVQ&_nc_ss=786a8&oh=00_Af6xD3ck2yB-FhXBM3Lzfm5gM8IHJR3Kzmx3YsVVjw65xQ&oe=6A1143C7","https://www.instagram.com/ale.liman/","ale.liman","https://www.instagram.com/p/DXkyjneEfDp/c/18111330701500743/","3 sem","Black Mirror","Responder","","Curtir"
"https://www.instagram.com/prearopatricia/","https://scontent.cdninstagram.com/v/t51.82787-19/523540425_17850472854511843_6376412570744246100_n.jpg?stp=dst-jpg_s150x150_tt6&_nc_cat=105&ccb=7-5&_nc_sid=f7ccc5&efg=eyJ2ZW5jb2RlX3RhZyI6InByb2ZpbGVfcGljLnd3dy4xMDgwLkMzIn0%3D&_nc_ohc=gyl9oN7VzpIQ7kNvwFFREJu&_nc_oc=Adog4OYI-GUYeaEsR2DiyI5TGIE5WAWRk_rCyc8e_iZ2H_AxxekPiRnWscHLjg39JryV9FMFQTD3hh3lQxu5a538&_nc_zt=24&_nc_ht=scontent.cdninstagram.com&_nc_gid=klRl5ApPGqskzRJ766sRVQ&_nc_ss=786a8&oh=00_Af6GG25QLvsJfyx3Vt7AhmJ6IQxkRNbYGjTohZldsPPchw&oe=6A114161","https://www.instagram.com/prearopatricia/","prearopatricia","https://www.instagram.com/p/DXkyjneEfDp/c/18028464404813321/","3 sem","PRA CIMA DONA MARIA 👏👏👏👏","Responder","","Curtir"
"https://www.instagram.com/dejeanandrello/","https://scontent.cdninstagram.com/v/t51.82787-19/566683154_18172064119364778_2991389388392460854_n.jpg?stp=dst-jpg_s150x150_tt6&_nc_cat=101&ccb=7-5&_nc_sid=f7ccc5&efg=eyJ2ZW5jb2RlX3RhZyI6InByb2ZpbGVfcGljLnd3dy4xMDgwLkMzIn0%3D&_nc_ohc=iPLlWRdj0q4Q7kNvwFd6LCE&_nc_oc=AdqaUid-dWN8isTFx8Wv9VofCYZ0OW9RXYyDTevQKquVP4VSTC2oqm8tQhhl9tI51xQCAHPncfTvA-gGOMBO9yma&_nc_zt=24&_nc_ht=scontent.cdninstagram.com&_nc_gid=klRl5ApPGqskzRJ766sRVQ&_nc_ss=786a8&oh=00_Af4DH6BE5JF8cvdg228-6fPukWPZJh4yUP-HJclaJ5Jn6Q&oe=6A110F09","https://www.instagram.com/dejeanandrello/","dejeanandrello","https://www.instagram.com/p/DXkyjneEfDp/c/18101606812803637/","3 sem","😂😂","Responder","","Curtir"
"https://www.instagram.com/rose.alves815/","https://scontent.cdninstagram.com/v/t51.2885-19/440698878_4294640737428999_4957137962460608902_n.jpg?stp=dst-jpg_s150x150_tt6&_nc_cat=106&ccb=7-5&_nc_sid=f7ccc5&efg=eyJ2ZW5jb2RlX3RhZyI6InByb2ZpbGVfcGljLnd3dy4xMDc5LkMzIn0%3D&_nc_ohc=xFvJ8JfWwwoQ7kNvwGPhsfN&_nc_oc=Adp9avbax0uZ-lOQ28t3eto-nInJ2a5D085icpzCDRcJL_fRbckSeosN8ktefAqOegFayHVJhRMuz5twdcW9mFtm&_nc_zt=24&_nc_ht=scontent.cdninstagram.com&_nc_ss=786a8&oh=00_Af7iJyhR8fou23Rbg02LCuojDHIklAydgJRsfbgcjs4-_g&oe=6A1144AD","https://www.instagram.com/rose.alves815/","rose.alves815","https://www.instagram.com/p/DXkyjneEfDp/c/18119588110654430/","3 sem","Desinformação não, aqui só tem realidade, o problema do PT é que todos que falam a verdade, eles querem calar. É ditadura que fala? O Lula em si já é a própria faknews 😂","Responder","","Curtir"
"https://www.instagram.com/lilianemendes255/","https://scontent.cdninstagram.com/v/t51.75761-19/503081984_17881396170318593_2885570460161132765_n.jpg?stp=dst-jpg_s150x150_tt6&_nc_cat=104&ccb=7-5&_nc_sid=f7ccc5&efg=eyJ2ZW5jb2RlX3RhZyI6InByb2ZpbGVfcGljLnd3dy4xMDgwLkMzIn0%3D&_nc_ohc=z5HBaK-dSI8Q7kNvwHq2n0r&_nc_oc=AdrQR6AxZxVchcedx8eGsHMXZrzOiMgxUPsFDlOMohzqlhF3y1kd7Q5lD2__A7033irDZSdTxg5TpVxVQNj5PVk6&_nc_zt=24&_nc_ht=scontent.cdninstagram.com&_nc_gid=klRl5ApPGqskzRJ766sRVQ&_nc_ss=786a8&oh=00_Af6psg3eeYBPOcoee5JhlYLzZFl-8PadOsc6G4pmgKv45w&oe=6A114191","https://www.instagram.com/lilianemendes255/","lilianemendes255","https://www.instagram.com/p/DXkyjneEfDp/c/18266337430290583/","3 sem","👏👏👏👏👏👏👏👏","Responder","","Curtir"
"https://www.instagram.com/neverton_rossi/","https://scontent.cdninstagram.com/v/t51.2885-19/177684178_186973813263444_7399982374263412516_n.jpg?stp=dst-jpg_s150x150_tt6&_nc_cat=106&ccb=7-5&_nc_sid=f7ccc5&efg=eyJ2ZW5jb2RlX3RhZyI6InByb2ZpbGVfcGljLnd3dy4xMDgwLkMzIn0%3D&_nc_ohc=gij3JIGQpvsQ7kNvwGakitg&_nc_oc=AdpSv5oQ_M-WedRaDiw6NlLU20J5H9HHt0t9L5PxyQKR2to37vKynUo5Zs5rOTkBdo0uZm196-uZwLaOJDJfy4FD&_nc_zt=24&_nc_ht=scontent.cdninstagram.com&_nc_ss=786a8&oh=00_Af5O2Fnsv2eo-ruWo_atVU-sIoa43MTxMUJBiG9nYN_bXA&oe=6A1134AC","https://www.instagram.com/neverton_rossi/","neverton_rossi","https://www.instagram.com/p/DXkyjneEfDp/c/18099779312074539/","3 sem","Só vi verdades","Responder","","Curtir"
"https://www.instagram.com/glauciaaps/","https://scontent.cdninstagram.com/v/t51.82787-19/653653270_18396673507195416_6581472839094050253_n.jpg?stp=dst-jpg_s150x150_tt6&_nc_cat=105&ccb=7-5&_nc_sid=f7ccc5&efg=eyJ2ZW5jb2RlX3RhZyI6InByb2ZpbGVfcGljLnd3dy44MTAuQzMifQ%3D%3D&_nc_ohc=_T410hb_on0Q7kNvwHjFJl4&_nc_oc=Adq_jia6ZNJhux3k7cbCcf2RN5bk0JpLnoY9eEx50vbHHOzOqJWDOVuwkiIBYU2g59G4ZmZZqT0BApNBJG6Ra1oZ&_nc_zt=24&_nc_ht=scontent.cdninstagram.com&_nc_gid=klRl5ApPGqskzRJ766sRVQ&_nc_ss=786a8&oh=00_Af5rFJUt9VIo29hBGtI15DqgUppD4XFIlbZHkRsthk9rbA&oe=6A110E17","https://www.instagram.com/glauciaaps/","glauciaaps","https://www.instagram.com/p/DXkyjneEfDp/c/18101362816826795/","3 sem","Se doeu, porque é verdade👏😂","Responder","","Curtir"
"https://www.instagram.com/edu_florencio/","https://scontent.cdninstagram.com/v/t51.82787-19/672305639_18416429593135403_8964122814284201450_n.jpg?stp=dst-jpg_s150x150_tt6&_nc_cat=106&ccb=7-5&_nc_sid=f7ccc5&efg=eyJ2ZW5jb2RlX3RhZyI6InByb2ZpbGVfcGljLnd3dy4xMDgwLkMzIn0%3D&_nc_ohc=OgoeZD1s5NgQ7kNvwGiw4ly&_nc_oc=AdqM6fTZZ9b7rC7AkECm_rgtMEL44KVTmmrFR-q7CbgYAikUTtWuvyj7yk2bhOWHz3YRZ29Icteo7eA30ooKcFcZ&_nc_zt=24&_nc_ht=scontent.cdninstagram.com&_nc_gid=klRl5ApPGqskzRJ766sRVQ&_nc_ss=786a8&oh=00_Af5UBgPSkjBFNbKSayY1rQXcfnkfMGKPan_xWZsxoUuBWg&oe=6A1115D7","https://www.instagram.com/edu_florencio/","edu_florencio","https://www.instagram.com/p/DXkyjneEfDp/c/18090498604984747/","3 sem","Medo da verdade 😂😂😂","Responder","","Curtir"
"https://www.instagram.com/cassiabrasilia/","https://scontent.cdninstagram.com/v/t51.2885-19/11191295_1611890682411059_402706310_a.jpg?_nc_cat=101&ccb=7-5&_nc_sid=f7ccc5&efg=eyJ2ZW5jb2RlX3RhZyI6InByb2ZpbGVfcGljLnd3dy4xNTAuQzMifQ%3D%3D&_nc_ohc=UYEsLLzjT4EQ7kNvwHqkgX3&_nc_oc=AdrLis8H0Gq53Ygge3LwnExyCNR1tF7xERmIjbClN9AVG2ZK46I-bv-Gxbh3PYa6aBSpOpTnkcgZxHmz0M4gToHj&_nc_zt=24&_nc_ht=scontent.cdninstagram.com&_nc_ss=786a8&oh=00_Af7FIJuseKa_R6gzYYx7HUP7cwesWL3NrVvW9DObiOBDAg&oe=6A1120B7","https://www.instagram.com/cassiabrasilia/","cassiabrasilia","https://www.instagram.com/p/DXkyjneEfDp/c/18588491515007635/","3 sem","Dona Maria para senadora 👏👏👏","Responder","","Curtir"
"https://www.instagram.com/afraniocalixto_muaythai/","https://scontent.cdninstagram.com/v/t51.2885-19/464356876_8474140086011673_6406699926260124066_n.jpg?stp=dst-jpg_s150x150_tt6&_nc_cat=103&ccb=7-5&_nc_sid=f7ccc5&efg=eyJ2ZW5jb2RlX3RhZyI6InByb2ZpbGVfcGljLnd3dy4xMDgwLkMzIn0%3D&_nc_ohc=8Cn8GLRbl8UQ7kNvwEqp38Q&_nc_oc=Adr8PHh2YSRXh6UG2WVIqfcaW9NXEEXWS8kl7F6utBYfHtvIME_YSdjw2A2mSqGq1SMzdGk76H7_AIzxmGcBb_sv&_nc_zt=24&_nc_ht=scontent.cdninstagram.com&_nc_ss=786a8&oh=00_Af5eN95n3TY9GO-BvSah3A20298bzUqQVBI40FXVwC4xiQ&oe=6A111E39","https://www.instagram.com/afraniocalixto_muaythai/","afraniocalixto_muaythai","https://www.instagram.com/p/DXkyjneEfDp/c/18351807343232147/","3 sem","Parabéns dona Maria, seja nossa voz q tá oprimida","Responder","","Curtir"
"https://www.instagram.com/mhemerson/","https://scontent.cdninstagram.com/v/t51.82787-19/557669378_18529437571022886_8922779524745440514_n.jpg?stp=dst-jpg_s150x150_tt6&_nc_cat=103&ccb=7-5&_nc_sid=f7ccc5&efg=eyJ2ZW5jb2RlX3RhZyI6InByb2ZpbGVfcGljLnd3dy4xMDc4LkMzIn0%3D&_nc_ohc=BptgvhfBXfwQ7kNvwHMUQ08&_nc_oc=AdrCdEGwzt_TcJh4p_NA82TTIdkkQMe1xV3NHlAg6AEWZEoqG0y0_6ItnbYu0YZ3Ygj4v3C3OHOs2Zf0diC9vDe5&_nc_zt=24&_nc_ht=scontent.cdninstagram.com&_nc_gid=IYI6Mzjw4mhHEato1cRqIg&_nc_ss=786a8&oh=00_Af7kC41tTJMZZZJcrhPKgZW0gnwFQVqoOUBB4mxdv8gfwA&oe=6A1138FF","https://www.instagram.com/mhemerson/","mhemerson","https://www.instagram.com/p/DXkyjneEfDp/c/18090267908217018/","3 sem","O próprio dono da página disse que ""a verdade não dá engajamento"". O que esperar do bolsonarismo???","Responder","","Curtir"
"https://www.instagram.com/anapaulafroes.adv/","https://scontent.cdninstagram.com/v/t51.82787-19/681515934_18101540414319640_188001765752387892_n.jpg?stp=dst-jpg_s150x150_tt6&_nc_cat=100&ccb=7-5&_nc_sid=f7ccc5&efg=eyJ2ZW5jb2RlX3RhZyI6InByb2ZpbGVfcGljLnd3dy4xMDgwLkMzIn0%3D&_nc_ohc=uuMU88jaKP0Q7kNvwGPfZyl&_nc_oc=AdpwVjcUzDAipzv3OOYF7YrKDUvE9mp7hOk3mtz02ZrL3uYc8LNY7wWn4PrK9lf33MQHJux3wrwY9uCr00XHn09i&_nc_zt=24&_nc_ht=scontent.cdninstagram.com&_nc_gid=IYI6Mzjw4mhHEato1cRqIg&_nc_ss=786a8&oh=00_Af4U_vfOxUVo-EmK8WJuHp9jQTXdbp3bPSXGp1WN6E-Cnw&oe=6A11303B","https://www.instagram.com/anapaulafroes.adv/","anapaulafroes.adv","https://www.instagram.com/p/DXkyjneEfDp/c/17991132122971866/","3 sem","Derruba uma, amanhã aparecem mais dez contas como essa. É como enxugar gelo 🧊","Responder","","Curtir"
"https://www.instagram.com/andr.ecarvalhoo/","https://scontent.cdninstagram.com/v/t51.82787-19/606144614_18076277090253787_159963947527882732_n.jpg?stp=dst-jpg_s150x150_tt6&_nc_cat=105&ccb=7-5&_nc_sid=f7ccc5&efg=eyJ2ZW5jb2RlX3RhZyI6InByb2ZpbGVfcGljLnd3dy4xMDgwLkMzIn0%3D&_nc_ohc=JWw6B2HwKDkQ7kNvwFs_KlE&_nc_oc=AdoA-eqBRTxJUELRJJaS4aXMTQI5-e51u_WILuxx4U-rLyLzpkhVjGTVsh3VJ-KX3WCImaJgJEMen9YMEw5fPyK4&_nc_zt=24&_nc_ht=scontent.cdninstagram.com&_nc_gid=IYI6Mzjw4mhHEato1cRqIg&_nc_ss=786a8&oh=00_Af7Aej8TNycpklcZ1JWcyl5NRdfT3FcviCViItfNUR99xw&oe=6A113736","https://www.instagram.com/andr.ecarvalhoo/","andr.ecarvalhoo","https://www.instagram.com/p/DXkyjneEfDp/c/17970115023022851/","3 sem","É 13 neles","Responder","","Curtir"
"https://www.instagram.com/lillysr2004/","https://scontent.cdninstagram.com/v/t51.82787-19/641944288_18112857787729214_8214853770312532499_n.jpg?stp=dst-jpg_s150x150_tt6&_nc_cat=102&ccb=7-5&_nc_sid=f7ccc5&efg=eyJ2ZW5jb2RlX3RhZyI6InByb2ZpbGVfcGljLnd3dy4xMDgwLkMzIn0%3D&_nc_ohc=rky1xsJT5GYQ7kNvwH75_EU&_nc_oc=AdqwwqlphO0zOlJG9xsm52oCCgBobhvLrWcD2lJZD9e-9pFqqW01Bjn6CphAjb3rs6ISG0iflZCU6CehlDkkVONa&_nc_zt=24&_nc_ht=scontent.cdninstagram.com&_nc_gid=IYI6Mzjw4mhHEato1cRqIg&_nc_ss=786a8&oh=00_Af4aCghhtMnps5E2IQaZIL7BPHNsDxbUt4CpOCgFQLL37Q&oe=6A113112","https://www.instagram.com/lillysr2004/","lillysr2004","https://www.instagram.com/p/DXkyjneEfDp/c/17923964457312628/","3 sem","😂😂😂😂😂😂 é IA mas é vdd...😂😂😂😂","Responder","","Curtir"
"https://www.instagram.com/denilsio_lino_andrade/","https://scontent.cdninstagram.com/v/t51.75761-19/491505694_18388013218119033_2011100532871018256_n.jpg?stp=dst-jpg_s150x150_tt6&_nc_cat=101&ccb=7-5&_nc_sid=f7ccc5&efg=eyJ2ZW5jb2RlX3RhZyI6InByb2ZpbGVfcGljLnd3dy42NDAuQzMifQ%3D%3D&_nc_ohc=OBln2hth5aQQ7kNvwEgm_pi&_nc_oc=Adr1ZLAlwAw2fbzE8AFMQudxKvtMYt-VBpW9OgCXYKCY6dqpfGwgVRLb5f_JvNtsu7ebWY_bzv6Qqy27l6RQaDUi&_nc_zt=24&_nc_ht=scontent.cdninstagram.com&_nc_gid=IYI6Mzjw4mhHEato1cRqIg&_nc_ss=786a8&oh=00_Af7kho0choJChbOOK-9hdeqlfUNR8SGoSLdv8K46RoIihw&oe=6A1141CA","https://www.instagram.com/denilsio_lino_andrade/","denilsio_lino_andrade","https://www.instagram.com/p/DXkyjneEfDp/c/18135216238531276/","3 sem","Kkkkkkkkkkkkkkkkkkk IA política p","Responder","","Curtir"
"https://www.instagram.com/rosi_alves99/","https://scontent.cdninstagram.com/v/t51.2885-19/336933776_533540635528057_6728719380741429078_n.jpg?stp=dst-jpg_s150x150_tt6&_nc_cat=103&ccb=7-5&_nc_sid=f7ccc5&efg=eyJ2ZW5jb2RlX3RhZyI6InByb2ZpbGVfcGljLnd3dy4xMDgwLkMzIn0%3D&_nc_ohc=8gRnfUeyuUEQ7kNvwEgSGtd&_nc_oc=AdpaF7sTt9NQn4izJ2dbiXriu8Y3TI6h_jobWdHPsLD7KoeerG-TlaMC_NOkCCvSwLPVQoNovubaSRKGmvjRenZH&_nc_zt=24&_nc_ht=scontent.cdninstagram.com&_nc_ss=786a8&oh=00_Af4edSaiPgnuzpqw1HNl6bAFJWr4QMSVb5P7hCQl8Ndpwg&oe=6A112ACE","https://www.instagram.com/rosi_alves99/","rosi_alves99","https://www.instagram.com/p/DXkyjneEfDp/c/17938226313237729/","3 sem","😂😂😂 Desce a lenha aí D. Maria!!!!","Responder","","Curtir"
"https://www.instagram.com/mariana_fae/","https://scontent.cdninstagram.com/v/t51.2885-19/439319322_413146891668669_3259321961586466085_n.jpg?stp=dst-jpg_s150x150_tt6&_nc_cat=101&ccb=7-5&_nc_sid=f7ccc5&efg=eyJ2ZW5jb2RlX3RhZyI6InByb2ZpbGVfcGljLnd3dy4xMDgwLkMzIn0%3D&_nc_ohc=YYvKHWhfVR4Q7kNvwEBd6sQ&_nc_oc=Adq2UO6dw22kMRV-nxxV6JHh54B4ZSGFl40WEKsnn12xlt9r4yGw0BY9v93qt8q4rfDoBzcztEBZT7B7LreBiSm7&_nc_zt=24&_nc_ht=scontent.cdninstagram.com&_nc_ss=786a8&oh=00_Af6q09xk3qOHNSnYXnh8WcHXWlxhRivPd1oEUtSR-S5T6Q&oe=6A112C28","https://www.instagram.com/mariana_fae/","mariana_fae","https://www.instagram.com/p/DXkyjneEfDp/c/18203440636338619/","3 sem","Por traz de você tem um imbecil que usa a figura de uma senhora negra pra fingir que é da galera.  Mas a gente sabe... por traz de você tem um bolsonaro, um nikolas ferreira, uma pavanato, um kataguiri....","Responder","","Curtir"
"https://www.instagram.com/suzana_m_cruz/","https://scontent.cdninstagram.com/v/t51.2885-19/481140340_2046098395858298_7634241844454441351_n.jpg?stp=dst-jpg_s150x150_tt6&_nc_cat=102&ccb=7-5&_nc_sid=f7ccc5&efg=eyJ2ZW5jb2RlX3RhZyI6InByb2ZpbGVfcGljLnd3dy4xMDgwLkMzIn0%3D&_nc_ohc=CEz_7E_F3zAQ7kNvwG8I2rh&_nc_oc=Ado4szXxtS1Itnuwx-eWPVHXvGEVOQTHF0c-7tw_wnW8LkoZSLEtRc6jStZrgvxdUSNBLuwggv-3TEJZDjZngDw5&_nc_zt=24&_nc_ht=scontent.cdninstagram.com&_nc_ss=786a8&oh=00_Af4qGeTQRKg_7s17vnLsfn5xxqJqBYBM7SCYsVlIatDw5Q&oe=6A112075","https://www.instagram.com/suzana_m_cruz/","suzana_m_cruz","https://www.instagram.com/p/DXkyjneEfDp/c/18173028037404521/","3 sem","Obrigada PT pelo marketing! Já vou seguir! 👏👏👏","Responder","","Curtir"
"https://www.instagram.com/luciano_tb/","https://scontent.cdninstagram.com/v/t51.2885-19/441762689_839739654634328_4705715110305349496_n.jpg?stp=dst-jpg_s150x150_tt6&_nc_cat=105&ccb=7-5&_nc_sid=f7ccc5&efg=eyJ2ZW5jb2RlX3RhZyI6InByb2ZpbGVfcGljLnd3dy41MDQuQzMifQ%3D%3D&_nc_ohc=pwaTi5gHkiYQ7kNvwE2KgkK&_nc_oc=AdrCIa_6tpipepV6D6tUpTvj5xOFZYf_RWjOuIOARU1kRus5cVS0a4tNxYjvyMq1BcCm5sUtFmoFWEFRW7otyvnl&_nc_zt=24&_nc_ht=scontent.cdninstagram.com&_nc_ss=786a8&oh=00_Af64D6AQdBiB4W1so-MMN0rpJ-g4vlVphiiqJsz65jV23w&oe=6A113DC0","https://www.instagram.com/luciano_tb/","luciano_tb","https://www.instagram.com/p/DXkyjneEfDp/c/18108065975504488/","3 sem","O criador da página fala em desespero, mas criou um personagem em inteligência artificial para ofender (esse é o termo certo) gratuitamente as pessoas e instituições 😂😂😂","Responder","","Curtir"
"https://www.instagram.com/fabianaquintanafreire/","https://scontent.cdninstagram.com/v/t51.82787-19/525312795_18051246116434608_1448228356760156631_n.jpg?stp=dst-jpg_s150x150_tt6&_nc_cat=106&ccb=7-5&_nc_sid=f7ccc5&efg=eyJ2ZW5jb2RlX3RhZyI6InByb2ZpbGVfcGljLnd3dy45NTUuQzMifQ%3D%3D&_nc_ohc=qqOGJirZJ28Q7kNvwEO8KnV&_nc_oc=AdpfH4rRu_uFPEkj2bNuVISimPQtcOUTep4pOV8VwDF3kmaRg8ZdDqdBR49Lbd_Xxmg-gMUjk10C6MDnev6cNoqs&_nc_zt=24&_nc_ht=scontent.cdninstagram.com&_nc_gid=IYI6Mzjw4mhHEato1cRqIg&_nc_ss=786a8&oh=00_Af4FBvijepEKpCIRoJoYd7Ny-7AI-EtQn0Ko9FanW8lpaw&oe=6A113F97","https://www.instagram.com/fabianaquintanafreire/","fabianaquintanafreire","https://www.instagram.com/p/DXkyjneEfDp/c/18543868618064950/","3 sem","A página já é a fake news.","Responder","","Curtir"
"https://www.instagram.com/tuliramendes/","https://scontent.cdninstagram.com/v/t51.2885-19/294166523_901865894540288_1025114754286779459_n.jpg?stp=dst-jpg_s150x150_tt6&_nc_cat=111&ccb=7-5&_nc_sid=f7ccc5&efg=eyJ2ZW5jb2RlX3RhZyI6InByb2ZpbGVfcGljLnd3dy4xMDgwLkMzIn0%3D&_nc_ohc=RSV1XcGfyGcQ7kNvwHHcYL7&_nc_oc=AdqEtM2s1s5kMMmln4vXa22ywsMRrkvO3Oy2r4ziN8sRiENyIh9ootowgQfL-xj-y3m8KGug-Q2FDHtKL2OpVd19&_nc_zt=24&_nc_ht=scontent.cdninstagram.com&_nc_ss=786a8&oh=00_Af446Gv8dHDBHVP7Qii1jfOAhQmr8g2JUoH5cFQw3_w7Gg&oe=6A113C2B","https://www.instagram.com/tuliramendes/","tuliramendes","https://www.instagram.com/p/DXkyjneEfDp/c/18097786397107588/","3 sem","Atacar o lula é muito fácil....É so falar a verdade 😂","Responder","","Curtir"
"https://www.instagram.com/guigageraldee/","https://scontent.cdninstagram.com/v/t51.82787-19/591147163_18542883937011869_5307844214025316047_n.jpg?stp=dst-jpg_s150x150_tt6&_nc_cat=101&ccb=7-5&_nc_sid=f7ccc5&efg=eyJ2ZW5jb2RlX3RhZyI6InByb2ZpbGVfcGljLnd3dy4xMDgwLkMzIn0%3D&_nc_ohc=60YaNb3Yq1MQ7kNvwHqjzD3&_nc_oc=AdqPYindWXh7avvdPMX1D47fb1zUvCKFRGNICac2QBW7jHZTTh6ynru4a3u2pDIBKb-K5AjYNeI7qYZ1_bOaSWQn&_nc_zt=24&_nc_ht=scontent.cdninstagram.com&_nc_gid=IYI6Mzjw4mhHEato1cRqIg&_nc_ss=786a8&oh=00_Af7-ei90nuqti0pk6r-sN09Tz5CEVS-FJY5xzw8eatMDHw&oe=6A11332A","https://www.instagram.com/guigageraldee/","guigageraldee","https://www.instagram.com/p/DXkyjneEfDp/c/18135580216530621/","3 sem","Opa, achei mais uma pagina boa pra seguir. Valeu, pt, por me apresentar a pagina.","Responder","","Curtir"
"https://www.instagram.com/karolinyaragao/","https://scontent.cdninstagram.com/v/t51.82787-19/695781720_18462468202106956_362882121909131989_n.jpg?stp=dst-jpg_s150x150_tt6&_nc_cat=108&ccb=7-5&_nc_sid=f7ccc5&efg=eyJ2ZW5jb2RlX3RhZyI6InByb2ZpbGVfcGljLnd3dy4xMDgwLkMzIn0%3D&_nc_ohc=_llZtv_gVOAQ7kNvwFatQKf&_nc_oc=AdrXpp-L33GuuYq-n8ILhjKnnwkNykfPPozhDa6DwgvqaL74mkJCtckL_BI0Pos0pnOnCRXGFH8aZdh1H5OHxWih&_nc_zt=24&_nc_ht=scontent.cdninstagram.com&_nc_gid=30n89UW24wUTMZjsshbTeA&_nc_ss=786a8&oh=00_Af5UA1WNEZKzXXmg07e5G3O8hNh5b35SXjqp-fYylW09Og&oe=6A111759","https://www.instagram.com/karolinyaragao/","karolinyaragao","https://www.instagram.com/p/DXkyjneEfDp/c/17877347679577656/","3 sem","Quando um grupo não possui propostas que beneficiem uma nação, partem pro ataque e baixaria.","Responder","","Curtir"
"https://www.instagram.com/araras.do.povo/","https://scontent.cdninstagram.com/v/t51.82787-19/659038837_18085818230019021_7642077784027941960_n.jpg?stp=dst-jpg_s150x150_tt6&_nc_cat=106&ccb=7-5&_nc_sid=f7ccc5&efg=eyJ2ZW5jb2RlX3RhZyI6InByb2ZpbGVfcGljLnd3dy4xMDgwLkMzIn0%3D&_nc_ohc=9OLON4Hk_YQQ7kNvwH_CqxY&_nc_oc=AdrHXcHChiaAuawsZjA39AdMKoL4UbZIGzF_K2rcQ_6CAknWcaELGYAWgwfRfkOMikZvkxzmxiws4UKUKjN9zvOq&_nc_zt=24&_nc_ht=scontent.cdninstagram.com&_nc_gid=30n89UW24wUTMZjsshbTeA&_nc_ss=786a8&oh=00_Af7OGV8z7WdT0ubj_GOvKfPfd59eceNvSQKmcQ13UM5glw&oe=6A112526","https://www.instagram.com/araras.do.povo/","araras.do.povo","https://www.instagram.com/p/DXkyjneEfDp/c/18103607435486877/","3 sem","I.A. de direita.","Responder","","Curtir"
"https://www.instagram.com/hiltonbenke/","https://scontent.cdninstagram.com/v/t51.2885-19/368135372_1016613192858399_825540675882953807_n.jpg?stp=dst-jpg_s150x150_tt6&_nc_cat=111&ccb=7-5&_nc_sid=f7ccc5&efg=eyJ2ZW5jb2RlX3RhZyI6InByb2ZpbGVfcGljLnd3dy4xMDgwLkMzIn0%3D&_nc_ohc=WEYnzfCf-2AQ7kNvwEjlXSg&_nc_oc=Adp4CHLW5tVtK6aGu0AnjgefYYmPSKqBuv_0uiEl6JxsbRKxn-grtt9jvT6YseidNEW6zZ6ipM9ys5Ejj5w_DJM8&_nc_zt=24&_nc_ht=scontent.cdninstagram.com&_nc_ss=786a8&oh=00_Af5D89VvjrqjgpgQxEl-TPDBvNKqicqRipidak7k_dj8oA&oe=6A112234","https://www.instagram.com/hiltonbenke/","hiltonbenke","https://www.instagram.com/p/DXkyjneEfDp/c/18103750402757596/","3 sem","Eu não sou IA, e quero que o Lula suma da face da terra.","Responder","","Curtir"
"https://www.instagram.com/gilberemanuel_/","https://scontent.cdninstagram.com/v/t51.82787-19/530781197_18278272015279796_92511895012678140_n.jpg?stp=dst-jpg_s150x150_tt6&_nc_cat=111&ccb=7-5&_nc_sid=f7ccc5&efg=eyJ2ZW5jb2RlX3RhZyI6InByb2ZpbGVfcGljLnd3dy4xMDgwLkMzIn0%3D&_nc_ohc=xLb6D4R-NEEQ7kNvwG49M-V&_nc_oc=Adr5BN7fiAlcae9S70hojGo_5l8wF6VrtCnhk6lp_MkoYAV2cK4D7ftg_M5B207Niu9gf5PkqOmKxRrtn4BCkB-j&_nc_zt=24&_nc_ht=scontent.cdninstagram.com&_nc_gid=30n89UW24wUTMZjsshbTeA&_nc_ss=786a8&oh=00_Af4SWgmQuLr3B6r4CgdYCugrCmpTZAIIerpH9ZFpDjy3Rg&oe=6A111AC8","https://www.instagram.com/gilberemanuel_/","gilberemanuel_","https://www.instagram.com/p/DXkyjneEfDp/c/18053071223741312/","3 sem","O dono é um motorista de Uber. Pobre de direita. Imagina??!!","Responder","","Curtir"
"https://www.instagram.com/henriquecrl16/","https://scontent.cdninstagram.com/v/t51.82787-19/700334125_18103161535969906_1675192540687916251_n.jpg?stp=dst-jpg_s150x150_tt6&_nc_cat=106&ccb=7-5&_nc_sid=f7ccc5&efg=eyJ2ZW5jb2RlX3RhZyI6InByb2ZpbGVfcGljLnd3dy4xMDgwLkMzIn0%3D&_nc_ohc=7rSovt6fgYoQ7kNvwHl9fZW&_nc_oc=AdrNz75hyJmDjKTtvNzA-eJxuaWd7F1ckkMg0YVm5uqvlqycqTaqOii0NoZHr7M_pGuMxc2K1x-dgp1rhrLJOUr4&_nc_zt=24&_nc_ht=scontent.cdninstagram.com&_nc_gid=30n89UW24wUTMZjsshbTeA&_nc_ss=786a8&oh=00_Af6HFN5-IBYdtlvXSUFjoU5-oxSZASR0DGVUAO2fyNLbpA&oe=6A111410","https://www.instagram.com/henriquecrl16/","henriquecrl16","https://www.instagram.com/p/DXkyjneEfDp/c/18068372609666314/","3 sem","Dona Maria explica o banco Master o INSS e por que até agora só foram presos bolsonarista , explica também por que não tem ninguém da esquerda na lista do vorcaro que a PF liberou?","Responder","","Curtir"
"https://www.instagram.com/rosangelamelissali/","https://scontent.cdninstagram.com/v/t51.82787-19/529970649_18519356848007587_8066929048185234453_n.jpg?stp=dst-jpg_s150x150_tt6&_nc_cat=104&ccb=7-5&_nc_sid=f7ccc5&efg=eyJ2ZW5jb2RlX3RhZyI6InByb2ZpbGVfcGljLnd3dy4xMDgwLkMzIn0%3D&_nc_ohc=SdTlTVkgpJoQ7kNvwF7ks5c&_nc_oc=AdqxSqoWcZzvIPoZPLQwUOEAvaMN9Ua8MHJ81U9bS7Xi_9ZswDQGbTcy8CN1tdbswdvaE2uyepElmQ6MI7t3ch0B&_nc_zt=24&_nc_ht=scontent.cdninstagram.com&_nc_gid=30n89UW24wUTMZjsshbTeA&_nc_ss=786a8&oh=00_Af5djemLWuI0iFJSmaGKAfqlM8vh9hsLAbS7ITDtdEyU3w&oe=6A113F96","https://www.instagram.com/rosangelamelissali/","rosangelamelissali","https://www.instagram.com/p/DXkyjneEfDp/c/17935097217231278/","3 sem","A extrema direita ainda usa a imagem de uma mulher negra, que a esta abaixo pirâmide social, uma das condições que a extrema direita não defende é gente pobre e preta. Hipocrisia! Nessa hora a utilização da imagem de pessoas negras é conivente.","Responder","","Curtir"
"https://www.instagram.com/alan_repre/","https://scontent.cdninstagram.com/v/t51.2885-19/251277136_470502824280255_411993354188173016_n.jpg?stp=dst-jpg_s150x150_tt6&_nc_cat=100&ccb=7-5&_nc_sid=f7ccc5&efg=eyJ2ZW5jb2RlX3RhZyI6InByb2ZpbGVfcGljLnd3dy4xMDgwLkMzIn0%3D&_nc_ohc=qXZLp7238jIQ7kNvwFAPslK&_nc_oc=Ado_yCQedtL4ZPqtez98lmNwzFsCAM6Y9hNLEUmXFuXMJJuObMtX0kBkdUHb8gTRTudPl7sXPXa597s8GaJvUSV9&_nc_zt=24&_nc_ht=scontent.cdninstagram.com&_nc_ss=786a8&oh=00_Af61Cym-EpRImsIb8oHmfqbmlnFAJlMpeIKzdh55xLqDmA&oe=6A1143E5","https://www.instagram.com/alan_repre/","alan_repre","https://www.instagram.com/p/DXkyjneEfDp/c/17898105294287751/","3 sem","E se fosse ao contrário os canhotas estavam 👏🏼👏🏼","Responder","","Curtir"
"https://www.instagram.com/jardel___fr/","https://scontent.cdninstagram.com/v/t51.75761-19/501452234_18328086502162332_295300595415085501_n.jpg?stp=dst-jpg_s150x150_tt6&_nc_cat=110&ccb=7-5&_nc_sid=f7ccc5&efg=eyJ2ZW5jb2RlX3RhZyI6InByb2ZpbGVfcGljLnd3dy4xMDgwLkMzIn0%3D&_nc_ohc=qh-QTUiA8uMQ7kNvwFbIUKq&_nc_oc=AdoQFRaobdEpnq2OcvTD-YOir6XXCRlETO-5R_HYMudJxfUDJKUjI6hBVexsTl0JZ1FF0DZqU9Op44S_bsF9k9I1&_nc_zt=24&_nc_ht=scontent.cdninstagram.com&_nc_gid=30n89UW24wUTMZjsshbTeA&_nc_ss=786a8&oh=00_Af7TKwWa4ux8qjFNDatpqaHxKn_dPUbmtPrv8CDen6Gt0A&oe=6A113E2D","https://www.instagram.com/jardel___fr/","jardel___fr","https://www.instagram.com/p/DXkyjneEfDp/c/18005230781909042/","3 sem","Sem sensura não há extrema esquerda","Responder","","Curtir"
"https://www.instagram.com/ricardo_admsilva/","https://scontent.cdninstagram.com/v/t51.82787-19/685314729_18582117790052041_2771676716454890279_n.jpg?stp=dst-jpg_s150x150_tt6&_nc_cat=103&ccb=7-5&_nc_sid=f7ccc5&efg=eyJ2ZW5jb2RlX3RhZyI6InByb2ZpbGVfcGljLnd3dy4xMDgwLkMzIn0%3D&_nc_ohc=f47DYBsAO2EQ7kNvwFqfkd1&_nc_oc=AdrpkL-vPcyz80mQxS-WHsBl1RltTJJZhDRPAtOb71fP6MRWl4Lvpze7EjgoKpVrKu3qYyPCJ8gew2JLBkE37Gwt&_nc_zt=24&_nc_ht=scontent.cdninstagram.com&_nc_gid=30n89UW24wUTMZjsshbTeA&_nc_ss=786a8&oh=00_Af49Zrz9CHfTU2l8jAoaw-CGpTpU1P81a_DWV0cCwea89g&oe=6A1145C5","https://www.instagram.com/ricardo_admsilva/","ricardo_admsilva","https://www.instagram.com/p/DXkyjneEfDp/c/17901333675263884/","3 sem","Ah vai🔥","Responder","","Curtir"
"https://www.instagram.com/phsa2001/","https://scontent.cdninstagram.com/v/t51.2885-19/381090370_326031173429825_2538719491158824027_n.jpg?stp=dst-jpg_s150x150_tt6&_nc_cat=102&ccb=7-5&_nc_sid=f7ccc5&efg=eyJ2ZW5jb2RlX3RhZyI6InByb2ZpbGVfcGljLnd3dy40NjYuQzMifQ%3D%3D&_nc_ohc=3IzSSjg9XOoQ7kNvwGZC_s-&_nc_oc=AdquHN99hD5mdcicqfyBju6vzV0DeEyh4KPIqpMQktbjU30oMhP9cCSKu3uD9tZJ8Nh0gt7FpfARBF5qkcHwnKMg&_nc_zt=24&_nc_ht=scontent.cdninstagram.com&_nc_ss=786a8&oh=00_Af7Zq3vtVjVRyXYk4qdc0XkOS_wpHXhuTB69-NngKxWq4Q&oe=6A111D5A","https://www.instagram.com/phsa2001/","phsa2001","https://www.instagram.com/p/DXkyjneEfDp/c/18066534983666301/","3 sem","O PT faz vídeo criticando todo mundo. Recentemente Lindemberg e Janones chamaram opositores de vagabundos e não houve nenhum histeria da parte contraria. Na verdade o PT quer jogar sozinho e conta com a ajuda do STF para isso","Responder","","Curtir"
"https://www.instagram.com/si_godoy/","https://scontent.cdninstagram.com/v/t51.82787-19/688288740_18587637613036015_5760804079958084968_n.jpg?stp=dst-jpg_s150x150_tt6&_nc_cat=111&ccb=7-5&_nc_sid=f7ccc5&efg=eyJ2ZW5jb2RlX3RhZyI6InByb2ZpbGVfcGljLnd3dy4xMDgwLkMzIn0%3D&_nc_ohc=q0ZMxjJ2WZUQ7kNvwHbxv0F&_nc_oc=AdrmO-G4oQv2JWBEqi4OQfr09A0KEl-8W30pxyPLXHiTeiaodbE7eDO5gK8ZPfjpUDzLRs2xNfSyx0jlkAZ8fPHa&_nc_zt=24&_nc_ht=scontent.cdninstagram.com&_nc_gid=30n89UW24wUTMZjsshbTeA&_nc_ss=786a8&oh=00_Af5TnOjZAm_FZVikpKs5hpzWuNP5S-8TMMCjKp7qZvHFtA&oe=6A113B8D","https://www.instagram.com/si_godoy/","si_godoy","https://www.instagram.com/p/DXkyjneEfDp/c/18116866360679946/","3 sem","Ja vou seguir kkk","Responder","","Curtir"
"https://www.instagram.com/jean_silva77/","https://scontent.cdninstagram.com/v/t51.82787-19/606100648_18550040818035960_552565962839547193_n.jpg?stp=dst-jpg_s150x150_tt6&_nc_cat=109&ccb=7-5&_nc_sid=f7ccc5&efg=eyJ2ZW5jb2RlX3RhZyI6InByb2ZpbGVfcGljLnd3dy4xMDgwLkMzIn0%3D&_nc_ohc=-zPQCFG07TcQ7kNvwFI8obc&_nc_oc=Adr_UWALYlVYSMmO7bRtPRKTIQi-_RSeq9fTsI1WtuWaCHL0xbo8_siHbk_6CD6ednG7MGYSuGspit-l8Sw0AIIw&_nc_zt=24&_nc_ht=scontent.cdninstagram.com&_nc_gid=30n89UW24wUTMZjsshbTeA&_nc_ss=786a8&oh=00_Af6SRLR8dYAQN1P7-bkunooDcmrwpZCMoWlu95co1dOLfw&oe=6A112BB4","https://www.instagram.com/jean_silva77/","jean_silva77","https://www.instagram.com/p/DXkyjneEfDp/c/18106155404487811/","3 sem","A democracia no Brasil funciona assim se incomoda o governo do amor deve ser retirada e extinta a página ou pessoa que fala mal.","Responder","","Curtir"
"https://www.instagram.com/id.ramos2/","https://scontent.cdninstagram.com/v/t51.82787-19/641747409_17937130026168115_5294749729478443352_n.jpg?stp=dst-jpg_s150x150_tt6&_nc_cat=109&ccb=7-5&_nc_sid=f7ccc5&efg=eyJ2ZW5jb2RlX3RhZyI6InByb2ZpbGVfcGljLnd3dy4xMDgwLkMzIn0%3D&_nc_ohc=WJ6E8SPLR0sQ7kNvwEGJzRh&_nc_oc=Adq6x0s_b1csipyD4tBGz3HCgoR9tNliSxHGW3-OQFpg5gMIWElW7mZbCDqKzofDISjKjusLkq6j29hNPw_AC9E-&_nc_zt=24&_nc_ht=scontent.cdninstagram.com&_nc_gid=30n89UW24wUTMZjsshbTeA&_nc_ss=786a8&oh=00_Af56hNHtV1-3bqGdlqEUvdKUzxFz9ZdhOBjiVV-4pWqszg&oe=6A1120BF","https://www.instagram.com/id.ramos2/","id.ramos2","https://www.instagram.com/p/DXkyjneEfDp/c/17848115595694793/","3 sem","""Aqui não há fale news, falou a IA!""","Responder","","Curtir"
"https://www.instagram.com/mateus_tremembe/","https://scontent.cdninstagram.com/v/t51.2885-19/434432509_1911965405904675_7864753657304689990_n.jpg?stp=dst-jpg_s150x150_tt6&_nc_cat=102&ccb=7-5&_nc_sid=f7ccc5&efg=eyJ2ZW5jb2RlX3RhZyI6InByb2ZpbGVfcGljLnd3dy4xMDgwLkMzIn0%3D&_nc_ohc=2oW1rbkpPokQ7kNvwELzyXp&_nc_oc=AdoWWnKB10K6NHTh180acFOk8SECXl1MTe0_-9oddpCsaRCso6rLYMchomPuTWxcivTSNxQc0Ez6vWNnLlAo-iAd&_nc_zt=24&_nc_ht=scontent.cdninstagram.com&_nc_ss=786a8&oh=00_Af4TFk08RegLK2rNkQLjfiHEKjhzh5kYmKeOhM1UF2kZmg&oe=6A113986","https://www.instagram.com/mateus_tremembe/","mateus_tremembe","https://www.instagram.com/p/DXkyjneEfDp/c/18101368618798045/","3 sem","O Bolsonarismo não dura um dia sem mentir 🙌","Responder","","Curtir"
"https://www.instagram.com/leonar_dov/","https://scontent.cdninstagram.com/v/t51.2885-19/28765605_157942238247568_2775271883715641344_n.jpg?stp=dst-jpg_s150x150_tt6&_nc_cat=101&ccb=7-5&_nc_sid=f7ccc5&efg=eyJ2ZW5jb2RlX3RhZyI6InByb2ZpbGVfcGljLnd3dy4zMjAuQzMifQ%3D%3D&_nc_ohc=v2p7LFY2RgIQ7kNvwE4BYqY&_nc_oc=AdpJyUlNc1X-uhk3kay_RvQVLnrfzGQPMLgbnZVwHPVMZhUgiYCOGLpvg8oJwV-Tw2HvLYZ_kSB4R4nUVXBlIE3j&_nc_zt=24&_nc_ht=scontent.cdninstagram.com&_nc_ss=786a8&oh=00_Af4AFyMjVg276_KbsiT7lQo6MPHJ845ac0V053YSK24x_w&oe=6A1140B9","https://www.instagram.com/leonar_dov/","leonar_dov","https://www.instagram.com/p/DXkyjneEfDp/c/18073190777254867/","3 sem","E preciso fazer uma dona Maria de IA pq não encontram uma real que queira criticar o governo ?","Responder","","Curtir"
"https://www.instagram.com/fatimavscgama/","https://scontent.cdninstagram.com/v/t51.2885-19/241065868_1013508952775945_5723847192689227780_n.jpg?stp=dst-jpg_s150x150_tt6&_nc_cat=107&ccb=7-5&_nc_sid=f7ccc5&efg=eyJ2ZW5jb2RlX3RhZyI6InByb2ZpbGVfcGljLnd3dy4zMjAuQzMifQ%3D%3D&_nc_ohc=Wkngf-PEfUQQ7kNvwEVg4QL&_nc_oc=AdpWnkS5R9bkD-g046SG6qy5BCO8pOD_NICXtgCdzp6GhD54hnkerkYXPpZDtToX3zPjEtJ0RuysQDEwugB1NrR0&_nc_zt=24&_nc_ht=scontent.cdninstagram.com&_nc_ss=786a8&oh=00_Af5EeA24q-TJguzOpxUlIyO1UcboxfGz4yrv5yTcddGB7Q&oe=6A110FA1","https://www.instagram.com/fatimavscgama/","fatimavscgama","https://www.instagram.com/p/DXkyjneEfDp/c/18099657557045378/","3 sem","👏👏👏👏👏👏👏👏👏👏😂","Responder","","Curtir"
"https://www.instagram.com/claudiaoliveiravent/","https://scontent.cdninstagram.com/v/t51.2885-19/416665185_735898021792144_4974689480529577807_n.jpg?stp=dst-jpg_s150x150_tt6&_nc_cat=103&ccb=7-5&_nc_sid=f7ccc5&efg=eyJ2ZW5jb2RlX3RhZyI6InByb2ZpbGVfcGljLnd3dy4zMjAuQzMifQ%3D%3D&_nc_ohc=I0YB4PIb_hwQ7kNvwGzthyc&_nc_oc=AdrCmEseC6CKNZw0P-4yhOLSVvboUTwpyyYeXfftzFP4ouo4RD66FsdcFIcZwz6qwkSvkgUDKjdh8zKRDmhprARJ&_nc_zt=24&_nc_ht=scontent.cdninstagram.com&_nc_ss=786a8&oh=00_Af6J2AN5uUF_IPCOZA9aLO1LHRG_BiccrRLH9YNNsJ-CJg&oe=6A1137D4","https://www.instagram.com/claudiaoliveiravent/","claudiaoliveiravent","https://www.instagram.com/p/DXkyjneEfDp/c/18582332260040216/","3 sem","Quem está por trás dessa Ana Maria, não tem coragem de colocar a cara tapa e fica se escondeno atrás de personagens de IA","Responder","","Curtir"
"https://www.instagram.com/zezao_artuso/","https://scontent.cdninstagram.com/v/t51.2885-19/241314348_436916187657898_8227179633346699223_n.jpg?stp=dst-jpg_s150x150_tt6&_nc_cat=100&ccb=7-5&_nc_sid=f7ccc5&efg=eyJ2ZW5jb2RlX3RhZyI6InByb2ZpbGVfcGljLnd3dy4xMDgwLkMzIn0%3D&_nc_ohc=5T1K5wWjHf0Q7kNvwF7xKth&_nc_oc=AdoAG74t2Mnzc6QM1DMhHKAj3FFBnR8I77n56NMwKTFkdhtrsMboYJAFA7BzgI0G72firkSe_V5tWwzw3J5wHUSa&_nc_zt=24&_nc_ht=scontent.cdninstagram.com&_nc_ss=786a8&oh=00_Af7ydvKYiipjSp2OGnUxgT2kb9-VTB1DKdNYkGK5nLlXLg&oe=6A112E9B","https://www.instagram.com/zezao_artuso/","zezao_artuso","https://www.instagram.com/p/DXkyjneEfDp/c/18102767720490923/","3 sem","Tamo junto Dona Maria 🇧🇷🇧🇷","Responder","","Curtir"
"https://www.instagram.com/david_rds71/","https://scontent.cdninstagram.com/v/t51.2885-19/414693139_6203162999786387_8131203492416155589_n.jpg?stp=dst-jpg_s150x150_tt6&_nc_cat=102&ccb=7-5&_nc_sid=f7ccc5&efg=eyJ2ZW5jb2RlX3RhZyI6InByb2ZpbGVfcGljLnd3dy43MjAuQzMifQ%3D%3D&_nc_ohc=6vNSxWoJumwQ7kNvwFGP62X&_nc_oc=AdoSSfCjK93cieAD2iUM-swnm9-7lqa_gFLN24FkzxjXknJzIgIk8lMt37-m0kcWK_O5bjk843jYpHbX3YVdOxpz&_nc_zt=24&_nc_ht=scontent.cdninstagram.com&_nc_ss=786a8&oh=00_Af4txjA-NLsIT5wbo4LWYWvzPRau5654yJh9NsTBhjV-fg&oe=6A111429","https://www.instagram.com/david_rds71/","david_rds71","https://www.instagram.com/p/DXkyjneEfDp/c/17854831569644965/","3 sem","Digamos q tenha fake News, tira a apenas o post, então. Mas eles querem derrubar a página toda. Se tem fake News, mostra a verdade então.","Responder","","Curtir"
"https://www.instagram.com/watilla51/","https://scontent.cdninstagram.com/v/t51.82787-19/619305592_17899989096363057_7045811502238586871_n.jpg?stp=dst-jpg_s150x150_tt6&_nc_cat=101&ccb=7-5&_nc_sid=f7ccc5&efg=eyJ2ZW5jb2RlX3RhZyI6InByb2ZpbGVfcGljLnd3dy4xMDgwLkMzIn0%3D&_nc_ohc=o6MW3tyeiJIQ7kNvwFonEFI&_nc_oc=AdpGXsIw2RfJJIH3HKa17rXipvQtCqHf5fv2MQQHa1w9r7vBrPe5WtOkdpbcJdYid7a-LdRLmfeU-ulPQQS2FLJh&_nc_zt=24&_nc_ht=scontent.cdninstagram.com&_nc_gid=kvhIrFQ7fB0Sep0D1ETDFg&_nc_ss=786a8&oh=00_Af5pN7FfaO2EDWLTp9HIb9tMW4Ml0q45J_5kaEoC-WmCfg&oe=6A113859","https://www.instagram.com/watilla51/","watilla51","https://www.instagram.com/p/DXkyjneEfDp/c/18402954061148486/","3 sem","Depois q a justiça encontrar o responsável vai dizer q e perseguição","Responder","","Curtir"
"https://www.instagram.com/dom_falcao/","https://scontent.cdninstagram.com/v/t51.82787-19/696731929_18555043978067989_2703242708050882501_n.jpg?stp=dst-jpg_s150x150_tt6&_nc_cat=100&ccb=7-5&_nc_sid=f7ccc5&efg=eyJ2ZW5jb2RlX3RhZyI6InByb2ZpbGVfcGljLnd3dy4xMDgwLkMzIn0%3D&_nc_ohc=QBFFpvTRz_AQ7kNvwExAIpr&_nc_oc=Adpy5Y7bYvu9Cfs3YCTI8A21wf74a-GikcJs3TnUMJtOFhxPa8Gl2ysZgbOf_c6i1LIQf0db-48JZ6gjmhXdliIm&_nc_zt=24&_nc_ht=scontent.cdninstagram.com&_nc_gid=kvhIrFQ7fB0Sep0D1ETDFg&_nc_ss=786a8&oh=00_Af5HNI9lnEfCg5eqzxC1rviiR7ibCUu6_NuDMdN-e9nhWA&oe=6A113E64","https://www.instagram.com/dom_falcao/","dom_falcao","https://www.instagram.com/p/DXkyjneEfDp/c/17855942490639560/","3 sem","Dona Maria tocando o terror nos cachorros leprosos 😂😂😂","Responder","","Curtir"
"https://www.instagram.com/bairrobaronesa/","https://scontent.cdninstagram.com/v/t51.2885-19/462709491_1691454491709229_4691493212008976111_n.jpg?stp=dst-jpg_s150x150_tt6&_nc_cat=105&ccb=7-5&_nc_sid=f7ccc5&efg=eyJ2ZW5jb2RlX3RhZyI6InByb2ZpbGVfcGljLnd3dy40NjcuQzMifQ%3D%3D&_nc_ohc=_ejeBWsmYHsQ7kNvwFozhtX&_nc_oc=AdrEFucaDdD9ve0Jl8PaFKCZjoWWpLzVeoPlGH21yFu5BKJJd5CEts9slRSnYIPV-kANW90vUdKtvgYUixwI6Y9A&_nc_zt=24&_nc_ht=scontent.cdninstagram.com&_nc_ss=786a8&oh=00_Af5Jj7IbE8i9r17OjzrOxCCyWimEP8aQIihAQYqgnwCv6A&oe=6A1112E1","https://www.instagram.com/bairrobaronesa/","bairrobaronesa","https://www.instagram.com/p/DXkyjneEfDp/c/18161477383433756/","3 sem","Eu apoio","Responder","","Curtir"
"https://www.instagram.com/r0dr1gos1lva/","https://scontent.cdninstagram.com/v/t51.82787-19/611262362_18569633260004064_3123604486643077645_n.jpg?stp=dst-jpg_s150x150_tt6&_nc_cat=108&ccb=7-5&_nc_sid=f7ccc5&efg=eyJ2ZW5jb2RlX3RhZyI6InByb2ZpbGVfcGljLnd3dy4xMDgwLkMzIn0%3D&_nc_ohc=eLFsOSRwIdIQ7kNvwGf3JAF&_nc_oc=Adq_tjpN92eZmthDzUnUFGrV-Qin-rlnBsLT6hWe16m341plYtBh_qPjO9hhL1W9g3NmXiq8WN_lXNsKB3OzjcW-&_nc_zt=24&_nc_ht=scontent.cdninstagram.com&_nc_gid=kvhIrFQ7fB0Sep0D1ETDFg&_nc_ss=786a8&oh=00_Af7mfsYcQVKEDbNiByJtIPn18xtcTgg7fAeKOEABmuX7Sw&oe=6A111E3E","https://www.instagram.com/r0dr1gos1lva/","r0dr1gos1lva","https://www.instagram.com/p/DXkyjneEfDp/c/18459672304107248/","3 sem","Toda a verdade incômoda o lula e o governo","Responder","","Curtir"
"https://www.instagram.com/josuesantana777/","https://scontent.cdninstagram.com/v/t51.82787-19/588731413_17866637856520362_8726538189562061583_n.jpg?stp=dst-jpg_s150x150_tt6&_nc_cat=106&ccb=7-5&_nc_sid=f7ccc5&efg=eyJ2ZW5jb2RlX3RhZyI6InByb2ZpbGVfcGljLnd3dy4xMDgwLkMzIn0%3D&_nc_ohc=WPrxQqYWUmUQ7kNvwGnZf7U&_nc_oc=AdoLfSstyL_JsXayyRY8nJTJMMiDPUSAoz3ka-2X2nwkTNCD7WTOLqbiVJT3sR3oq8xs8s45Dbk4oO0jx1TwYX3w&_nc_zt=24&_nc_ht=scontent.cdninstagram.com&_nc_gid=kvhIrFQ7fB0Sep0D1ETDFg&_nc_ss=786a8&oh=00_Af5YxJUzle8KKgp8kESy_jeWb6pvfL701-VrJaqcQ43fDQ&oe=6A113D0E","https://www.instagram.com/josuesantana777/","josuesantana777","https://www.instagram.com/p/DXkyjneEfDp/c/18149727865478388/","3 sem","Lula 2026","Responder","","Curtir"
"https://www.instagram.com/galodoido_galo/","https://scontent.cdninstagram.com/v/t51.82787-19/581332154_18539655748015576_5359533713600758016_n.jpg?stp=dst-jpg_s150x150_tt6&_nc_cat=104&ccb=7-5&_nc_sid=f7ccc5&efg=eyJ2ZW5jb2RlX3RhZyI6InByb2ZpbGVfcGljLnd3dy45NTYuQzMifQ%3D%3D&_nc_ohc=o7v6AAHoyd4Q7kNvwFzfZXU&_nc_oc=Adplss4A2vgeO_CWuWDrEL4rqMBi4ZdPculiR75xxP-CsTuP3jbdOaM2padgmKdQwKdTDjFHNruECPOECGhEOK7u&_nc_zt=24&_nc_ht=scontent.cdninstagram.com&_nc_gid=kvhIrFQ7fB0Sep0D1ETDFg&_nc_ss=786a8&oh=00_Af74s6ebC_M1A6qFFm4yib-4yynnNP4JYO53QC93nWxaLw&oe=6A113901","https://www.instagram.com/galodoido_galo/","galodoido_galo","https://www.instagram.com/p/DXkyjneEfDp/c/17885457300513379/","3 sem","Por trás da imagem tem um branco,rico .....","Responder","","Curtir"
"https://www.instagram.com/giutandrade/","https://scontent.cdninstagram.com/v/t51.2885-19/263800076_190605189950154_754583704623760736_n.jpg?stp=dst-jpg_s150x150_tt6&_nc_cat=111&ccb=7-5&_nc_sid=f7ccc5&efg=eyJ2ZW5jb2RlX3RhZyI6InByb2ZpbGVfcGljLnd3dy4yODcuQzMifQ%3D%3D&_nc_ohc=UdYsK6VOZvkQ7kNvwFBldwB&_nc_oc=AdoPf4gYj_NhIRuEUrlkkWmRu4Q6oVdsq2GueYyhi2lPzSsxRvclJi_HCmXAe7N0MV3A87CLsTu5g48Wqwc7TYYZ&_nc_zt=24&_nc_ht=scontent.cdninstagram.com&_nc_ss=786a8&oh=00_Af4a0kX5etJicLLhXalGIvMj6b3l3JTPtIbJ2-TT5qquGA&oe=6A113CA8","https://www.instagram.com/giutandrade/","giutandrade","https://www.instagram.com/p/DXkyjneEfDp/c/18015732539684256/","3 sem","Estamos t9dos com a Dna. Maria...👏👏","Responder","","Curtir"
"https://www.instagram.com/evandro_f77/","https://scontent.cdninstagram.com/v/t51.82787-19/564838628_17845363182593900_5133990134173307381_n.jpg?stp=dst-jpg_s150x150_tt6&_nc_cat=104&ccb=7-5&_nc_sid=f7ccc5&efg=eyJ2ZW5jb2RlX3RhZyI6InByb2ZpbGVfcGljLnd3dy4xMDgwLkMzIn0%3D&_nc_ohc=3Q5p_NNrsicQ7kNvwF10AmN&_nc_oc=AdpHuNjMxqZKJQCCqaTPP3Tk_9GWVrFIGgG9nJ17yXK_tAGmxw-ZVvw9TRvhTuh1513mJbZ5vKBcHFbvpBflFQih&_nc_zt=24&_nc_ht=scontent.cdninstagram.com&_nc_gid=kvhIrFQ7fB0Sep0D1ETDFg&_nc_ss=786a8&oh=00_Af5wZuFin7Dehi38AxMtATQ3NDunTGs3HQWNSAkbuyTFXw&oe=6A113736","https://www.instagram.com/evandro_f77/","evandro_f77","https://www.instagram.com/p/DXkyjneEfDp/c/18582544168018994/","3 sem","Atacar não, só ta falando verdades.","Responder","","Curtir"
"https://www.instagram.com/framcian/","https://scontent.cdninstagram.com/v/t51.82787-19/672392739_18080846444378669_8066853903258120231_n.jpg?stp=dst-jpg_s150x150_tt6&_nc_cat=104&ccb=7-5&_nc_sid=f7ccc5&efg=eyJ2ZW5jb2RlX3RhZyI6InByb2ZpbGVfcGljLnd3dy4xMDgwLkMzIn0%3D&_nc_ohc=xXgiUxze0EQQ7kNvwGJi52W&_nc_oc=AdrgUv4r9Ne7yDl7a8gvvjawgke1C5lc6LtlORoCrGWvEQFuyMfNTs-wc927LwdEHomWoODVBxaUmOaSUTjE85oL&_nc_zt=24&_nc_ht=scontent.cdninstagram.com&_nc_gid=kvhIrFQ7fB0Sep0D1ETDFg&_nc_ss=786a8&oh=00_Af51LA4b2cfHdv95z6jTBe0fBZ6nGaJGhla2uKHRDCbMFQ&oe=6A11367B","https://www.instagram.com/framcian/","framcian","https://www.instagram.com/p/DXkyjneEfDp/c/17923282530306082/","3 sem","😂😂😂😂😂😂 mais uma jumenta 😂😂😂","Responder","","Curtir"
"https://www.instagram.com/everson7073/","https://scontent.cdninstagram.com/v/t51.2885-19/332389584_608401271127829_4421544345738319777_n.jpg?stp=dst-jpg_s150x150_tt6&_nc_cat=100&ccb=7-5&_nc_sid=f7ccc5&efg=eyJ2ZW5jb2RlX3RhZyI6InByb2ZpbGVfcGljLnd3dy45NjAuQzMifQ%3D%3D&_nc_ohc=WkMdDMKqzDYQ7kNvwGblEBK&_nc_oc=AdoLFiEF3mnIZZdwCuoHltB_Is8hcc-VUXwRdg3ro7ft3Q9VmARsoYr4l77DmgJWORaEm0olnjMJrMdslOu7HYac&_nc_zt=24&_nc_ht=scontent.cdninstagram.com&_nc_ss=786a8&oh=00_Af5LpxatFKXbk0U1W8Ji_33m5QtQ-2P4jn87JSmJR6JQlA&oe=6A112451","https://www.instagram.com/everson7073/","everson7073","https://www.instagram.com/p/DXkyjneEfDp/c/18084339533072687/","3 sem","O porque da extrema direita  ser contra a regulamentação da Internet, porque se regulamentar a extrema some, pois eles vivem e alimenta o gado com fake,","Responder","","Curtir"
"https://www.instagram.com/saulbarros78/","https://scontent.cdninstagram.com/v/t51.82787-19/624571412_18575833195001021_478506373797424144_n.jpg?stp=dst-jpg_s150x150_tt6&_nc_cat=108&ccb=7-5&_nc_sid=f7ccc5&efg=eyJ2ZW5jb2RlX3RhZyI6InByb2ZpbGVfcGljLnd3dy4xMDgwLkMzIn0%3D&_nc_ohc=zjW01iXv5zUQ7kNvwH2u1Yy&_nc_oc=AdocojhF8BErUo3FuF1ECH0DK9K87ryx2PZlR-NXBsTQf6-v0TQoMbBOuQMYKIFe6LCAaGM9lWpV_Hz3KgX3UvL9&_nc_zt=24&_nc_ht=scontent.cdninstagram.com&_nc_gid=kvhIrFQ7fB0Sep0D1ETDFg&_nc_ss=786a8&oh=00_Af6CZDyxWzgSYbF6XmWKMdnZDJ0ElKJu4dD2r_lrc7LiYA&oe=6A1125FE","https://www.instagram.com/saulbarros78/","saulbarros78","https://www.instagram.com/p/DXkyjneEfDp/c/18106177115490720/","3 sem","Dona Maria é orgulho do povo brasileiro!.","Responder","","Curtir"
"https://www.instagram.com/pinheirinho7/","https://scontent.cdninstagram.com/v/t51.2885-19/390993331_1054370102653541_4793320289728024071_n.jpg?stp=dst-jpg_s150x150_tt6&_nc_cat=109&ccb=7-5&_nc_sid=f7ccc5&efg=eyJ2ZW5jb2RlX3RhZyI6InByb2ZpbGVfcGljLnd3dy4xMDgwLkMzIn0%3D&_nc_ohc=hl7bP7ahmtQQ7kNvwFk5LBj&_nc_oc=AdpovNWlHUTayEp8Rl_KoLijl7j1RJQFJUgS5lC5jl6iu9UiA92nH1k02co4NsJEVRafggqy3MLW1plDqGW7_OSE&_nc_zt=24&_nc_ht=scontent.cdninstagram.com&_nc_ss=786a8&oh=00_Af5HxLAQwh7O7t8w0oW4IzeFfLUNPauVwiEv7-1WLgj4GQ&oe=6A11443B","https://www.instagram.com/pinheirinho7/","pinheirinho7","https://www.instagram.com/p/DXkyjneEfDp/c/18070127915663172/","3 sem","A PERSEGUIÇÃO COMEÇOU FOI CEDO?HEIN?🤨","Responder","","Curtir"
"https://www.instagram.com/everson7073/","https://scontent.cdninstagram.com/v/t51.2885-19/332389584_608401271127829_4421544345738319777_n.jpg?stp=dst-jpg_s150x150_tt6&_nc_cat=100&ccb=7-5&_nc_sid=f7ccc5&efg=eyJ2ZW5jb2RlX3RhZyI6InByb2ZpbGVfcGljLnd3dy45NjAuQzMifQ%3D%3D&_nc_ohc=WkMdDMKqzDYQ7kNvwGblEBK&_nc_oc=AdoLFiEF3mnIZZdwCuoHltB_Is8hcc-VUXwRdg3ro7ft3Q9VmARsoYr4l77DmgJWORaEm0olnjMJrMdslOu7HYac&_nc_zt=24&_nc_ht=scontent.cdninstagram.com&_nc_ss=786a8&oh=00_Af5LpxatFKXbk0U1W8Ji_33m5QtQ-2P4jn87JSmJR6JQlA&oe=6A112451","https://www.instagram.com/everson7073/","everson7073","https://www.instagram.com/p/DXkyjneEfDp/c/18056836322520811/","3 sem","A extrema direita e isso,  sem as mentiras eles não tem argumentos,  pois não tem trabalho para mostrar, inventa personagem de iA para fazer o que eles mais gostam de fazer mentir.","Responder","","Curtir"
"https://www.instagram.com/leticia_marcia31/","https://scontent.cdninstagram.com/v/t51.2885-19/419308225_946273423519034_2022137917334690771_n.jpg?stp=dst-jpg_s150x150_tt6&_nc_cat=104&ccb=7-5&_nc_sid=f7ccc5&efg=eyJ2ZW5jb2RlX3RhZyI6InByb2ZpbGVfcGljLnd3dy45NTYuQzMifQ%3D%3D&_nc_ohc=nv-NPw__aG0Q7kNvwEjnsLR&_nc_oc=Adq45RId1F4vqx87rgt7OFxukNbB75oNttg3KBX2XAQfdGocEv3U-4Cr9II_SUW62zcbylPhysg9e8a5TZgXeCcX&_nc_zt=24&_nc_ht=scontent.cdninstagram.com&_nc_ss=786a8&oh=00_Af54vB1agrq1xtfI0NMANR7RmQ7-8BVFDrD5ed2kz5ChUg&oe=6A114025","https://www.instagram.com/leticia_marcia31/","leticia_marcia31","https://www.instagram.com/p/DXkyjneEfDp/c/17867364012655573/","3 sem","👏👏👏👏","Responder","","Curtir"
"https://www.instagram.com/marlialves140/","https://scontent.cdninstagram.com/v/t51.82787-19/695999031_18098625281115917_1410171645922058451_n.jpg?stp=dst-jpg_s150x150_tt6&_nc_cat=100&ccb=7-5&_nc_sid=f7ccc5&efg=eyJ2ZW5jb2RlX3RhZyI6InByb2ZpbGVfcGljLnd3dy4xMDgwLkMzIn0%3D&_nc_ohc=Uk2cKhAPp1oQ7kNvwEZWJf3&_nc_oc=AdpnPVySra6geTMQihdo0j3ZxVbMAWoReSFK7OgQBNICoMjN6mrVPcnesoEC020iBQhzbfLFlutEVybkSFWvQk3A&_nc_zt=24&_nc_ht=scontent.cdninstagram.com&_nc_gid=CoQ9V90i5eDGhNbNKmDqrw&_nc_ss=786a8&oh=00_Af7wmC5vG74GeOpUeBcP7qvYQwW-SKI2bgeG9qqoP2eWzQ&oe=6A112FB8","https://www.instagram.com/marlialves140/","marlialves140","https://www.instagram.com/p/DXkyjneEfDp/c/18103465741757528/","3 sem","😂😂😂","Responder","","Curtir"
"https://www.instagram.com/marlialves140/","https://scontent.cdninstagram.com/v/t51.82787-19/695999031_18098625281115917_1410171645922058451_n.jpg?stp=dst-jpg_s150x150_tt6&_nc_cat=100&ccb=7-5&_nc_sid=f7ccc5&efg=eyJ2ZW5jb2RlX3RhZyI6InByb2ZpbGVfcGljLnd3dy4xMDgwLkMzIn0%3D&_nc_ohc=Uk2cKhAPp1oQ7kNvwEZWJf3&_nc_oc=AdpnPVySra6geTMQihdo0j3ZxVbMAWoReSFK7OgQBNICoMjN6mrVPcnesoEC020iBQhzbfLFlutEVybkSFWvQk3A&_nc_zt=24&_nc_ht=scontent.cdninstagram.com&_nc_gid=CoQ9V90i5eDGhNbNKmDqrw&_nc_ss=786a8&oh=00_Af7wmC5vG74GeOpUeBcP7qvYQwW-SKI2bgeG9qqoP2eWzQ&oe=6A112FB8","https://www.instagram.com/marlialves140/","marlialves140","https://www.instagram.com/p/DXkyjneEfDp/c/18423481990127107/","3 sem","👏👏👏👏","Responder","","Curtir"
"https://www.instagram.com/reisena77/","https://scontent.cdninstagram.com/v/t51.82787-19/689569671_18590096356012818_968869873193797223_n.jpg?stp=dst-jpg_s150x150_tt6&_nc_cat=107&ccb=7-5&_nc_sid=f7ccc5&efg=eyJ2ZW5jb2RlX3RhZyI6InByb2ZpbGVfcGljLnd3dy4xMDgwLkMzIn0%3D&_nc_ohc=jlxvkwKfUdsQ7kNvwEOIgn7&_nc_oc=AdpvaQmDOD2IKK13j62abSnBGQXGl5tmvwSD7YC583MfXjwlDaOzsZODdSG9h5_SUtmEBR8_c5x_bz58RTToGckd&_nc_zt=24&_nc_ht=scontent.cdninstagram.com&_nc_gid=CoQ9V90i5eDGhNbNKmDqrw&_nc_ss=786a8&oh=00_Af6DX3iHHrl_vbcOiLmF8nez2UQnd-0L9b7B-siWDNlqRQ&oe=6A11446F","https://www.instagram.com/reisena77/","reisena77","https://www.instagram.com/p/DXkyjneEfDp/c/18008979554894649/","3 sem","😂😂😂😂","Responder","","Curtir"
"https://www.instagram.com/zozixavier/","https://scontent.cdninstagram.com/v/t51.2885-19/342711964_3605983392981181_2404770331092740091_n.jpg?stp=dst-jpg_s150x150_tt6&_nc_cat=105&ccb=7-5&_nc_sid=f7ccc5&efg=eyJ2ZW5jb2RlX3RhZyI6InByb2ZpbGVfcGljLnd3dy4xMDgwLkMzIn0%3D&_nc_ohc=FmHu_3oJlfEQ7kNvwHGdl5S&_nc_oc=AdryBwPQRFPfS3PrK7nQxP1zyoVBC0H3F6lscAOARcjifHamcUf8d3ZNoKkNiiHp7JCdLuZpQ1ML-zvcFV_xP9lI&_nc_zt=24&_nc_ht=scontent.cdninstagram.com&_nc_ss=786a8&oh=00_Af7tlUr05JVTJDZqmULi0XPXpYODitdjgHod6bc2rKlt5Q&oe=6A112967","https://www.instagram.com/zozixavier/","zozixavier","https://www.instagram.com/p/DXkyjneEfDp/c/17901439608423031/","3 sem","Que bosta. Típico da breguice da direita.","Responder","","Curtir"
"https://www.instagram.com/hildaporcionato/","https://scontent.cdninstagram.com/v/t51.2885-19/343409271_181383314810971_3889318607534274765_n.jpg?stp=dst-jpg_s150x150_tt6&_nc_cat=105&ccb=7-5&_nc_sid=f7ccc5&efg=eyJ2ZW5jb2RlX3RhZyI6InByb2ZpbGVfcGljLnd3dy4xMDgwLkMzIn0%3D&_nc_ohc=r0RKF0vZlRcQ7kNvwE7rhaQ&_nc_oc=AdrslrAOTDBPDjBgnf7vghrl8iIg6MXctfeANZVT1C6vlnb89SGmQz-GapDrig9nuBuQjODeG3rksbb48Fjb3KFl&_nc_zt=24&_nc_ht=scontent.cdninstagram.com&_nc_ss=786a8&oh=00_Af60zr4yO8HsQgj79BEF9u4kJRS5WTF5abAhKyDjayjUEA&oe=6A113FE5","https://www.instagram.com/hildaporcionato/","hildaporcionato","https://www.instagram.com/p/DXkyjneEfDp/c/18151700938465864/","3 sem","🇧🇷ai ou ia  adoro  você  Marias👏👏👏👏👏👏","Responder","","Curtir"
"https://www.instagram.com/khelvia/","https://scontent.cdninstagram.com/v/t51.82787-19/653996518_18573096658019107_1291689000893437768_n.jpg?stp=dst-jpg_s150x150_tt6&_nc_cat=106&ccb=7-5&_nc_sid=f7ccc5&efg=eyJ2ZW5jb2RlX3RhZyI6InByb2ZpbGVfcGljLnd3dy4xMDgwLkMzIn0%3D&_nc_ohc=KhkpMVV0k1YQ7kNvwHJDFAf&_nc_oc=Adr5_xxQz6dDvNQ3abXwxvq09a1Afq_SIxXQhPhPqRqR4yuTq5GX4Fn7sWm0MZIbGvcHhHRWXrVRv_-kV_nmZmy3&_nc_zt=24&_nc_ht=scontent.cdninstagram.com&_nc_gid=CoQ9V90i5eDGhNbNKmDqrw&_nc_ss=786a8&oh=00_Af5DJ4yX7wM8kX6ptg573F-oN6arjOATCflfn7dXBSVQZg&oe=6A11272F","https://www.instagram.com/khelvia/","khelvia","https://www.instagram.com/p/DXkyjneEfDp/c/18354608311235966/","3 sem","Usa pra espalhar fake News isso sim","Responder","","Curtir"
"https://www.instagram.com/ritacassia392/","https://scontent.cdninstagram.com/v/t51.2885-19/414521335_829929785555759_4739295812940433951_n.jpg?stp=dst-jpg_s150x150_tt6&_nc_cat=103&ccb=7-5&_nc_sid=f7ccc5&efg=eyJ2ZW5jb2RlX3RhZyI6InByb2ZpbGVfcGljLnd3dy4xMDgwLkMzIn0%3D&_nc_ohc=Hyq79cMtrZ0Q7kNvwG9gxef&_nc_oc=Adp_7U03VHHC9IFFqR9rokIBGJ3l4eOHxlLIaTX8nMlwbw_GRTucaPc1wDe3FfiyvbliWR8VXHQxxiJ_ifxfkwHc&_nc_zt=24&_nc_ht=scontent.cdninstagram.com&_nc_ss=786a8&oh=00_Af73I_iSI9KR1vIjvS041PZvXMaF6AX_awHjF8vid-9W5w&oe=6A11406D","https://www.instagram.com/ritacassia392/","ritacassia392","https://www.instagram.com/p/DXkyjneEfDp/c/17878031247580066/","3 sem","Sempre Fake News","Responder","","Curtir"
"https://www.instagram.com/wendhersilva/","https://scontent.cdninstagram.com/v/t51.2885-19/277913371_347565330664356_3288335067719923723_n.jpg?stp=dst-jpg_s150x150_tt6&_nc_cat=101&ccb=7-5&_nc_sid=f7ccc5&efg=eyJ2ZW5jb2RlX3RhZyI6InByb2ZpbGVfcGljLnd3dy4xMDgwLkMzIn0%3D&_nc_ohc=20VVOwG8A_cQ7kNvwEO3MDE&_nc_oc=Ado-tNGarV_jNpFo5LDYK69sK3NKCEEz3vI9KR9tdJa4fmx8MqaInXrg-500Wj94ifqmiNfKtozxODOvKRDKh25A&_nc_zt=24&_nc_ht=scontent.cdninstagram.com&_nc_ss=786a8&oh=00_Af6cJefqTFxdJ_43jC1Ixoebj6qznSC8bMODB0UJ5TKKMA&oe=6A1114D9","https://www.instagram.com/wendhersilva/","wendhersilva","https://www.instagram.com/p/DXkyjneEfDp/c/17868443571612597/","3 sem","Um pobre idiota de direita.","Responder","","Curtir"
"https://www.instagram.com/dou.glas2810/","https://scontent.cdninstagram.com/v/t51.2885-19/440735916_1127776821602377_3267272472133574670_n.jpg?stp=dst-jpg_s150x150_tt6&_nc_cat=109&ccb=7-5&_nc_sid=f7ccc5&efg=eyJ2ZW5jb2RlX3RhZyI6InByb2ZpbGVfcGljLnd3dy43MjAuQzMifQ%3D%3D&_nc_ohc=FiDcdtGSCowQ7kNvwE0wzzZ&_nc_oc=AdrHqwqV6YqH7cPwNdrl0_MnvFU9yP9RVAvHWyymC_5NJl9Gdtvq7OQlY3_F-20c3F7ciEznhvAYweYrUBCgtAkG&_nc_zt=24&_nc_ht=scontent.cdninstagram.com&_nc_ss=786a8&oh=00_Af7Ya_VuIuoAWK6zLM-w9Vmj8V9FBTidlQQjFL-rEXSubA&oe=6A113148","https://www.instagram.com/dou.glas2810/","dou.glas2810","https://www.instagram.com/p/DXkyjneEfDp/c/18088915910258395/","3 sem","Fica quieta dona Maria, seu marido disse na reportagem que vota em Flávio e que é contra LULA, toma cuidado dona Maria!","Responder","","Curtir"
"https://www.instagram.com/mendes_e_sempre/","https://scontent.cdninstagram.com/v/t51.2885-19/448347409_1858826047918625_4196158418329278390_n.jpg?stp=dst-jpg_s150x150_tt6&_nc_cat=103&ccb=7-5&_nc_sid=f7ccc5&efg=eyJ2ZW5jb2RlX3RhZyI6InByb2ZpbGVfcGljLnd3dy41MDcuQzMifQ%3D%3D&_nc_ohc=AKh9H2xiXE8Q7kNvwGhDZ5M&_nc_oc=Adp8eEgYSJOw5GBlrRQJoJq56j3AkZpTZ9LZywGmfCr0JzTllBtw-Wcu4mwpLWeBcdcti3HGnMBMzVH9wG2SF6Vx&_nc_zt=24&_nc_ht=scontent.cdninstagram.com&_nc_ss=786a8&oh=00_Af4h73IHUqUbxCzjHuMvYffHDlyImhFf-MtXPKB7Q1Kwow&oe=6A114055","https://www.instagram.com/mendes_e_sempre/","mendes_e_sempre","https://www.instagram.com/p/DXkyjneEfDp/c/17929646325256510/","3 sem","Extraordinário sensacional parabéns","Responder","","Curtir"
"https://www.instagram.com/elielcd2016/","https://scontent.cdninstagram.com/v/t51.2885-19/426463473_792924242670356_5833518601400714483_n.jpg?stp=dst-jpg_s150x150_tt6&_nc_cat=100&ccb=7-5&_nc_sid=f7ccc5&efg=eyJ2ZW5jb2RlX3RhZyI6InByb2ZpbGVfcGljLnd3dy43OTQuQzMifQ%3D%3D&_nc_ohc=IqtqDPQu7xIQ7kNvwG_1cfi&_nc_oc=AdqTsOJ7OfI2r3PZm1V8-hF7L6jWIMWc2KthovM02djQLPVxWEfEDrvEZWzRs-3QMkAfMOrvQBvY9VK0kZA5uqgJ&_nc_zt=24&_nc_ht=scontent.cdninstagram.com&_nc_ss=786a8&oh=00_Af7TiWcvkmoYMGFS5dqP1lRqTRGeuVayMgGovFHNAiWlgg&oe=6A113AE9","https://www.instagram.com/elielcd2016/","elielcd2016","https://www.instagram.com/p/DXkyjneEfDp/c/18083929850527853/","3 sem","A quadrilha petista não que ser criticada,  mas quando era Bolsonaro até jogar futebol com sua cabeça era liberdade de expressão.","Responder","","Curtir"
"https://www.instagram.com/claudi_neidoca/","https://scontent.cdninstagram.com/v/t51.2885-19/275164231_734329164220315_4803558236860025803_n.jpg?stp=dst-jpg_s150x150_tt6&_nc_cat=104&ccb=7-5&_nc_sid=f7ccc5&efg=eyJ2ZW5jb2RlX3RhZyI6InByb2ZpbGVfcGljLnd3dy43MjAuQzMifQ%3D%3D&_nc_ohc=eIHZsmAhUSIQ7kNvwFxEAg6&_nc_oc=AdrixNOdBsevdmWRRm_uV2zfIwN7XI8SFVYC38XsG2sM3kv179mSo48TMQm-4PnMjKOzO7Zccr_tTxqpdW3hJJBj&_nc_zt=24&_nc_ht=scontent.cdninstagram.com&_nc_ss=786a8&oh=00_Af7w9LngfJsM7XKgT0ZvWFJHFPno1YlPTQMoM5BvDmUb6g&oe=6A112AB3","https://www.instagram.com/claudi_neidoca/","claudi_neidoca","https://www.instagram.com/p/DXkyjneEfDp/c/18012599153845334/","3 sem","Tem que se criado para detonar os dois lados de direita e esquerda . Todos os políticos brasileiro","Responder","","Curtir"
"https://www.instagram.com/neemiasrochaofc/","https://scontent.cdninstagram.com/v/t51.82787-19/553711819_18055496189623575_1594467007209723513_n.jpg?stp=dst-jpg_s150x150_tt6&_nc_cat=103&ccb=7-5&_nc_sid=f7ccc5&efg=eyJ2ZW5jb2RlX3RhZyI6InByb2ZpbGVfcGljLnd3dy44NjQuQzMifQ%3D%3D&_nc_ohc=Cfa56P6Jed0Q7kNvwHh9ZXz&_nc_oc=AdoOQhBrmXz52kEFhTisfA7XxfKAKBFAs4_To4GmLiVgCDG2F0jCH0tbS6SkHTfgL1v8GOEWf6JH8YMLcIsSa2of&_nc_zt=24&_nc_ht=scontent.cdninstagram.com&_nc_gid=o9tzAqzaQ82MpEEglpvmKQ&_nc_ss=786a8&oh=00_Af791LVGX60L99Tzm_idyXdGWVNbCIVl8uTZHRwW2mNsfg&oe=6A113015","https://www.instagram.com/neemiasrochaofc/","neemiasrochaofc","https://www.instagram.com/p/DXkyjneEfDp/c/17882923761394148/","3 sem","Onde segue a dona Maria","Responder","","Curtir"
"https://www.instagram.com/marciadenisemarques033/","https://scontent.cdninstagram.com/v/t51.2885-19/321875139_611734700953801_7620778761407601113_n.jpg?stp=dst-jpg_s150x150_tt6&_nc_cat=100&ccb=7-5&_nc_sid=f7ccc5&efg=eyJ2ZW5jb2RlX3RhZyI6InByb2ZpbGVfcGljLnd3dy43MTcuQzMifQ%3D%3D&_nc_ohc=g0-ResJdvfAQ7kNvwE29efR&_nc_oc=AdpVXJyx4veqlCDg34C-xfaavh8Abbi2bMTaC4NCCXttuTtBKha9zF5ShyseKiWcUmuV04z9gilA4p3GYADRPuBH&_nc_zt=24&_nc_ht=scontent.cdninstagram.com&_nc_ss=786a8&oh=00_Af4txqfMBvwgyUKIXLcPQw6xCD7VwP2N5KwK18cMnt3JTg&oe=6A1126B2","https://www.instagram.com/marciadenisemarques033/","marciadenisemarques033","https://www.instagram.com/p/DXkyjneEfDp/c/18209161291326873/","3 sem","PT é o partido das trevas.","Responder","","Curtir"
"https://www.instagram.com/af3218875/","https://scontent.cdninstagram.com/v/t51.75761-19/513502189_17937756318030213_2066081074881683098_n.jpg?stp=dst-jpg_s150x150_tt6&_nc_cat=100&ccb=7-5&_nc_sid=f7ccc5&efg=eyJ2ZW5jb2RlX3RhZyI6InByb2ZpbGVfcGljLnd3dy4xMDgwLkMzIn0%3D&_nc_ohc=Io-PheB6wgIQ7kNvwHwmCmY&_nc_oc=Adoei67J7dL6XkRQCW-aSuXLaRLzeE8MQL9A7tCGhgUNWIUn3UZmGx0YktvTuBb9qyxIhVL2uxUflSP4jVzvh2Mh&_nc_zt=24&_nc_ht=scontent.cdninstagram.com&_nc_gid=o9tzAqzaQ82MpEEglpvmKQ&_nc_ss=786a8&oh=00_Af4649WRT48b2xbY0yr0X2_lkN5eL-52T3AiDeyDh13nJg&oe=6A11227F","https://www.instagram.com/af3218875/","af3218875","https://www.instagram.com/p/DXkyjneEfDp/c/17960045007112476/","3 sem","Quem estiver em dúvida em quem votar para presidente, só é pesquisar no Google, fila do osso governo Bolsonaro.","Responder","","Curtir"
"https://www.instagram.com/willians_rapper/","https://scontent.cdninstagram.com/v/t51.2885-19/486967346_1885456635556292_6674662133768129850_n.jpg?stp=dst-jpg_s150x150_tt6&_nc_cat=104&ccb=7-5&_nc_sid=f7ccc5&efg=eyJ2ZW5jb2RlX3RhZyI6InByb2ZpbGVfcGljLnd3dy4xMDgwLkMzIn0%3D&_nc_ohc=nYA9Jh8MCNQQ7kNvwGlgeLQ&_nc_oc=Adq3tVyoADB1pCgyaL_EGfJmhAuE2OVhOdWiRPcJtLzHRdN5GB7Oj5uKt6u0SpWL31UB5V7unSAS4GGA0dG3P2b_&_nc_zt=24&_nc_ht=scontent.cdninstagram.com&_nc_ss=786a8&oh=00_Af67-DWW7P3KcUNzqxlZsM1MYv968YLu-CiuIo4-hTJkNQ&oe=6A114651","https://www.instagram.com/willians_rapper/","willians_rapper","https://www.instagram.com/p/DXkyjneEfDp/c/18070844651305855/","3 sem","O dono da página foi entrevistado e disse que a página não é de esquerda e nem de ""DIREITA"". Mas ataca o Governo e Ministros do STF porém defende políticos do Bolsonarismo....kkkkkkkkkk","Responder","","Curtir"
"https://www.instagram.com/coaladreadlocks7a/","https://scontent.cdninstagram.com/v/t51.82787-19/555048461_18176395990344427_7267715607759706827_n.jpg?stp=dst-jpg_s150x150_tt6&_nc_cat=101&ccb=7-5&_nc_sid=f7ccc5&efg=eyJ2ZW5jb2RlX3RhZyI6InByb2ZpbGVfcGljLnd3dy4xMDgwLkMzIn0%3D&_nc_ohc=Ls-hWPusT1kQ7kNvwECvW-z&_nc_oc=AdpnXmdP4XW5-FTVlwqrCKq08BQ2ZGUBT_MzPW07bnSJlMI24M4eZJShXemBV6zLcOXMuRNE1ZVr6aKqb6CHraGz&_nc_zt=24&_nc_ht=scontent.cdninstagram.com&_nc_gid=o9tzAqzaQ82MpEEglpvmKQ&_nc_ss=786a8&oh=00_Af7Np43TXIEMcnnPnWOzJrD5QgGHewqM1AZQbFRH_S6DTw&oe=6A112940","https://www.instagram.com/coaladreadlocks7a/","coaladreadlocks7a","https://www.instagram.com/p/DXkyjneEfDp/c/18079542170545309/","3 sem","5 letras","Responder","","Curtir"
"https://www.instagram.com/coaladreadlocks7a/","https://scontent.cdninstagram.com/v/t51.82787-19/555048461_18176395990344427_7267715607759706827_n.jpg?stp=dst-jpg_s150x150_tt6&_nc_cat=101&ccb=7-5&_nc_sid=f7ccc5&efg=eyJ2ZW5jb2RlX3RhZyI6InByb2ZpbGVfcGljLnd3dy4xMDgwLkMzIn0%3D&_nc_ohc=Ls-hWPusT1kQ7kNvwECvW-z&_nc_oc=AdpnXmdP4XW5-FTVlwqrCKq08BQ2ZGUBT_MzPW07bnSJlMI24M4eZJShXemBV6zLcOXMuRNE1ZVr6aKqb6CHraGz&_nc_zt=24&_nc_ht=scontent.cdninstagram.com&_nc_gid=o9tzAqzaQ82MpEEglpvmKQ&_nc_ss=786a8&oh=00_Af7Np43TXIEMcnnPnWOzJrD5QgGHewqM1AZQbFRH_S6DTw&oe=6A112940","https://www.instagram.com/coaladreadlocks7a/","coaladreadlocks7a","https://www.instagram.com/p/DXkyjneEfDp/c/17967145845060885/","3 sem","Custo kkkkkk","Responder","","Curtir"
"https://www.instagram.com/leonardo.justino.186/","https://scontent.cdninstagram.com/v/t51.2885-19/280920868_146433341272596_85228146092135984_n.jpg?stp=dst-jpg_s150x150_tt6&_nc_cat=109&ccb=7-5&_nc_sid=f7ccc5&efg=eyJ2ZW5jb2RlX3RhZyI6InByb2ZpbGVfcGljLnd3dy4xMDgwLkMzIn0%3D&_nc_ohc=adlz6LuhQs4Q7kNvwHK_9Oz&_nc_oc=Adooo5JWFZUJLBqbJrvewtPS8xgQsatR_j8U3gRIkiZ9YjZpNRzYUxNJujaSFUrTSSrZJQMDSIpGLEPE8yfTB8BM&_nc_zt=24&_nc_ht=scontent.cdninstagram.com&_nc_ss=786a8&oh=00_Af45vNOi_xKqXJ4HZjrAxaw6mH5zcQrCsH3XqkUIs1tV_A&oe=6A113F50","https://www.instagram.com/leonardo.justino.186/","leonardo.justino.186","https://www.instagram.com/p/DXkyjneEfDp/c/17913328200365719/","3 sem","Hoje não Brasil fala a verdade é crime","Responder","","Curtir"
"https://www.instagram.com/ricardosantosxiii/","https://scontent.cdninstagram.com/v/t51.2885-19/348507593_582235237343032_5094567333681139243_n.jpg?stp=dst-jpg_s150x150_tt6&_nc_cat=108&ccb=7-5&_nc_sid=f7ccc5&efg=eyJ2ZW5jb2RlX3RhZyI6InByb2ZpbGVfcGljLnd3dy4xMDgwLkMzIn0%3D&_nc_ohc=ZhejKWpqhzcQ7kNvwH5uROH&_nc_oc=AdoX9zBWFpqcYWgQcK3512wT2rWbsdTWu0ALwoPepPwXl4Fl06hjfafk5CgMaoqT5sD1KwEQ2ZrYoXJbwfl26m1c&_nc_zt=24&_nc_ht=scontent.cdninstagram.com&_nc_ss=786a8&oh=00_Af6P9BIHak9GybHpdhAr1pKrZVYJetAghNG0ZaYRaMu5ug&oe=6A113DCC","https://www.instagram.com/ricardosantosxiii/","ricardosantosxiii","https://www.instagram.com/p/DXkyjneEfDp/c/18065235332361138/","3 sem","O pior que usa uma mulher negra é de aparência pobre","Responder","","Curtir"
"https://www.instagram.com/patricia_s.nunes/","https://scontent.cdninstagram.com/v/t51.2885-19/447855551_1003748148076734_8717390752599030728_n.jpg?stp=dst-jpg_s150x150_tt6&_nc_cat=108&ccb=7-5&_nc_sid=f7ccc5&efg=eyJ2ZW5jb2RlX3RhZyI6InByb2ZpbGVfcGljLnd3dy44NTcuQzMifQ%3D%3D&_nc_ohc=_9Crq8hzytgQ7kNvwGYRjFO&_nc_oc=Adre60LLt2fsFE1ZbxnQK9hiTo-7Ystinbog7tOhrVYHxDqjxd8Gb5PtodZd25H3GmXf_8DYvCGrcTZhK9bWaAer&_nc_zt=24&_nc_ht=scontent.cdninstagram.com&_nc_ss=786a8&oh=00_Af68CO7Afqhzc7gBCNyWcOmmbdKHiOqLDtPHEi3pb_LE0g&oe=6A112E79","https://www.instagram.com/patricia_s.nunes/","patricia_s.nunes","https://www.instagram.com/p/DXkyjneEfDp/c/17964746565105601/","3 sem","Desde quando falar a verdade é ataque?","Responder","","Curtir"
"https://www.instagram.com/lorena_serva/","https://scontent.cdninstagram.com/v/t51.82787-19/561584826_18527292379016489_4021607758901107542_n.jpg?stp=dst-jpg_s150x150_tt6&_nc_cat=101&ccb=7-5&_nc_sid=f7ccc5&efg=eyJ2ZW5jb2RlX3RhZyI6InByb2ZpbGVfcGljLnd3dy4xMDgwLkMzIn0%3D&_nc_ohc=l7l-jevQCGQQ7kNvwFf2rtk&_nc_oc=AdojyXoXWUqXN1J3GLlLJTU-yOXgsy7mZkGzcOeqLoQsA6ialfUlaUTbrA4IlxMzdI3aZdTAUBHzMdkIpy4eHYoo&_nc_zt=24&_nc_ht=scontent.cdninstagram.com&_nc_gid=o9tzAqzaQ82MpEEglpvmKQ&_nc_ss=786a8&oh=00_Af5ku12DdnZJNE39wOWKWD4EMWSkEfi9Cj04YIUHxS9PWA&oe=6A112C8C","https://www.instagram.com/lorena_serva/","lorena_serva","https://www.instagram.com/p/DXkyjneEfDp/c/18153326635460581/","3 sem","Que porra de. Fake é essa","Responder","","Curtir"
"https://www.instagram.com/ivanildosena3/","https://scontent.cdninstagram.com/v/t51.2885-19/354378712_278822831194526_7802916750543642646_n.jpg?stp=dst-jpg_s150x150_tt6&_nc_cat=101&ccb=7-5&_nc_sid=f7ccc5&efg=eyJ2ZW5jb2RlX3RhZyI6InByb2ZpbGVfcGljLnd3dy43MjAuQzMifQ%3D%3D&_nc_ohc=AqbwdhfTIJ0Q7kNvwEalBQ8&_nc_oc=AdornKtr34X6CsxVZnJ1XvSiH0RiWMmZru7tWwoejaRlG9KC4H2bn2cd7ehRXk7v4eHedCs5bxW9yReER7PlYOpp&_nc_zt=24&_nc_ht=scontent.cdninstagram.com&_nc_ss=786a8&oh=00_Af6DjE3CAmc8yt9meFIpSQ9g97Gsn9mpajzHqOjqQcj8-w&oe=6A111840","https://www.instagram.com/ivanildosena3/","ivanildosena3","https://www.instagram.com/p/DXkyjneEfDp/c/18084749432378935/","3 sem","Qual @ da página?","Responder","","Curtir"
"https://www.instagram.com/marcioaliende/","https://scontent.cdninstagram.com/v/t51.2885-19/103829390_685151708976034_3024601783525558382_n.jpg?stp=dst-jpg_s150x150_tt6&_nc_cat=103&ccb=7-5&_nc_sid=f7ccc5&efg=eyJ2ZW5jb2RlX3RhZyI6InByb2ZpbGVfcGljLnd3dy43NTAuQzMifQ%3D%3D&_nc_ohc=6mDgpRUIhWUQ7kNvwF6JovP&_nc_oc=AdrAcyHaxEg0X-a2UevnkDXuiCSVaNQuE__a6kpVya_o6KN6eDm6VjrCKWm4xupl8h2AeZagt9LE9mjNaEaEnmob&_nc_zt=24&_nc_ht=scontent.cdninstagram.com&_nc_ss=786a8&oh=00_Af6YKNHVYIIyU7WcBIlIVLcHFr1cMf64-N2xXNDqLWcv3g&oe=6A111CFC","https://www.instagram.com/marcioaliende/","marcioaliende","https://www.instagram.com/p/DXkyjneEfDp/c/17949036954153018/","3 sem","FORA LULA DEMAGOGO HIPÓCRITA FORA DITADORES DE TOGA","Responder","","Curtir"
"https://www.instagram.com/fernandoexpmarin/","https://scontent.cdninstagram.com/v/t51.82787-19/625001884_18553484812039157_1636747035161236290_n.jpg?stp=dst-jpg_s150x150_tt6&_nc_cat=105&ccb=7-5&_nc_sid=f7ccc5&efg=eyJ2ZW5jb2RlX3RhZyI6InByb2ZpbGVfcGljLnd3dy4xMDI0LkMzIn0%3D&_nc_ohc=UTtH2_yLfHQQ7kNvwFkHwuY&_nc_oc=AdpfzdhfS_19K_162VqcS7_P2RLWADHmMXfL-IpUKq-bP-_VD1vJn31HJ4aKL9wXw9v8PIm0IhhIAsy0iWNKLdV-&_nc_zt=24&_nc_ht=scontent.cdninstagram.com&_nc_gid=JBOejy-jF3FNbRNg8VRzxA&_nc_ss=786a8&oh=00_Af42rNGNu4IXc_R3O5n_umq6LCug9JtfGjoy1kI-CKfI6Q&oe=6A111488","https://www.instagram.com/fernandoexpmarin/","fernandoexpmarin","https://www.instagram.com/p/DXkyjneEfDp/c/18075791228559826/","3 sem","Essa é a nova tática deles… Todo mundo que quer mostrar a verdade quer propagar desinformação 😂","Responder","","Curtir"
"https://www.instagram.com/b_onlyone/","https://scontent.cdninstagram.com/v/t51.2885-19/87529806_807729209708154_5958088403785351168_n.jpg?stp=dst-jpg_s150x150_tt6&_nc_cat=103&ccb=7-5&_nc_sid=f7ccc5&efg=eyJ2ZW5jb2RlX3RhZyI6InByb2ZpbGVfcGljLnd3dy42NjAuQzMifQ%3D%3D&_nc_ohc=x2W7doEwUe0Q7kNvwE_n7sC&_nc_oc=Adr0NKswNy6IgxvcU-xjJVcsrIeVDrIn9hAipIOkQiHyr5CkTcoZ-1vqw70tNjpfamJddfbiy52q-2u3Gwwhr2GI&_nc_zt=24&_nc_ht=scontent.cdninstagram.com&_nc_ss=786a8&oh=00_Af6ptDfgEJRCdtlMNq0tOReBrJK9Ym6dMKP6CZdWupefKQ&oe=6A111200","https://www.instagram.com/b_onlyone/","b_onlyone","https://www.instagram.com/p/DXkyjneEfDp/c/18192535414368714/","3 sem","E quem garante que essa página não foi criada propositadamente pelo PT só para dar sustentabilidade à lei de regulamentação das redes sociais?","Responder","","Curtir"
"https://www.instagram.com/dvdtami/","https://scontent.cdninstagram.com/v/t51.82787-19/670417463_17898825474428948_9212065271420065044_n.jpg?stp=dst-jpg_s150x150_tt6&_nc_cat=100&ccb=7-5&_nc_sid=f7ccc5&efg=eyJ2ZW5jb2RlX3RhZyI6InByb2ZpbGVfcGljLnd3dy4xMDgwLkMzIn0%3D&_nc_ohc=vvRfPhtVhX4Q7kNvwEq6j3j&_nc_oc=Adoh2Xi6w1W0folKVt8HKsUCvV3CbUHwp6IjU2GjiAoBfwRsyBAITnUysyRWaLdfreLB6zzTYokTDssZhKbpVN9K&_nc_zt=24&_nc_ht=scontent.cdninstagram.com&_nc_gid=JBOejy-jF3FNbRNg8VRzxA&_nc_ss=786a8&oh=00_Af4qD-jWvxiRUZRTM4mTAgWQTK4vlGnybpeXGhq_YUmq_g&oe=6A1111C3","https://www.instagram.com/dvdtami/","dvdtami","https://www.instagram.com/p/DXkyjneEfDp/c/18145693660435996/","3 sem","Vai cuida dos netinhos catarrentos","Responder","","Curtir"
"https://www.instagram.com/dvdtami/","https://scontent.cdninstagram.com/v/t51.82787-19/670417463_17898825474428948_9212065271420065044_n.jpg?stp=dst-jpg_s150x150_tt6&_nc_cat=100&ccb=7-5&_nc_sid=f7ccc5&efg=eyJ2ZW5jb2RlX3RhZyI6InByb2ZpbGVfcGljLnd3dy4xMDgwLkMzIn0%3D&_nc_ohc=vvRfPhtVhX4Q7kNvwEq6j3j&_nc_oc=Adoh2Xi6w1W0folKVt8HKsUCvV3CbUHwp6IjU2GjiAoBfwRsyBAITnUysyRWaLdfreLB6zzTYokTDssZhKbpVN9K&_nc_zt=24&_nc_ht=scontent.cdninstagram.com&_nc_gid=JBOejy-jF3FNbRNg8VRzxA&_nc_ss=786a8&oh=00_Af4qD-jWvxiRUZRTM4mTAgWQTK4vlGnybpeXGhq_YUmq_g&oe=6A1111C3","https://www.instagram.com/dvdtami/","dvdtami","https://www.instagram.com/p/DXkyjneEfDp/c/18550863700067443/","3 sem","Vai cuida dos netinhos catarrentos","Responder","","Curtir"
"https://www.instagram.com/dvdtami/","https://scontent.cdninstagram.com/v/t51.82787-19/670417463_17898825474428948_9212065271420065044_n.jpg?stp=dst-jpg_s150x150_tt6&_nc_cat=100&ccb=7-5&_nc_sid=f7ccc5&efg=eyJ2ZW5jb2RlX3RhZyI6InByb2ZpbGVfcGljLnd3dy4xMDgwLkMzIn0%3D&_nc_ohc=vvRfPhtVhX4Q7kNvwEq6j3j&_nc_oc=Adoh2Xi6w1W0folKVt8HKsUCvV3CbUHwp6IjU2GjiAoBfwRsyBAITnUysyRWaLdfreLB6zzTYokTDssZhKbpVN9K&_nc_zt=24&_nc_ht=scontent.cdninstagram.com&_nc_gid=JBOejy-jF3FNbRNg8VRzxA&_nc_ss=786a8&oh=00_Af4qD-jWvxiRUZRTM4mTAgWQTK4vlGnybpeXGhq_YUmq_g&oe=6A1111C3","https://www.instagram.com/dvdtami/","dvdtami","https://www.instagram.com/p/DXkyjneEfDp/c/18039231827588460/","3 sem","Vai lavar uma louça veia","Responder","","Curtir"
"https://www.instagram.com/ednacristofani/","https://scontent.cdninstagram.com/v/t51.82787-19/601062945_18517578745068398_186320944331267133_n.jpg?stp=dst-jpg_s150x150_tt6&_nc_cat=100&ccb=7-5&_nc_sid=f7ccc5&efg=eyJ2ZW5jb2RlX3RhZyI6InByb2ZpbGVfcGljLnd3dy45NTIuQzMifQ%3D%3D&_nc_ohc=R8qjHS68d7wQ7kNvwEuEWOi&_nc_oc=AdqYADxB-No7Fq8yQH5mOhq3sY-myrDSxapBeu1MWJhQKBz9aLzgH4pllKBQVMpmtuxDbSmnt8TArDvcnk1Ggv_O&_nc_zt=24&_nc_ht=scontent.cdninstagram.com&_nc_gid=JBOejy-jF3FNbRNg8VRzxA&_nc_ss=786a8&oh=00_Af6OJJhJntfQ2RmdNLZjDLP_yZnHdcalmZvlEza90oplNA&oe=6A111295","https://www.instagram.com/ednacristofani/","ednacristofani","https://www.instagram.com/p/DXkyjneEfDp/c/18370327999165901/","3 sem","Se tá achando ruim pede pra sair da presidência","Responder","","Curtir"
"https://www.instagram.com/rubensblg1212/","https://scontent.cdninstagram.com/v/t51.2885-19/333120625_754881105962071_4864081995710067375_n.jpg?stp=dst-jpg_s150x150_tt6&_nc_cat=111&ccb=7-5&_nc_sid=f7ccc5&efg=eyJ2ZW5jb2RlX3RhZyI6InByb2ZpbGVfcGljLnd3dy4xMDc5LkMzIn0%3D&_nc_ohc=rNIF5mI0RtAQ7kNvwGPLmnU&_nc_oc=AdpVW_gR8oIvH_ZG-_WN4qKyS0QNyGtoawySvPUBGq6hjqcDARwbu0BVv2tVyIL1KcWDmnaHhcWo19A_hJ-InIuu&_nc_zt=24&_nc_ht=scontent.cdninstagram.com&_nc_ss=786a8&oh=00_Af6a4O2YicUvi9U7bpe6vPcD9pgIM5o8CAz8S5bW9FSbMA&oe=6A1123CE","https://www.instagram.com/rubensblg1212/","rubensblg1212","https://www.instagram.com/p/DXkyjneEfDp/c/18096086714155597/","3 sem","PT PODE SENSURA PORRA TODO QUE LULA SERA APOSENTADO  EM 2026 NÃO  TEM JEITO","Responder","","Curtir"
"https://www.instagram.com/betto__rodrigues/","https://scontent.cdninstagram.com/v/t51.82787-19/683006620_18578541595028998_3376498533828962961_n.jpg?stp=dst-jpg_s150x150_tt6&_nc_cat=107&ccb=7-5&_nc_sid=f7ccc5&efg=eyJ2ZW5jb2RlX3RhZyI6InByb2ZpbGVfcGljLnd3dy4xMDgwLkMzIn0%3D&_nc_ohc=HmAM-1NmE7AQ7kNvwEwJwfL&_nc_oc=AdraUax4ALgv5tDDlqwk7QMVfP5qjzJxoYC3ycwriyTChHiHnOJBRX-fuku6Dd8pp4R2P1owO86GWlYvAEXlX6GZ&_nc_zt=24&_nc_ht=scontent.cdninstagram.com&_nc_gid=JBOejy-jF3FNbRNg8VRzxA&_nc_ss=786a8&oh=00_Af4lf0Hil_WADbzXmnNLEnl0UEIDnpaR_sph0K30NwZIkQ&oe=6A112C99","https://www.instagram.com/betto__rodrigues/","betto__rodrigues","https://www.instagram.com/p/DXkyjneEfDp/c/18064392404381163/","3 sem","So ente que adora fake quer seguir kkkk","Responder","","Curtir"
"https://www.instagram.com/rubensblg1212/","https://scontent.cdninstagram.com/v/t51.2885-19/333120625_754881105962071_4864081995710067375_n.jpg?stp=dst-jpg_s150x150_tt6&_nc_cat=111&ccb=7-5&_nc_sid=f7ccc5&efg=eyJ2ZW5jb2RlX3RhZyI6InByb2ZpbGVfcGljLnd3dy4xMDc5LkMzIn0%3D&_nc_ohc=rNIF5mI0RtAQ7kNvwGPLmnU&_nc_oc=AdpVW_gR8oIvH_ZG-_WN4qKyS0QNyGtoawySvPUBGq6hjqcDARwbu0BVv2tVyIL1KcWDmnaHhcWo19A_hJ-InIuu&_nc_zt=24&_nc_ht=scontent.cdninstagram.com&_nc_ss=786a8&oh=00_Af6a4O2YicUvi9U7bpe6vPcD9pgIM5o8CAz8S5bW9FSbMA&oe=6A1123CE","https://www.instagram.com/rubensblg1212/","rubensblg1212","https://www.instagram.com/p/DXkyjneEfDp/c/17888488017470830/","3 sem","😂😂😂😂😂😂😂😂😂😂😂","Responder","","Curtir"
"https://www.instagram.com/kenxavierbr/","https://scontent.cdninstagram.com/v/t51.75761-19/497763085_18044716235430332_1937313261802283408_n.jpg?stp=dst-jpg_s150x150_tt6&_nc_cat=103&ccb=7-5&_nc_sid=f7ccc5&efg=eyJ2ZW5jb2RlX3RhZyI6InByb2ZpbGVfcGljLnd3dy4xMDgwLkMzIn0%3D&_nc_ohc=hpr_q9YqJF8Q7kNvwEvuPVH&_nc_oc=AdpHwVEBkQEdBt6uHhZgdOCbJmxtMn_V1UB1HFCiGN6knEfsXzFHHZQ12Szexi3AXX7sk2v0T1UtgQeBuTway7yT&_nc_zt=24&_nc_ht=scontent.cdninstagram.com&_nc_gid=JBOejy-jF3FNbRNg8VRzxA&_nc_ss=786a8&oh=00_Af5fUn7-e5qdbQwT8gy4XsM-kTCKHjCewWPV6zaVr5E_rg&oe=6A112B17","https://www.instagram.com/kenxavierbr/","kenxavierbr","https://www.instagram.com/p/DXkyjneEfDp/c/18054515777505976/","3 sem","Não pode falar do Lula e dos ministros do STF que ele colocou lá..... Os intocáveis","Responder","","Curtir"
"https://www.instagram.com/walterdasilva_santos/","https://scontent.cdninstagram.com/v/t51.82787-19/539052233_18075435422314227_1089812364388789007_n.jpg?stp=dst-jpg_s150x150_tt6&_nc_cat=108&ccb=7-5&_nc_sid=f7ccc5&efg=eyJ2ZW5jb2RlX3RhZyI6InByb2ZpbGVfcGljLnd3dy4xMDgwLkMzIn0%3D&_nc_ohc=qO_HY0pFuMMQ7kNvwEEUUEf&_nc_oc=Adpao00eXqw6rlvU802T3xYrkraj2XVQHkrmaLM0r_n05v9tNT4-bxTxHAOGKIRRVdxGCzTY_rzFdCdhPQmnz2wa&_nc_zt=24&_nc_ht=scontent.cdninstagram.com&_nc_gid=JBOejy-jF3FNbRNg8VRzxA&_nc_ss=786a8&oh=00_Af7FFYvSHXlNnH7xqxAN4dthQdLwY0rmnCeIAVubPPjYaQ&oe=6A114496","https://www.instagram.com/walterdasilva_santos/","walterdasilva_santos","https://www.instagram.com/p/DXkyjneEfDp/c/17886812145377235/","3 sem","A verdade precisa ser dita, sem maquiagem.A escala 6x1 não é só cansativa. Ela é desumana.E quem mais sofre com isso? As mulheres.Mulheres que trabalham 6 dias fora e no sétimo continuam trabalhando dentro de casa.Que chegam exaustas e ainda precisam cuidar dos filhos, da comida, da casa… de tudo.Sem descanso. Sem apoio. Sem dignidade.Isso não é vida. Isso é sobrevivência.Enquanto isso, a classe política vive em outra realidade.Não importa se é esquerda ou direita. No final, todos estão lá, ganhando salários absurdos de até 50 MIL REAIS por mês, cheios de benefícios, longe da realidade do povo.Eles não sabem o que é abrir a geladeira e não ter nada.Não sabem o que é escolher entre pagar aluguel ou comprar comida.Muito menos sabem o que é viver numa escala 6x1.E mesmo assim… são eles que decidem tudo.Isso não é só desigualdade.Isso é um sistema que explora quem trabalha e protege quem está no poder.E no meio disso tudo, estão as mulheres… segurando a família, o trabalho, a pressão, o cansaço — e ainda sendo invisíveis.Até quando isso vai ser normal?Até quando vamos aceitar trabalhar até o limite, enquanto outros vivem no privilégio?A conta não fecha. E o silêncio só mantém tudo como está.","Responder","","Curtir"
"https://www.instagram.com/jeansimonef/","https://scontent.cdninstagram.com/v/t51.2885-19/347069798_1401935157267087_6165522862902343578_n.jpg?stp=dst-jpg_s150x150_tt6&_nc_cat=103&ccb=7-5&_nc_sid=f7ccc5&efg=eyJ2ZW5jb2RlX3RhZyI6InByb2ZpbGVfcGljLnd3dy4xMDQ2LkMzIn0%3D&_nc_ohc=yRBoHadCfe4Q7kNvwHVUDKt&_nc_oc=Adohk6Z9gDgGHuJo8QveeaiDW60_Qh5ua7XmNHAP-qXBWNqbgRwM3dx_aWyr5X36_p72D1UTUUA1s1psUfTijvE3&_nc_zt=24&_nc_ht=scontent.cdninstagram.com&_nc_ss=786a8&oh=00_Af5ip1evJ7FKeb3I7r10dt2FceYDKEZeMzVVmWtL3GBOOg&oe=6A1110B4","https://www.instagram.com/jeansimonef/","jeansimonef","https://www.instagram.com/p/DXkyjneEfDp/c/17886949074495597/","3 sem","Tomaaaa. A direita, extrema direita só se sustenta ainda, por conta das inúmeras fakes disseminadas diariamente e convencem àqueles que não tem inteligência para no mínimo, verificar se é fato ou fake. Tomaaaaa dona maria😂😂😂😂😂😂😂😂😂😂😂😂😂","Responder","","Curtir"
"https://www.instagram.com/talismaroliveirada/","https://scontent.cdninstagram.com/v/t51.2885-19/472458064_1777211733101470_4952129255803250101_n.jpg?stp=dst-jpg_s150x150_tt6&_nc_cat=111&ccb=7-5&_nc_sid=f7ccc5&efg=eyJ2ZW5jb2RlX3RhZyI6InByb2ZpbGVfcGljLnd3dy4xMDgwLkMzIn0%3D&_nc_ohc=kmjFo04X0G8Q7kNvwHc6-p9&_nc_oc=AdrdTG44jFsMo6uf8O7ZZcY_ajI7tGbqlv1msdcVSbprd2iSWyc5MuswP0Lm0N3y_ItEVfkagqZpEw4ImfAGIkym&_nc_zt=24&_nc_ht=scontent.cdninstagram.com&_nc_ss=786a8&oh=00_Af6AlysdeOrhhaUkIVvasX5BqZ5lHWXCmY5faABFcNgT0g&oe=6A111119","https://www.instagram.com/talismaroliveirada/","talismaroliveirada","https://www.instagram.com/p/DXkyjneEfDp/c/18336804205247407/","3 sem","Os cara só vive disso, não tem coragem daí criam perfil falso.","Responder","","Curtir"
"https://www.instagram.com/alyssonsampaiovzp/","https://scontent.cdninstagram.com/v/t51.2885-19/447913212_495567633040991_6557355658602842092_n.jpg?stp=dst-jpg_s150x150_tt6&_nc_cat=108&ccb=7-5&_nc_sid=f7ccc5&efg=eyJ2ZW5jb2RlX3RhZyI6InByb2ZpbGVfcGljLnd3dy45ODUuQzMifQ%3D%3D&_nc_ohc=fUSe9w8m_sQQ7kNvwGzZ78B&_nc_oc=AdqEmkevfZ96f3SLRHTiqXe7Qs1cmFbBnxW2leSnASrFwO9NU1FXGdvJeNRc3tIwUTBmm78lyyxJcHrZj49rZ6Mj&_nc_zt=24&_nc_ht=scontent.cdninstagram.com&_nc_ss=786a8&oh=00_Af50HoCKBc7a1Nf4BZLQu01oYQ2NJylviA6INhxALT24dg&oe=6A111030","https://www.instagram.com/alyssonsampaiovzp/","alyssonsampaiovzp","https://www.instagram.com/p/DXkyjneEfDp/c/17951895402131366/","3 sem","Parabéns Dona Maria! Bota a boca no trombone. 😂😂😂😂","Responder","","Curtir"
"https://www.instagram.com/alexandremartins280/","https://scontent.cdninstagram.com/v/t51.2885-19/337914861_795017385574865_3782063756263642981_n.jpg?stp=dst-jpg_s150x150_tt6&_nc_cat=111&ccb=7-5&_nc_sid=f7ccc5&efg=eyJ2ZW5jb2RlX3RhZyI6InByb2ZpbGVfcGljLnd3dy4zMTguQzMifQ%3D%3D&_nc_ohc=fjlEtDXmVO0Q7kNvwFeD-n-&_nc_oc=Ado3BnbNWMtZ8uwYaWtC_p6eSNAyCkwxLgMwgwxjnhvWgo0sUItl5Gqq5mlvixLtBNo5xkvcl8wB4adm2bf2xnTm&_nc_zt=24&_nc_ht=scontent.cdninstagram.com&_nc_ss=786a8&oh=00_Af6awAlk1GW8qBtYNnzqDoXyF01sMDZmMdDNZi1YF76FBg&oe=6A110F6F","https://www.instagram.com/alexandremartins280/","alexandremartins280","https://www.instagram.com/p/DXkyjneEfDp/c/17889011130470322/","3 sem","Manda esse motorista de Uber, escravo da plataforma ir trabalhar, achou um nicho, usar uma mulher preta, pra apoiar a falácia dele através da ia pq ele pensa que a direita vai aceitar ele por falar mentiras na internet, POBRE coitado","Responder","","Curtir"
"https://www.instagram.com/jkauann_/","https://scontent.cdninstagram.com/v/t51.82787-19/583034029_18087457994303179_113452637205208923_n.jpg?stp=dst-jpg_s150x150_tt6&_nc_cat=102&ccb=7-5&_nc_sid=f7ccc5&efg=eyJ2ZW5jb2RlX3RhZyI6InByb2ZpbGVfcGljLnd3dy4xMDgwLkMzIn0%3D&_nc_ohc=PtLZu85dAbsQ7kNvwF6PILA&_nc_oc=AdpSJjtClZHaGxeFZHE2zXtOmtF71wqOpD8n6g31_imTXWpVRghI_06NfvRKX_UxiJI0AfTbOBpwhZba0aOIYrVa&_nc_zt=24&_nc_ht=scontent.cdninstagram.com&_nc_gid=8clU5AY-MeNN_YnttiLFWw&_nc_ss=786a8&oh=00_Af7Rxow1ZT418M59qOeP4mU5hL_WXUNxIX1ymwwLkgPzYg&oe=6A111B55","https://www.instagram.com/jkauann_/","jkauann_","https://www.instagram.com/p/DXkyjneEfDp/c/18098664155099228/","3 sem","O tom Erika Hilton","Responder","","Curtir"
"https://www.instagram.com/lilia.lima.almeida/","https://scontent.cdninstagram.com/v/t51.2885-19/304822724_387556773566302_4305372736214994289_n.jpg?stp=dst-jpg_s150x150_tt6&_nc_cat=109&ccb=7-5&_nc_sid=f7ccc5&efg=eyJ2ZW5jb2RlX3RhZyI6InByb2ZpbGVfcGljLnd3dy45NjAuQzMifQ%3D%3D&_nc_ohc=lNShhfnCOOYQ7kNvwEl_eAZ&_nc_oc=AdpdQEZiBGgpsHsMcl3Ps6A_m8WtBJsVqg22XeXZ2QxEQ1v8EEpyC5dOj_fkUyZZ78LSphqlurSoFO3_8UoV597P&_nc_zt=24&_nc_ht=scontent.cdninstagram.com&_nc_ss=786a8&oh=00_Af7J4r1m5FsMIWSjoDrUXA3vXw9AOKqm84dgseqI0AIz0g&oe=6A111215","https://www.instagram.com/lilia.lima.almeida/","lilia.lima.almeida","https://www.instagram.com/p/DXkyjneEfDp/c/18584665270036241/","3 sem","","Responder","","Curtir"
"https://www.instagram.com/marineusaribeirosilvia/","https://scontent.cdninstagram.com/v/t51.82787-19/557797630_17873878293428225_1303884925301998367_n.jpg?stp=dst-jpg_s150x150_tt6&_nc_cat=101&ccb=7-5&_nc_sid=f7ccc5&efg=eyJ2ZW5jb2RlX3RhZyI6InByb2ZpbGVfcGljLnd3dy4xMDgwLkMzIn0%3D&_nc_ohc=LjJVxo3XybkQ7kNvwG91xAR&_nc_oc=AdqYnJVvbv7E9pJzZRV6ZZR00GTRG4-OEXQcgF8G4yLlw2q8JJQf570E7-x57k4RxdtbOm9USYhXGJ4bghMHFE5H&_nc_zt=24&_nc_ht=scontent.cdninstagram.com&_nc_gid=8clU5AY-MeNN_YnttiLFWw&_nc_ss=786a8&oh=00_Af4WXY7so4yRCcFO8XvQsnuqiAtDMih8YKJXy_VUPCV03Q&oe=6A113C87","https://www.instagram.com/marineusaribeirosilvia/","marineusaribeirosilvia","https://www.instagram.com/p/DXkyjneEfDp/c/17877185304590049/","3 sem","😂😂😂😂😂😂😂😂😂 falta de serviço vc minha senhoria","Responder","","Curtir"
"https://www.instagram.com/izzarodrigues_/","https://scontent.cdninstagram.com/v/t51.82787-19/517579107_18361983802195516_8276736065465186383_n.jpg?stp=dst-jpg_s150x150_tt6&_nc_cat=101&ccb=7-5&_nc_sid=f7ccc5&efg=eyJ2ZW5jb2RlX3RhZyI6InByb2ZpbGVfcGljLnd3dy4xMDgwLkMzIn0%3D&_nc_ohc=Gg_FnRBOfUoQ7kNvwFI0qro&_nc_oc=AdpHzJPFEyDXhF_IVM6EO_hhpxUMJcJmiYh6f854qBGyFilJy4aq8d0nfT62bDZPb8HRnsNajg4M3NSvnP_Zs0in&_nc_zt=24&_nc_ht=scontent.cdninstagram.com&_nc_gid=8clU5AY-MeNN_YnttiLFWw&_nc_ss=786a8&oh=00_Af43GylqveFIibkEC0D8apiqnYgYeMjTR03JDS14T2Nnbg&oe=6A113EBA","https://www.instagram.com/izzarodrigues_/","izzarodrigues_","https://www.instagram.com/p/DXkyjneEfDp/c/17886495465530654/","3 sem","O mais absurdo são às pessoas concordando com notícias falsas.","Responder","","Curtir"
"https://www.instagram.com/rochaaldeon/","https://scontent.cdninstagram.com/v/t51.2885-19/347450103_1210989609573562_5750044046228683525_n.jpg?stp=dst-jpg_s150x150_tt6&_nc_cat=100&ccb=7-5&_nc_sid=f7ccc5&efg=eyJ2ZW5jb2RlX3RhZyI6InByb2ZpbGVfcGljLnd3dy4xMDgwLkMzIn0%3D&_nc_ohc=O9gwohbmwTgQ7kNvwGvv-bo&_nc_oc=Adof-ov6pClDgxflzqLFGeQJvbgJUetiSZA8Pzonoc9ZD3XunvwVti1UY2_kOsyHKcmwtZMh_n30R3SyEZJS_nfe&_nc_zt=24&_nc_ht=scontent.cdninstagram.com&_nc_ss=786a8&oh=00_Af50KN6VxJN5RghRTplLCl572nrTIqdl3zRr43IRKR_kxw&oe=6A11296F","https://www.instagram.com/rochaaldeon/","rochaaldeon","https://www.instagram.com/p/DXkyjneEfDp/c/17961366399098003/","3 sem","👏👏👏👏","Responder","","Curtir"
"https://www.instagram.com/_renatomartinsalves/","https://scontent.cdninstagram.com/v/t51.89012-19/573323465_1219825463302212_7278921664109726296_n.jpg?stp=dst-jpg_s150x150_tt6&_nc_cat=1&ccb=7-5&_nc_sid=f7ccc5&efg=eyJ2ZW5jb2RlX3RhZyI6InByb2ZpbGVfcGljLnd3dy5DMyJ9&_nc_ohc=_4tC3MUfCWEQ7kNvwE16xtB&_nc_oc=AdqXylCPb_5IssA9ODsJYf_bLhThMeriY6ONIKusdLzJpr1vsqIoiTJtjP_NL9SSZW2g3O67PAO7cn_Q4MnWMlAW&_nc_zt=24&_nc_ht=scontent.cdninstagram.com&_nc_gid=8clU5AY-MeNN_YnttiLFWw&_nc_ss=786a8&oh=00_Af7Plm1clwcQJzKbMXZHhvRzdybDma6kKAVWDnSrUu3ErA&oe=6A113522","https://www.instagram.com/_renatomartinsalves/","_renatomartinsalves","https://www.instagram.com/p/DXkyjneEfDp/c/18078929036154090/","3 sem","TOMA É VERGONHA NA TUA FUÇA! SE TU REALMENTE VIVE FALANDO VERDADE, POR QUE ENTÃO SÓ XINGA O PT (UM LADO)? ACHAVA QUE QUEM FALAVA SEMPRE A VERDADE ERA IMPARCIAL. ALÉM DE IA. OU SEJA, POR SI SÓ, JÁ É UMA MENTIRA, POR TRÁS DISSO, EXISTE UM ALGUÉM QUE BABA O OVO DE UM LADO E ESCONDE AS FALCATRUAS!","Responder","","Curtir"
"https://www.instagram.com/nelbearcanjo/","https://scontent.cdninstagram.com/v/t51.2885-19/293272515_1089201375282774_1641781375736666056_n.jpg?stp=dst-jpg_s150x150_tt6&_nc_cat=103&ccb=7-5&_nc_sid=f7ccc5&efg=eyJ2ZW5jb2RlX3RhZyI6InByb2ZpbGVfcGljLnd3dy4zMjAuQzMifQ%3D%3D&_nc_ohc=u2zqHHLEAZgQ7kNvwHRiXK8&_nc_oc=AdodQLYfvCLIUwCGm22BMRzvQB6uRxBJy_NhR3sdctGg2zY9UaDobtp82WzQFwCmVAuTJ8A89B7U444UxC4ybP1x&_nc_zt=24&_nc_ht=scontent.cdninstagram.com&_nc_ss=786a8&oh=00_Af6lXFXdPzwFt-Rg9k9iEjXlelpku4KuvTmm24DPXEwbQg&oe=6A111C58","https://www.instagram.com/nelbearcanjo/","nelbearcanjo","https://www.instagram.com/p/DXkyjneEfDp/c/18157199854403136/","3 sem","Página de bolsominions","Responder","","Curtir"
"https://www.instagram.com/evandalves796/","https://scontent.cdninstagram.com/v/t51.2885-19/314186588_6265712410129700_4232288948761911992_n.jpg?stp=dst-jpg_s150x150_tt6&_nc_cat=102&ccb=7-5&_nc_sid=f7ccc5&efg=eyJ2ZW5jb2RlX3RhZyI6InByb2ZpbGVfcGljLnd3dy42NDAuQzMifQ%3D%3D&_nc_ohc=y3pgbAqzzjoQ7kNvwHF0Fz3&_nc_oc=Ado_Ues7YZJXSMbMcQu49IvxSrdTsH499jMZEgNnncm289fcN5WRyPtiJefSe5eXdDOZ3yg2hXOAsnGporv20j-u&_nc_zt=24&_nc_ht=scontent.cdninstagram.com&_nc_ss=786a8&oh=00_Af6bAqFlWqyEK0BN-jtskx0yu6nQeP-Lpl34QmuXWtFJXQ&oe=6A11182A","https://www.instagram.com/evandalves796/","evandalves796","https://www.instagram.com/p/DXkyjneEfDp/c/17943051204013607/","3 sem","Se o bolsonarismo voltar vai matar o pobre de trabalhar, pra continuar roubando sem ninguém questionar","Responder","","Curtir"
"https://www.instagram.com/maxwillmarx/","https://scontent.cdninstagram.com/v/t51.2885-19/366439232_229971419533193_712918939714777316_n.jpg?stp=dst-jpg_s150x150_tt6&_nc_cat=111&ccb=7-5&_nc_sid=f7ccc5&efg=eyJ2ZW5jb2RlX3RhZyI6InByb2ZpbGVfcGljLnd3dy41NjguQzMifQ%3D%3D&_nc_ohc=6qk5nNZXqwAQ7kNvwFJY_Qa&_nc_oc=AdpU-GofEaVPTQFlK8k7HZLF3Zx9AwHjYIeQKoB25xDHcB-OEhSFRJ9cN_cVFmjGF7Lpd7JeUVJTKUDRNdAwhSFu&_nc_zt=24&_nc_ht=scontent.cdninstagram.com&_nc_ss=786a8&oh=00_Af5oS-TPj8rVGrYpewR-C-cR9OOU_ICrTBBEdTWdl0T3pA&oe=6A112664","https://www.instagram.com/maxwillmarx/","maxwillmarx","https://www.instagram.com/p/DXkyjneEfDp/c/18102819028758626/","3 sem","pra quem quiser seguir...","Responder","","Curtir"
"https://www.instagram.com/aliheron1/","https://scontent.cdninstagram.com/v/t51.82787-19/515472986_18080488360845256_4635755474885120515_n.jpg?stp=dst-jpg_s150x150_tt6&_nc_cat=102&ccb=7-5&_nc_sid=f7ccc5&efg=eyJ2ZW5jb2RlX3RhZyI6InByb2ZpbGVfcGljLnd3dy4xMDgwLkMzIn0%3D&_nc_ohc=4ur5GcDzid4Q7kNvwGC43JS&_nc_oc=AdqAdK-CPhaGCOsOBAs5RfnjrOP9fLgdS2l1XoxlWb8ruWeGhtrDDR3mfDB8p97_DNCWbg25DoUp42JE6p0FS8xw&_nc_zt=24&_nc_ht=scontent.cdninstagram.com&_nc_gid=8clU5AY-MeNN_YnttiLFWw&_nc_ss=786a8&oh=00_Af6GGDYX_DygszXgU9Nvn3miGg2ud4ZYKc8MJvZFHXpQzg&oe=6A11122E","https://www.instagram.com/aliheron1/","aliheron1","https://www.instagram.com/p/DXkyjneEfDp/c/17944713948179502/","3 sem","""Atacar""...Ahã.","Responder","","Curtir"
"https://www.instagram.com/edi.campos.5/","https://scontent.cdninstagram.com/v/t51.2885-19/359463240_668281241389495_7652800590684186431_n.jpg?stp=dst-jpg_s150x150_tt6&_nc_cat=108&ccb=7-5&_nc_sid=f7ccc5&efg=eyJ2ZW5jb2RlX3RhZyI6InByb2ZpbGVfcGljLnd3dy44NjYuQzMifQ%3D%3D&_nc_ohc=YuZYsqbIKEcQ7kNvwGmKj8S&_nc_oc=AdrzYjk3KXBsFIbHDOd_MwW4oGD75QC7_TrCxIpxq98M6VBI9RxM7BL5YqXkv3Y1fZG0YvXzwH70CAQWsaPp7XcR&_nc_zt=24&_nc_ht=scontent.cdninstagram.com&_nc_ss=786a8&oh=00_Af6_UBchu6mERQPLjYhvDtrGozRllPjWjYudffvh3Yb3Ug&oe=6A1124E2","https://www.instagram.com/edi.campos.5/","edi.campos.5","https://www.instagram.com/p/DXkyjneEfDp/c/18113962909783908/","3 sem","A direita nefasta maldita só usa de fake news. Aceeditam em terra plana e na tia do zap. Bando de canalhas. Bolsonaro NUNCA MAIS!!!!","Responder","","Curtir"
"https://www.instagram.com/clickcaruaru/","https://scontent.cdninstagram.com/v/t51.82787-19/614756883_17979544418957216_7037597453384348252_n.jpg?stp=dst-jpg_s150x150_tt6&_nc_cat=105&ccb=7-5&_nc_sid=f7ccc5&efg=eyJ2ZW5jb2RlX3RhZyI6InByb2ZpbGVfcGljLnd3dy4xMDgwLkMzIn0%3D&_nc_ohc=1RUH0IPfLFQQ7kNvwEjUidY&_nc_oc=AdqA_zpOISIFowKHVnxUDoFqiC6tO-L5OvPwIpnjv08xwrXMYmDmd-lvuTbh7bUyQ5m1TIkMgtVuYr8MRZ_EhwQ6&_nc_zt=24&_nc_ht=scontent.cdninstagram.com&_nc_gid=8clU5AY-MeNN_YnttiLFWw&_nc_ss=786a8&oh=00_Af5w02zJ2OrCHm1uGyGJrWvD-Nlu8YwG4ck8IBE_X8PVPA&oe=6A1119E8","https://www.instagram.com/clickcaruaru/","clickcaruaru","https://www.instagram.com/p/DXkyjneEfDp/c/18109629763880694/","3 sem","Triste ver como a Internet é usado como forma de propaganda pra ódio, acusações sem provas, difamações e vies políticos. Esse é  o mundo de hoje verdade virou um mero nome e perdeu significado. Hoje só e acreditado aquilo quer for conveniente.","Responder","","Curtir"
"https://www.instagram.com/danielplacerda/","https://scontent.cdninstagram.com/v/t51.2885-19/434199830_1065776844707842_4247425251343635529_n.jpg?stp=dst-jpg_s150x150_tt6&_nc_cat=101&ccb=7-5&_nc_sid=f7ccc5&efg=eyJ2ZW5jb2RlX3RhZyI6InByb2ZpbGVfcGljLnd3dy42NDAuQzMifQ%3D%3D&_nc_ohc=0inXe6sa_ZIQ7kNvwHGbca9&_nc_oc=AdoQKSaXhu8dTmw3y9pw8xOjaNyGTHoozTW2h7AGtdSFj9vu1TIAGIoYFyFwwAl0pS4JxRQTK_9Ms-B8-BvDNUP_&_nc_zt=24&_nc_ht=scontent.cdninstagram.com&_nc_ss=786a8&oh=00_Af4WjtgpLH7oe4EMDZ5OEJonT0gPPvlgyHtLAUn_rgWvKw&oe=6A112777","https://www.instagram.com/danielplacerda/","danielplacerda","https://www.instagram.com/p/DXkyjneEfDp/c/18087300176614936/","3 sem","Sem mentiras a direita não sobrevive.....","Responder","","Curtir"
"https://www.instagram.com/marcelocastellioficial/","https://scontent.cdninstagram.com/v/t51.82787-19/687100119_18140435644519397_7847784202868974453_n.jpg?stp=dst-jpg_s150x150_tt6&_nc_cat=107&ccb=7-5&_nc_sid=f7ccc5&efg=eyJ2ZW5jb2RlX3RhZyI6InByb2ZpbGVfcGljLnd3dy4xMDgwLkMzIn0%3D&_nc_ohc=H_PH0E3PAhkQ7kNvwF3I-hk&_nc_oc=AdpNaDQcvhrW6ENlaf_UDvIkImkbASlDz5c_5oFcs7J_mOPn37AyT1m4Pp9K7IRgtb7SIQsU9HdFpDMZo8LKVAY2&_nc_zt=24&_nc_ht=scontent.cdninstagram.com&_nc_gid=8clU5AY-MeNN_YnttiLFWw&_nc_ss=786a8&oh=00_Af53jMElYB_4S6T8OZMwDXCcPq26B7mTz3BxJHNh0iTWeA&oe=6A11432F","https://www.instagram.com/marcelocastellioficial/","marcelocastellioficial","https://www.instagram.com/p/DXkyjneEfDp/c/18088709636352773/","3 sem","👏👏👏","Responder","","Curtir"
"https://www.instagram.com/daya.ffernandes/","https://scontent.cdninstagram.com/v/t51.82787-19/555360493_18410841052113588_8740493658404798920_n.jpg?stp=dst-jpg_s150x150_tt6&_nc_cat=102&ccb=7-5&_nc_sid=f7ccc5&efg=eyJ2ZW5jb2RlX3RhZyI6InByb2ZpbGVfcGljLnd3dy44NjkuQzMifQ%3D%3D&_nc_ohc=miqDnEr56mgQ7kNvwGMCIFH&_nc_oc=AdoP4xCiko4sujadHjpVOk8V-a6cdwKRn0ul41M6WDqeZdtWhuUSw0ynFSdx53Iq_8GNdAOgtz9J5EG3_hyS3O0A&_nc_zt=24&_nc_ht=scontent.cdninstagram.com&_nc_gid=2Q-sz4RaXsXC6o3V0_8Oxg&_nc_ss=786a8&oh=00_Af7L1Gef1j-U2cAweln7lHierRqcxwXgygm8QtSx8yQD9Q&oe=6A111944","https://www.instagram.com/daya.ffernandes/","daya.ffernandes","https://www.instagram.com/p/DXkyjneEfDp/c/18103049023976738/","3 sem","Só falas a verdade😂mais  quem é contra isso tem medo😂Chama mamãe para tentar proteger PT e seus chorões😂força 🇧🇷 vamos tirar essas raça de fdps do poder que tem medinho de ouvir e ver todas as verdades👏Lula ja não tem cérebro  e seus milhares de acéfalos 😂","Responder","","Curtir"
"https://www.instagram.com/franco_crx/","https://scontent.cdninstagram.com/v/t51.2885-19/462779565_2027404527698910_4482048257320244604_n.jpg?stp=dst-jpg_s150x150_tt6&_nc_cat=105&ccb=7-5&_nc_sid=f7ccc5&efg=eyJ2ZW5jb2RlX3RhZyI6InByb2ZpbGVfcGljLnd3dy43MjAuQzMifQ%3D%3D&_nc_ohc=hX3kht_MOWkQ7kNvwFj42if&_nc_oc=AdqorTJp2RyZAdAXBU5yiawE4mbnXDZQoSrcski9ay-Jnz-EhD6mO8m-fkSuswbix8edLaZ-khgv6k2IRy6mQzjh&_nc_zt=24&_nc_ht=scontent.cdninstagram.com&_nc_ss=786a8&oh=00_Af6mEmVIpL4_hlYKRaIu-t0PxKmSMS0whDaMcU6QfPHggg&oe=6A112B2C","https://www.instagram.com/franco_crx/","franco_crx","https://www.instagram.com/p/DXkyjneEfDp/c/18099048389010186/","3 sem","...o.....o povo é trouxa mesmo.... qualquer programinha de computador vira guru.","Responder","","Curtir"
"https://www.instagram.com/amorimxande/","https://scontent.cdninstagram.com/v/t51.82787-19/617573550_18556329631034192_5142250406242995848_n.jpg?stp=dst-jpg_s150x150_tt6&_nc_cat=108&ccb=7-5&_nc_sid=f7ccc5&efg=eyJ2ZW5jb2RlX3RhZyI6InByb2ZpbGVfcGljLnd3dy45MzIuQzMifQ%3D%3D&_nc_ohc=uwnh-CqDEysQ7kNvwGrBNnU&_nc_oc=AdpdoP72758kgPBVnUE5C1jj2x6ATfyJ8SZ9843o3jgsBf32RpP-F3t58bCzZ2vjOUCfGpJYo2sqCPaY6nGhadwS&_nc_zt=24&_nc_ht=scontent.cdninstagram.com&_nc_gid=2Q-sz4RaXsXC6o3V0_8Oxg&_nc_ss=786a8&oh=00_Af4UePQyZ3v-RMl0J7xSuR8IEz6JkWXu6L7sEmsAcZr34g&oe=6A113C5E","https://www.instagram.com/amorimxande/","amorimxande","https://www.instagram.com/p/DXkyjneEfDp/c/18125855836594268/","3 sem","Fake do início ao fim...","Responder","","Curtir"
"https://www.instagram.com/kellvin1983/","https://scontent.cdninstagram.com/v/t51.82787-19/674451180_18577433665023141_2368550453986082352_n.jpg?stp=dst-jpg_s150x150_tt6&_nc_cat=109&ccb=7-5&_nc_sid=f7ccc5&efg=eyJ2ZW5jb2RlX3RhZyI6InByb2ZpbGVfcGljLnd3dy4xMDgwLkMzIn0%3D&_nc_ohc=Lnaxr7BQPYEQ7kNvwE-xPCp&_nc_oc=Ado1aSHl-YJfOly-AhQhWQof0mPJxFqeHrHzkAvuA1rHqJM0-I4BZgDuP2LpVnfnD02VoNtI-KBvn8RmJIDRaiXD&_nc_zt=24&_nc_ht=scontent.cdninstagram.com&_nc_gid=2Q-sz4RaXsXC6o3V0_8Oxg&_nc_ss=786a8&oh=00_Af5NToTQvfVeDzW-Exo1O5c-N2Ja9G-5wMIE73EBMKEjbw&oe=6A112B4D","https://www.instagram.com/kellvin1983/","kellvin1983","https://www.instagram.com/p/DXkyjneEfDp/c/18116781502708711/","3 sem","É  uma personagem fictícia assim como as Charles dos jornais que faziam críticas a políticas. Bem bolado essa ideia👏👏👏","Responder","","Curtir"
"https://www.instagram.com/gilbertoazorcelebrante/","https://scontent.cdninstagram.com/v/t51.2885-19/299401707_5334821716608873_275287786012764611_n.jpg?stp=dst-jpg_s150x150_tt6&_nc_cat=110&ccb=7-5&_nc_sid=f7ccc5&efg=eyJ2ZW5jb2RlX3RhZyI6InByb2ZpbGVfcGljLnd3dy44NTMuQzMifQ%3D%3D&_nc_ohc=6HWCXETdvDQQ7kNvwGtq7BM&_nc_oc=AdrsbEwEZXjDtBH4GoTOUTUefnSDxlUVtpWCvTN5NakIODelWiOepIrbCx3VawuSo6nIpMwQqxX6xeUXJGTNrEQC&_nc_zt=24&_nc_ht=scontent.cdninstagram.com&_nc_ss=786a8&oh=00_Af6yMa-Wn5GE3yzAuSHQaUIafAvfMHEtdioLRt6Ju5_9yA&oe=6A1142AB","https://www.instagram.com/gilbertoazorcelebrante/","gilbertoazorcelebrante","https://www.instagram.com/p/DXkyjneEfDp/c/18056918636490249/","3 sem","Ll","Responder","","Curtir"
"https://www.instagram.com/23irishbrguy/","https://scontent.cdninstagram.com/v/t51.2885-19/469726920_1133477921811119_5781850011270988619_n.jpg?stp=dst-jpg_s150x150_tt6&_nc_cat=109&ccb=7-5&_nc_sid=f7ccc5&efg=eyJ2ZW5jb2RlX3RhZyI6InByb2ZpbGVfcGljLnd3dy4xMDgwLkMzIn0%3D&_nc_ohc=7qsr2p3GRjQQ7kNvwGBUwIY&_nc_oc=Adp2vdEk7KWqYmLnU9X0JMjEOqJmeozBxKhlcRjWTbcbkz45IgTeuVCt9fDptrkJz6hWw2KgkScyQEYtQl0AFVGO&_nc_zt=24&_nc_ht=scontent.cdninstagram.com&_nc_ss=786a8&oh=00_Af5quOjo8N-mx0sMZBIREecLkxFshoZUCbZyHYRLHRLUVQ&oe=6A111C7E","https://www.instagram.com/23irishbrguy/","23irishbrguy","https://www.instagram.com/p/DXkyjneEfDp/c/18033862916633698/","3 sem","Cade a ""Democracia""?","Responder","","Curtir"
"https://www.instagram.com/rondoniareal.com.br/","https://scontent.cdninstagram.com/v/t51.2885-19/200278725_4183827111656455_1082963897055349884_n.jpg?stp=dst-jpg_s150x150_tt6&_nc_cat=107&ccb=7-5&_nc_sid=f7ccc5&efg=eyJ2ZW5jb2RlX3RhZyI6InByb2ZpbGVfcGljLnd3dy4xMDM4LkMzIn0%3D&_nc_ohc=RdNDl208kqkQ7kNvwEv6YMO&_nc_oc=AdpiSndSUPhRfrV7o8BifiGs-9BR8Q9m_g4Rv78Q0UIy9iIwf8gTteuxF1tIOQgWR997unIysWzayn_CpcMl6F7q&_nc_zt=24&_nc_ht=scontent.cdninstagram.com&_nc_ss=786a8&oh=00_Af5bhxzfik6vzPHBEJI-T_QOeJU-Zve-hSxXYu7UIgkUDg&oe=6A11244B","https://www.instagram.com/rondoniareal.com.br/","rondoniareal.com.br","https://www.instagram.com/p/DXkyjneEfDp/c/17930432043256842/","3 sem","A mentira começou por ser IA, o cara que nao tem medo fala por conta mostrando a cara. Se for falar a verdade, pq é tão usar perfil fak??","Responder","","Curtir"
"https://www.instagram.com/t1ago_rodr1gues/","https://scontent.cdninstagram.com/v/t51.82787-19/620429831_17850035790626071_915108344649640886_n.jpg?stp=dst-jpg_s150x150_tt6&_nc_cat=109&ccb=7-5&_nc_sid=f7ccc5&efg=eyJ2ZW5jb2RlX3RhZyI6InByb2ZpbGVfcGljLnd3dy42NTIuQzMifQ%3D%3D&_nc_ohc=1VyYwdw2IBgQ7kNvwF0b-Ai&_nc_oc=AdpoFfKissRZ8uUontqaLfHKMgyWuZ7K7g_DY9U9u0ZGPuYW-5Nij0OQrl1z-96zfweOzZER7ndr86y_LAWJHS7u&_nc_zt=24&_nc_ht=scontent.cdninstagram.com&_nc_gid=2Q-sz4RaXsXC6o3V0_8Oxg&_nc_ss=786a8&oh=00_Af6Q8UErzFOa7Cz9ipA9KMZBmMm5EL1UdXpGFSmz-2hNDg&oe=6A113EBE","https://www.instagram.com/t1ago_rodr1gues/","t1ago_rodr1gues","https://www.instagram.com/p/DXkyjneEfDp/c/18396144790157383/","3 sem","😂😂😂😂😂😂","Responder","","Curtir"
"https://www.instagram.com/juh.barros1356/","https://scontent.cdninstagram.com/v/t51.82787-19/539954888_18522809113026377_8865708139232793276_n.jpg?stp=dst-jpg_s150x150_tt6&_nc_cat=102&ccb=7-5&_nc_sid=f7ccc5&efg=eyJ2ZW5jb2RlX3RhZyI6InByb2ZpbGVfcGljLnd3dy4zMTguQzMifQ%3D%3D&_nc_ohc=H6rldvNcdrkQ7kNvwFEo8l_&_nc_oc=Adqb1DatJalas0Msa_XQWf8kvD-wATIgQ0DwumjJ2uosXxTvh3GAJYtJzRIEXc_XrsC1CPRfxnqx3m3ahQMRXDdP&_nc_zt=24&_nc_ht=scontent.cdninstagram.com&_nc_gid=2Q-sz4RaXsXC6o3V0_8Oxg&_nc_ss=786a8&oh=00_Af6_XpBBwKJa77xHkS4F8DhW88Mj7_HPHPgdTZpLKs9UsA&oe=6A113939","https://www.instagram.com/juh.barros1356/","juh.barros1356","https://www.instagram.com/p/DXkyjneEfDp/c/17881497078411545/","3 sem","Pode fazer fake artificial,pode fazer oq quiser pode compra a página para fala mal do lula , tudo isso fortalece mais ele ... Lula 2026 não tem pra ninguém só ele msm ganha","Responder","","Curtir"
"https://www.instagram.com/neila.silverio.54/","https://scontent.cdninstagram.com/v/t51.82787-19/514674419_18143110636404784_3186608104244928236_n.jpg?stp=dst-jpg_s150x150_tt6&_nc_cat=108&ccb=7-5&_nc_sid=f7ccc5&efg=eyJ2ZW5jb2RlX3RhZyI6InByb2ZpbGVfcGljLnd3dy4xMDgwLkMzIn0%3D&_nc_ohc=f9OnziiIb7YQ7kNvwHPd5eJ&_nc_oc=AdpxnHHUImAyqy_Lln8Wf482Yf60PLZwIgFoCr1R6LOMKMB72Zm19MmuBn_PgEn6KgMlOW_MRsLkHUJOsxPfNWHS&_nc_zt=24&_nc_ht=scontent.cdninstagram.com&_nc_gid=2Q-sz4RaXsXC6o3V0_8Oxg&_nc_ss=786a8&oh=00_Af6niohvbc7TDqqhrzTxyoZUG2Mr_ajKTfI7RSD9pEP7hw&oe=6A1135FB","https://www.instagram.com/neila.silverio.54/","neila.silverio.54","https://www.instagram.com/p/DXkyjneEfDp/c/18102672953484553/","3 sem","E nois","Responder","","Curtir"
"https://www.instagram.com/divan9192/","https://scontent.cdninstagram.com/v/t51.2885-19/59823126_369699180315298_3088768792260509696_n.jpg?stp=dst-jpg_s150x150_tt6&_nc_cat=106&ccb=7-5&_nc_sid=f7ccc5&efg=eyJ2ZW5jb2RlX3RhZyI6InByb2ZpbGVfcGljLnd3dy4xMDgwLkMzIn0%3D&_nc_ohc=G_iaFjyuQRMQ7kNvwFAmKZF&_nc_oc=AdrGkFO_DlHaWu_uycKIaDB-pyx7tQHIg_mPJP_IRMdtfyOybAHsn1xCNwPti-Yo_7iCYUdBkhPqn9qD5s6OAVbd&_nc_zt=24&_nc_ht=scontent.cdninstagram.com&_nc_ss=786a8&oh=00_Af5izggj03SUs-UdROJoGgnR8ZjQ36Q5J3IeZ0r9g21fJQ&oe=6A112508","https://www.instagram.com/divan9192/","divan9192","https://www.instagram.com/p/DXkyjneEfDp/c/17942435238018272/","3 sem","Lula , Xandão cadê a ditadura pra proibir essas IA dessa página bozoloide","Responder","","Curtir"
"https://www.instagram.com/questao_0/","https://scontent.cdninstagram.com/v/t51.2885-19/467360532_850647833634167_3316187932660529750_n.jpg?stp=dst-jpg_s150x150_tt6&_nc_cat=100&ccb=7-5&_nc_sid=f7ccc5&efg=eyJ2ZW5jb2RlX3RhZyI6InByb2ZpbGVfcGljLnd3dy4xMDgwLkMzIn0%3D&_nc_ohc=m1c7QncIJJgQ7kNvwFUuzBP&_nc_oc=AdoX5rfzsmk-9Gok7Dkd67IKlAZf0nKJSDlHsvk7x7glYCWqYs0dDfYk4zODZoXbvy6C3t2UtAxY2Mpp5MvtuAy5&_nc_zt=24&_nc_ht=scontent.cdninstagram.com&_nc_ss=786a8&oh=00_Af78EV2p-4mectdvlcmYFOd6VFGdo3qe6aprj5T0UF22zQ&oe=6A114116","https://www.instagram.com/questao_0/","questao_0","https://www.instagram.com/p/DXkyjneEfDp/c/18106001549304649/","3 sem","PT está desesperado. Desgoverno que só pensa em censurar o povo","Responder","","Curtir"
"https://www.instagram.com/thiago_zilli_10/","https://scontent.cdninstagram.com/v/t51.82787-19/571909374_18366480736087623_8443051066126972445_n.jpg?stp=dst-jpg_s150x150_tt6&_nc_cat=110&ccb=7-5&_nc_sid=f7ccc5&efg=eyJ2ZW5jb2RlX3RhZyI6InByb2ZpbGVfcGljLnd3dy4xMDgwLkMzIn0%3D&_nc_ohc=l54_QB8rAN4Q7kNvwFk_YYF&_nc_oc=Adrcwc_4Olj1SqPRZ-yB_9ACR7AOGyEn2vLRRTcWF2CKYTIVMduswMYU5zxEYtAkekloRb0mQxzLbLle9icD6lSt&_nc_zt=24&_nc_ht=scontent.cdninstagram.com&_nc_gid=2Q-sz4RaXsXC6o3V0_8Oxg&_nc_ss=786a8&oh=00_Af4XNocpOCtGlSgIqGWb9ddrWF5jbzceZ-gQssEmmNuPXQ&oe=6A1123C1","https://www.instagram.com/thiago_zilli_10/","thiago_zilli_10","https://www.instagram.com/p/DXkyjneEfDp/c/18098694418856287/","3 sem","😂😂😂😂","Responder","","Curtir"
"https://www.instagram.com/jorginhoaraujocirilo/","https://scontent.cdninstagram.com/v/t51.82787-19/588045963_18541078489013594_5220834276149449580_n.jpg?stp=dst-jpg_s150x150_tt6&_nc_cat=100&ccb=7-5&_nc_sid=f7ccc5&efg=eyJ2ZW5jb2RlX3RhZyI6InByb2ZpbGVfcGljLnd3dy4xMDgwLkMzIn0%3D&_nc_ohc=QoEV041_-dgQ7kNvwEEP3Kt&_nc_oc=AdpbfcytBE2UqyGYlp-FCrsd32Xv8i_H3NjuYZEXgp9R7kmLnaThcKEeIZ61O5qdmUTox-giQvg6nMhVBDvZ-8yu&_nc_zt=24&_nc_ht=scontent.cdninstagram.com&_nc_gid=2Q-sz4RaXsXC6o3V0_8Oxg&_nc_ss=786a8&oh=00_Af4nH8KGaWz094nTxDAX2bONLNmzN9Q7Di0EcFGxTqA7zA&oe=6A113CCE","https://www.instagram.com/jorginhoaraujocirilo/","jorginhoaraujocirilo","https://www.instagram.com/p/DXkyjneEfDp/c/17924099520315817/","3 sem","Fora Lula","Responder","","Curtir"
"https://www.instagram.com/katiarx1/","https://scontent.cdninstagram.com/v/t51.82787-19/658993235_18579272572043726_6361669704268235053_n.jpg?stp=dst-jpg_s150x150_tt6&_nc_cat=107&ccb=7-5&_nc_sid=f7ccc5&efg=eyJ2ZW5jb2RlX3RhZyI6InByb2ZpbGVfcGljLnd3dy42MDkuQzMifQ%3D%3D&_nc_ohc=bVQruyc8mfoQ7kNvwHPslnq&_nc_oc=AdosKbE6NVOLJSXU2LU-962QR_Eu7-XGrin0kZfJd1FkeE1LkAD6CSk7uqQsvliK9JA8UBqEIaMkqnLzOjFsx-YE&_nc_zt=24&_nc_ht=scontent.cdninstagram.com&_nc_gid=2Q-sz4RaXsXC6o3V0_8Oxg&_nc_ss=786a8&oh=00_Af6rcxDZX5SlCEOWQH4OV4deOaTCxRN7u-VTTjblLuruHA&oe=6A11377C","https://www.instagram.com/katiarx1/","katiarx1","https://www.instagram.com/p/DXkyjneEfDp/c/18136678432522203/","3 sem","A cara da IA nem treme","Responder","","Curtir"
"https://www.instagram.com/junior62649/","https://scontent.cdninstagram.com/v/t51.82787-19/573816091_17857022379550894_4202167656277158054_n.jpg?stp=dst-jpg_s150x150_tt6&_nc_cat=106&ccb=7-5&_nc_sid=f7ccc5&efg=eyJ2ZW5jb2RlX3RhZyI6InByb2ZpbGVfcGljLnd3dy4xMDgwLkMzIn0%3D&_nc_ohc=-bHQ9e2ZMZsQ7kNvwFRS7Vq&_nc_oc=AdrvzX1jDTtqpCAG3d4zWoNWkRdzU1gAt8S8I99mCZknpMCst7AiZKJOcYpyQ75qmv4RoWmH-F3cpS_Z8gGRp12F&_nc_zt=24&_nc_ht=scontent.cdninstagram.com&_nc_gid=LBukd5U51-w5Neb3k9CXxQ&_nc_ss=786a8&oh=00_Af5jrU7hPDNFMWR_lApvy3MTqQTRlQsxg03lr0MijrzgqQ&oe=6A1112A6","https://www.instagram.com/junior62649/","junior62649","https://www.instagram.com/p/DXkyjneEfDp/c/18065090189344135/","3 sem","Democracia coreana","Responder","","Curtir"
"https://www.instagram.com/theussantiagoo/","https://scontent.cdninstagram.com/v/t51.82787-19/613650237_18547733131001439_3979034156001587937_n.jpg?stp=dst-jpg_s150x150_tt6&_nc_cat=104&ccb=7-5&_nc_sid=f7ccc5&efg=eyJ2ZW5jb2RlX3RhZyI6InByb2ZpbGVfcGljLnd3dy45MzUuQzMifQ%3D%3D&_nc_ohc=R1MGePbjHRoQ7kNvwHJwPLZ&_nc_oc=AdpdAU1SVjJtXyE9w8PcBzvxr7btCpEO9eEqOfgq6dhs1d9ciNzjnZi8piYaLc4mVBE1iv5vztiEb7PZLWduCMaT&_nc_zt=24&_nc_ht=scontent.cdninstagram.com&_nc_gid=LBukd5U51-w5Neb3k9CXxQ&_nc_ss=786a8&oh=00_Af4xG672PvBLUzKCdnCyvlr_7-x0NaOaHKvAcBh1e3nlNg&oe=6A1119CC","https://www.instagram.com/theussantiagoo/","theussantiagoo","https://www.instagram.com/p/DXkyjneEfDp/c/18117914050590952/","3 sem","😂😂😂😂","Responder","","Curtir"
"https://www.instagram.com/felipeguedescwb/","https://scontent.cdninstagram.com/v/t51.82787-19/547760254_17913024720198487_813616676176942696_n.jpg?stp=dst-jpg_s150x150_tt6&_nc_cat=106&ccb=7-5&_nc_sid=f7ccc5&efg=eyJ2ZW5jb2RlX3RhZyI6InByb2ZpbGVfcGljLnd3dy4xMDgwLkMzIn0%3D&_nc_ohc=E8mfzRTtw7gQ7kNvwExfpX9&_nc_oc=AdqZyaIoXAv-pO6mrrDFon0v3kBFwqhtjoZl4LUT2Oya4tmfUrm_4K_HU9GVOffMY3QUu1DtBu8z6ihCH6LHcGJE&_nc_zt=24&_nc_ht=scontent.cdninstagram.com&_nc_gid=LBukd5U51-w5Neb3k9CXxQ&_nc_ss=786a8&oh=00_Af6eup_jLcluQnBVHahohOy0GX6jWh6PkqFNbvdvEBsoKA&oe=6A1116F3","https://www.instagram.com/felipeguedescwb/","felipeguedescwb","https://www.instagram.com/p/DXkyjneEfDp/c/17939037630198572/","3 sem","Desespero do lula kkkk","Responder","","Curtir"
"https://www.instagram.com/piressabrina01/","https://scontent.cdninstagram.com/v/t51.82787-19/684076708_17939179842196721_2737005371792664391_n.jpg?stp=dst-jpg_s150x150_tt6&_nc_cat=102&ccb=7-5&_nc_sid=f7ccc5&efg=eyJ2ZW5jb2RlX3RhZyI6InByb2ZpbGVfcGljLnd3dy4xMDgwLkMzIn0%3D&_nc_ohc=JdtFSd4FztAQ7kNvwHgFOZK&_nc_oc=Adr2YdLSeoKYza46PWWXRArAKS4BoaMGdgPER6DJ6EMKAvCzb8d3NPyhrYN6Azr7UAhv_YumsSaXperUIarRZBLi&_nc_zt=24&_nc_ht=scontent.cdninstagram.com&_nc_gid=LBukd5U51-w5Neb3k9CXxQ&_nc_ss=786a8&oh=00_Af4YdYiDamGe-xXlub8wnJKwpkafJ9ldD9KukkiAp1GeHA&oe=6A113C85","https://www.instagram.com/piressabrina01/","piressabrina01","https://www.instagram.com/p/DXkyjneEfDp/c/17895657342444701/","3 sem","O Brasil tá perdido kkkkkkkkkk","Responder","","Curtir"
"https://www.instagram.com/dermainfinityestetica/","https://scontent.cdninstagram.com/v/t51.82787-19/553058959_17848657812561562_3158948981545299980_n.jpg?stp=dst-jpg_s150x150_tt6&_nc_cat=111&ccb=7-5&_nc_sid=f7ccc5&efg=eyJ2ZW5jb2RlX3RhZyI6InByb2ZpbGVfcGljLnd3dy4xMDgwLkMzIn0%3D&_nc_ohc=1ngH432KwpgQ7kNvwF7nDAW&_nc_oc=AdoAPoJKZmPxtZlO9FIYPpJBjsrHGjn0TB5ZDTopf9MeR6_90jXPLINXOhpVjEdxK2ErakURfzT7J-4kpIPwPUa0&_nc_zt=24&_nc_ht=scontent.cdninstagram.com&_nc_gid=LBukd5U51-w5Neb3k9CXxQ&_nc_ss=786a8&oh=00_Af65lWq3h1Opc_GVAkUFVsD95p0kRcOmyX0irxyp_DWyPg&oe=6A113A3C","https://www.instagram.com/dermainfinityestetica/","dermainfinityestetica","https://www.instagram.com/p/DXkyjneEfDp/c/18095528084327769/","3 sem","Isso não é uma Federação é uma Formação de....🚔","Responder","","Curtir"
"https://www.instagram.com/vinhoadois/","https://scontent.cdninstagram.com/v/t51.2885-19/45934653_517209922115202_7728337781323202560_n.jpg?stp=dst-jpg_s150x150_tt6&_nc_cat=100&ccb=7-5&_nc_sid=f7ccc5&efg=eyJ2ZW5jb2RlX3RhZyI6InByb2ZpbGVfcGljLnd3dy40ODkuQzMifQ%3D%3D&_nc_ohc=XP35Q8qrsoEQ7kNvwFBKI37&_nc_oc=AdqHpGoDO2DCaq7mlnwQ9cpsc8AyhYcTFoAlJ-7jK9NzEfPG8rUqN3_O_X6N6ClaM3ntE42OzQNe_MSvj1ey_V4T&_nc_zt=24&_nc_ht=scontent.cdninstagram.com&_nc_ss=786a8&oh=00_Af7uU78ebQ7dnjeg5rU_hw69u87knsBMW1SeaLNvAyAN7w&oe=6A1136A5","https://www.instagram.com/vinhoadois/","vinhoadois","https://www.instagram.com/p/DXkyjneEfDp/c/18063424148391354/","3 sem","A extrema-direita sem fake News é nada. A extrema-direita é baixa Z","Responder","","Curtir"
"https://www.instagram.com/alg.adv77/","https://scontent.cdninstagram.com/v/t51.2885-19/462075187_847382804258225_4705417643161552277_n.jpg?stp=dst-jpg_s150x150_tt6&_nc_cat=106&ccb=7-5&_nc_sid=f7ccc5&efg=eyJ2ZW5jb2RlX3RhZyI6InByb2ZpbGVfcGljLnd3dy4xMDgwLkMzIn0%3D&_nc_ohc=HaWykcyVZAoQ7kNvwH-JdGh&_nc_oc=AdpKd5M502tH-IINOeBvWJvmWF_etu603Iq0OS9OerqBq3ZEi3VRdL3e7zXPY8oYlkta71QO72EOJCQRYWpJ15bd&_nc_zt=24&_nc_ht=scontent.cdninstagram.com&_nc_ss=786a8&oh=00_Af55lBPZUmxIgr5eJRNWO872eaxe1SrhNz7qryKNna9HiQ&oe=6A112FD5","https://www.instagram.com/alg.adv77/","alg.adv77","https://www.instagram.com/p/DXkyjneEfDp/c/18111856252877492/","3 sem","Extrema direita não tem proposta...só destruir e semear discórdia...nada mais","Responder","","Curtir"
"https://www.instagram.com/sd.romeu/","https://scontent.cdninstagram.com/v/t51.82787-19/566422304_18290424052278135_2347011782195591381_n.jpg?stp=dst-jpg_s150x150_tt6&_nc_cat=102&ccb=7-5&_nc_sid=f7ccc5&efg=eyJ2ZW5jb2RlX3RhZyI6InByb2ZpbGVfcGljLnd3dy4xMDgwLkMzIn0%3D&_nc_ohc=3cYQ0UAFd6cQ7kNvwHqDuzF&_nc_oc=AdouWkxu51VuNMzZX2nc-MHp8sw0ydDkD3vRFDyl3HSZdFSnqmneidf_ZZlOlZtRBjeXbe0kFK1922z7IfztDoTH&_nc_zt=24&_nc_ht=scontent.cdninstagram.com&_nc_gid=LBukd5U51-w5Neb3k9CXxQ&_nc_ss=786a8&oh=00_Af7tslWu1u85VRl0vTBkyGxa4yu_Pt-ETPC5LfYVEOyHMQ&oe=6A11314A","https://www.instagram.com/sd.romeu/","sd.romeu","https://www.instagram.com/p/DXkyjneEfDp/c/18388905217080577/","3 sem","Isso aí Brasil acorda...","Responder","","Curtir"
"https://www.instagram.com/neomiker/","https://scontent.cdninstagram.com/v/t51.2885-19/393678500_879361890214965_7431144261355609694_n.jpg?stp=dst-jpg_s150x150_tt6&_nc_cat=111&ccb=7-5&_nc_sid=f7ccc5&efg=eyJ2ZW5jb2RlX3RhZyI6InByb2ZpbGVfcGljLnd3dy45NjAuQzMifQ%3D%3D&_nc_ohc=RaROckJrxr0Q7kNvwE9atJa&_nc_oc=Adqea05BbI8GqyWcG3WSleqDR8Gq3Qrv94j2WsmvSQ6VeiwVQLV6ITE7tjAB-uf3xaP4tEh3t1ZwrsFn_DbPKuz-&_nc_zt=24&_nc_ht=scontent.cdninstagram.com&_nc_ss=786a8&oh=00_Af4g7OuqUKmXX7TWjhrhCwOEqjyn0WvAaOQNNBgYshtyxQ&oe=6A110F86","https://www.instagram.com/neomiker/","neomiker","https://www.instagram.com/p/DXkyjneEfDp/c/18097521778843749/","3 sem","Fake News!","Responder","","Curtir"
"https://www.instagram.com/sidneiarose25/","https://scontent.cdninstagram.com/v/t51.2885-19/484635131_1546741349334017_4846873127004677600_n.jpg?stp=dst-jpg_s150x150_tt6&_nc_cat=107&ccb=7-5&_nc_sid=f7ccc5&efg=eyJ2ZW5jb2RlX3RhZyI6InByb2ZpbGVfcGljLnd3dy4xMDgwLkMzIn0%3D&_nc_ohc=d3AyWE_dlAcQ7kNvwHTBspt&_nc_oc=AdoIYnHLG12uj69OR2dGHLn-R7BsljW4WVaSN_So83lc9rk6dPgSBWn23EpOZN1Q8rccNaYHZiYchRRD_dluNdRa&_nc_zt=24&_nc_ht=scontent.cdninstagram.com&_nc_ss=786a8&oh=00_Af5wa4jrvKmk5CkrSXKo87klOV2N1VhjAT7tFcClVTZq8g&oe=6A111155","https://www.instagram.com/sidneiarose25/","sidneiarose25","https://www.instagram.com/p/DXkyjneEfDp/c/18097770329103094/","3 sem","Poxa, ninguém pota o @ da dona Maria  pra gente seguir😂😂😂😂😂","Responder","","Curtir"
"https://www.instagram.com/j.edsonfelix/","https://scontent.cdninstagram.com/v/t51.2885-19/417458777_1046643096395000_6302072064434068422_n.jpg?stp=dst-jpg_s150x150_tt6&_nc_cat=110&ccb=7-5&_nc_sid=f7ccc5&efg=eyJ2ZW5jb2RlX3RhZyI6InByb2ZpbGVfcGljLnd3dy4xMDgwLkMzIn0%3D&_nc_ohc=0WwgXBO61XgQ7kNvwF7SuHk&_nc_oc=Ado8e-n0xEJTS4Lgh3ctJIy64Wv6t-pUKOEbOzs_EgnQesk90CQMWubuX1aSx9syhZ4lPDLktfBh2ITiG5Q8-u73&_nc_zt=24&_nc_ht=scontent.cdninstagram.com&_nc_ss=786a8&oh=00_Af4msbGmCwRGJ9dh-WQnPlexSOiJ11NgGFx3Ag2m-qOgNQ&oe=6A110ED6","https://www.instagram.com/j.edsonfelix/","j.edsonfelix","https://www.instagram.com/p/DXkyjneEfDp/c/18116533165669383/","3 sem","Pra falar mal do pt é so falar a verdade","Responder","","Curtir"
"https://www.instagram.com/weltonnbjj/","https://scontent.cdninstagram.com/v/t51.2885-19/11939323_1052438038122585_1130258997_a.jpg?stp=dst-jpg_s150x150_tt6&_nc_cat=101&ccb=7-5&_nc_sid=f7ccc5&efg=eyJ2ZW5jb2RlX3RhZyI6InByb2ZpbGVfcGljLnd3dy4xOTkuQzMifQ%3D%3D&_nc_ohc=SKpp5dWDebYQ7kNvwGBk7k6&_nc_oc=AdoMmZpZLNfjWmXXw4ATmY6lmWmKsz6szxdjAC8T16RKoTX7WR_Ik8yXFx-DtQpOQiQvGkqI-D_zh7_OTtYOkNdt&_nc_zt=24&_nc_ht=scontent.cdninstagram.com&_nc_ss=786a8&oh=00_Af7hqq3Sxz0HN8W-xCSGegV-VhQZkfGFTXeLooDhRyXumw&oe=6A1138FA","https://www.instagram.com/weltonnbjj/","weltonnbjj","https://www.instagram.com/p/DXkyjneEfDp/c/18025672043638912/","3 sem","E pq o dono da página não mostra a cara?? Só energúmenos pra apoiarem isso!","Responder","","Curtir"
"https://www.instagram.com/zaza.santana/","https://scontent.cdninstagram.com/v/t51.2885-19/474326131_597776666287645_6184118675644515168_n.jpg?stp=dst-jpg_s150x150_tt6&_nc_cat=111&ccb=7-5&_nc_sid=f7ccc5&efg=eyJ2ZW5jb2RlX3RhZyI6InByb2ZpbGVfcGljLnd3dy4xMDgwLkMzIn0%3D&_nc_ohc=_ajcPPfz6ZEQ7kNvwH0Neff&_nc_oc=AdqHmsXyhxmmKodJx-3VXCsulqypagzNzXwXEL7kXx1xMs9CMJB1ZW1MM9o3yTg1ctIBRD08ar_vdX3PnnqL_ZhU&_nc_zt=24&_nc_ht=scontent.cdninstagram.com&_nc_ss=786a8&oh=00_Af4vcGeFh6kduXZSTt7nmzpILUT1tGeB1eDW--Y_P9a9GQ&oe=6A112E64","https://www.instagram.com/zaza.santana/","zaza.santana","https://www.instagram.com/p/DXkyjneEfDp/c/18101836129967365/","3 sem","Bolsoafetivos precisam de fakes e IA,  no caso do mito não precisa,  ele mesmo deixou vídeos originais 😂😂😂😂","Responder","","Curtir"
"https://www.instagram.com/eli_luz90/","https://scontent.cdninstagram.com/v/t51.82787-19/571578744_17875132605431808_5568497158001502361_n.jpg?stp=dst-jpg_s150x150_tt6&_nc_cat=105&ccb=7-5&_nc_sid=f7ccc5&efg=eyJ2ZW5jb2RlX3RhZyI6InByb2ZpbGVfcGljLnd3dy4xMDgwLkMzIn0%3D&_nc_ohc=xq4b56hFa0MQ7kNvwETGFhT&_nc_oc=AdqeBqPDwdCnd9tTn3FasMycaby9iAoqwN8ATNydQToYRrVp3tj29o3Iq16jVzZqjMYhQ-mWKG0E8M1dz2RNTMdY&_nc_zt=24&_nc_ht=scontent.cdninstagram.com&_nc_gid=LBukd5U51-w5Neb3k9CXxQ&_nc_ss=786a8&oh=00_Af5TG8wsd6ktbUh5ibRRHRIY_5PKp0iAvAwcK6_ixdGecQ&oe=6A1114A9","https://www.instagram.com/eli_luz90/","eli_luz90","https://www.instagram.com/p/DXkyjneEfDp/c/18101597140794559/","3 sem","Kkkk","Responder","","Curtir"
"https://www.instagram.com/yorrarah/","https://scontent.cdninstagram.com/v/t51.82787-19/573380391_18537212821044975_6544671159687992104_n.jpg?stp=dst-jpg_s150x150_tt6&_nc_cat=106&ccb=7-5&_nc_sid=f7ccc5&efg=eyJ2ZW5jb2RlX3RhZyI6InByb2ZpbGVfcGljLnd3dy4xMDgwLkMzIn0%3D&_nc_ohc=v1GlNQJbXZ4Q7kNvwFVywFo&_nc_oc=AdqVLtqsR9OeV1QPu-bsI4KLTd6ZpbMkRSGZDwEY1SzDoVYkneSIsZumvo-gfeZ5zwJLbUu5z_e-5fH5ZXdjrdcU&_nc_zt=24&_nc_ht=scontent.cdninstagram.com&_nc_gid=LBukd5U51-w5Neb3k9CXxQ&_nc_ss=786a8&oh=00_Af4YyTpzemW5KziJOC03ZhT-Y9Fo0NpBo7Au7xlcAWMCKQ&oe=6A112A44","https://www.instagram.com/yorrarah/","yorrarah","https://www.instagram.com/p/DXkyjneEfDp/c/17895061188311225/","3 sem","Ai gente, devolve na mesma moeda, cria um perfis pra falar verdades sobre Nikolas, Bozo, esse povo","Responder","","Curtir"
"https://www.instagram.com/sempreaesquerda_oficial_reser_/","https://scontent.cdninstagram.com/v/t51.82787-19/671088575_17943926181155845_8629447011049783505_n.jpg?stp=dst-jpg_s150x150_tt6&_nc_cat=103&ccb=7-5&_nc_sid=f7ccc5&efg=eyJ2ZW5jb2RlX3RhZyI6InByb2ZpbGVfcGljLnd3dy4zMjAuQzMifQ%3D%3D&_nc_ohc=Ir2SPpviyaQQ7kNvwEVz87I&_nc_oc=AdpZQi3uBzNs_nRsoZtZip6h9F0QoB473UMb4s7i3F29HBjSlvgtjMgxmkPyxOvmTnKmyY-YyEbn8A-aTGSiwlQN&_nc_zt=24&_nc_ht=scontent.cdninstagram.com&_nc_gid=2poNtgnAiTfgsC9QXr4zbA&_nc_ss=786a8&oh=00_Af7E0_iMqKiCqi94s6saB-SeWEBBusbchNwxsbOIrki42g&oe=6A11185A","https://www.instagram.com/sempreaesquerda_oficial_reser_/","sempreaesquerda_oficial_reser_","https://www.instagram.com/p/DXkyjneEfDp/c/18333948994221376/","3 sem","Você ta usando para enganar o povo com mentiras Lula é melhor presidente do Brasil, falando isso Lula 2027ate 2030","Responder","","Curtir"
"https://www.instagram.com/josemaryoliveiramartins27/","https://scontent.cdninstagram.com/v/t51.89012-19/573323465_1219825463302212_7278921664109726296_n.jpg?stp=dst-jpg_s150x150_tt6&_nc_cat=1&ccb=7-5&_nc_sid=f7ccc5&efg=eyJ2ZW5jb2RlX3RhZyI6InByb2ZpbGVfcGljLnd3dy5DMyJ9&_nc_ohc=_4tC3MUfCWEQ7kNvwE16xtB&_nc_oc=AdqXylCPb_5IssA9ODsJYf_bLhThMeriY6ONIKusdLzJpr1vsqIoiTJtjP_NL9SSZW2g3O67PAO7cn_Q4MnWMlAW&_nc_zt=24&_nc_ht=scontent.cdninstagram.com&_nc_gid=2poNtgnAiTfgsC9QXr4zbA&_nc_ss=786a8&oh=00_Af4Cu7qZW9u1AKodU4D4ZTs7C_yufgku68UtZsQojq6DUQ&oe=6A113522","https://www.instagram.com/josemaryoliveiramartins27/","josemaryoliveiramartins27","https://www.instagram.com/p/DXkyjneEfDp/c/17886177624504133/","3 sem","Flávio Bolsonaro 🙌🙌","Responder","","Curtir"
"https://www.instagram.com/thiagobcar21/","https://scontent.cdninstagram.com/v/t51.2885-19/396672510_346655654696074_4284728950549226877_n.jpg?stp=dst-jpg_s150x150_tt6&_nc_cat=105&ccb=7-5&_nc_sid=f7ccc5&efg=eyJ2ZW5jb2RlX3RhZyI6InByb2ZpbGVfcGljLnd3dy4xMDY4LkMzIn0%3D&_nc_ohc=ls2QmTizjhoQ7kNvwELN_Cc&_nc_oc=Adr-Q-5JxMoLLTATHCLTFCi1G1RejC2fT4q3Rjr9V0l8n0fNtjeYCeLEWTfTNLrY1wMqt3yqoQK6kjLONsl18OeT&_nc_zt=24&_nc_ht=scontent.cdninstagram.com&_nc_ss=786a8&oh=00_Af5TptPcVFyvNa5yaZ_vmYFdfp528AQHStferp-XjEJKFA&oe=6A1119F8","https://www.instagram.com/thiagobcar21/","thiagobcar21","https://www.instagram.com/p/DXkyjneEfDp/c/17870115471503817/","3 sem","A esquerda não faz fake news também ?","Responder","","Curtir"
"https://www.instagram.com/hugovitmenezes/","https://scontent.cdninstagram.com/v/t51.82787-19/656056991_18106696871509580_6202844967895735047_n.jpg?stp=dst-jpg_s150x150_tt6&_nc_cat=105&ccb=7-5&_nc_sid=f7ccc5&efg=eyJ2ZW5jb2RlX3RhZyI6InByb2ZpbGVfcGljLnd3dy4xMDgwLkMzIn0%3D&_nc_ohc=xNgYDkRvqWwQ7kNvwFjqJGw&_nc_oc=AdpPSJfSN4YSOdcPtaN3WYQqPP-HLPgo0emZFE19qY1nPXMgbqTHkyrjojsHLkWdhs_XHFFzhwLHwdTc5Lykvwdb&_nc_zt=24&_nc_ht=scontent.cdninstagram.com&_nc_gid=2poNtgnAiTfgsC9QXr4zbA&_nc_ss=786a8&oh=00_Af7Zl8zi5dPYKXQrvBE_FG81K_RSP9Zv51xEkiHu07_AVA&oe=6A113FFE","https://www.instagram.com/hugovitmenezes/","hugovitmenezes","https://www.instagram.com/p/DXkyjneEfDp/c/17860798365628304/","3 sem","Teve que criar uma IA pra representar o povo trabalhador, já que este na vida real defende a esquerda kakakaka","Responder","","Curtir"
"https://www.instagram.com/rod_sbarbosa/","https://scontent.cdninstagram.com/v/t51.2885-19/241795534_396295935455323_7988057471245086211_n.jpg?stp=dst-jpg_s150x150_tt6&_nc_cat=110&ccb=7-5&_nc_sid=f7ccc5&efg=eyJ2ZW5jb2RlX3RhZyI6InByb2ZpbGVfcGljLnd3dy43MjAuQzMifQ%3D%3D&_nc_ohc=IbryCfRfaVsQ7kNvwHJFAy2&_nc_oc=AdrXSX0kWf63J9C5h8A_t-s5X8JbT1jFWm2xvZ7IH76oK-Du7NQ1pCUBT0WbahtdLzZtPMXEtggSmW6l-5xqez87&_nc_zt=24&_nc_ht=scontent.cdninstagram.com&_nc_ss=786a8&oh=00_Af7UTxg7mdw3BW5-JkYZVsmnwxJ8qnheqYMkiaFCf69zJQ&oe=6A11156E","https://www.instagram.com/rod_sbarbosa/","rod_sbarbosa","https://www.instagram.com/p/DXkyjneEfDp/c/18108901675722001/","3 sem","Não conhecia. Vou seguir","Responder","","Curtir"
"https://www.instagram.com/lucashstb/","https://scontent.cdninstagram.com/v/t51.2885-19/471465673_1989983294797694_8680388314635678493_n.jpg?stp=dst-jpg_s150x150_tt6&_nc_cat=107&ccb=7-5&_nc_sid=f7ccc5&efg=eyJ2ZW5jb2RlX3RhZyI6InByb2ZpbGVfcGljLnd3dy4xMDgwLkMzIn0%3D&_nc_ohc=Cd6pdjb-SVIQ7kNvwE2U5wf&_nc_oc=AdpoNVEP7b3pW-RYUC7zKZ5cNW9oLoa0xTcWyfr42iben93kwtLLafXElw0NISpH0M-XazL6a5EN7TxuqpwKmmu6&_nc_zt=24&_nc_ht=scontent.cdninstagram.com&_nc_ss=786a8&oh=00_Af5v4-vgbzKg09X1os9QUuSeYCDPUSzZTWy7JIHxi0FBBA&oe=6A1120BD","https://www.instagram.com/lucashstb/","lucashstb","https://www.instagram.com/p/DXkyjneEfDp/c/18166831498422998/","3 sem","LULA É A DESGRAÇA BRASILEIRA","Responder","","Curtir"
"https://www.instagram.com/fabianocaprio/","https://scontent.cdninstagram.com/v/t51.2885-19/462042960_1142558650868503_7879903427814218914_n.jpg?stp=dst-jpg_s150x150_tt6&_nc_cat=109&ccb=7-5&_nc_sid=f7ccc5&efg=eyJ2ZW5jb2RlX3RhZyI6InByb2ZpbGVfcGljLnd3dy4zMjAuQzMifQ%3D%3D&_nc_ohc=KnYWuF9Ln_0Q7kNvwGfonjf&_nc_oc=Adq58SDP0zZrDdMQTzJHzPB4UFHri0edEZ2C3RCZH2T0EMT1NAfr0j5Eb6--GGaNLZK6iivG0XNhXIAQntoA93Iv&_nc_zt=24&_nc_ht=scontent.cdninstagram.com&_nc_ss=786a8&oh=00_Af4zklPieglhLsapjVmxcMjCS670e_-pE6zZcj7YKJPLUw&oe=6A112B9C","https://www.instagram.com/fabianocaprio/","fabianocaprio","https://www.instagram.com/p/DXkyjneEfDp/c/17884493703537183/","3 sem","😂😂 boa vovo","Responder","Ver tradução","Curtir"
"https://www.instagram.com/rafael.jorge.37/","https://scontent.cdninstagram.com/v/t51.82787-19/582080683_18336760948238789_1068706037794603974_n.jpg?stp=dst-jpg_s150x150_tt6&_nc_cat=100&ccb=7-5&_nc_sid=f7ccc5&efg=eyJ2ZW5jb2RlX3RhZyI6InByb2ZpbGVfcGljLnd3dy4xMDgwLkMzIn0%3D&_nc_ohc=NV93PIV4kwcQ7kNvwEmFoTZ&_nc_oc=AdqIom7uwbLPtc52hKQYCWjFMC61lF8mAEfqaY5V9RqsxOGUmQgT57GFCVZAK2tn3YTjVUjPGJt1ccFpf20v6WwM&_nc_zt=24&_nc_ht=scontent.cdninstagram.com&_nc_gid=2poNtgnAiTfgsC9QXr4zbA&_nc_ss=786a8&oh=00_Af74GAAMO_5Su_n2RWWvbdSyZr4NhXVsSrHoDdQtzvvxfA&oe=6A11303E","https://www.instagram.com/rafael.jorge.37/","rafael.jorge.37","https://www.instagram.com/p/DXkyjneEfDp/c/18062054924405164/","3 sem","KD o @ pra eu ir la seguir 😂😂","Responder","","Curtir"
"https://www.instagram.com/carlosscappuzzy/","https://scontent.cdninstagram.com/v/t51.82787-19/621232922_17998243883903447_9052131516547395131_n.jpg?stp=dst-jpg_s150x150_tt6&_nc_cat=111&ccb=7-5&_nc_sid=f7ccc5&efg=eyJ2ZW5jb2RlX3RhZyI6InByb2ZpbGVfcGljLnd3dy4xMDgwLkMzIn0%3D&_nc_ohc=FM-N-DHz6IMQ7kNvwGAQ82C&_nc_oc=AdrJYMOfFjmNV0itBq2X20M2agfH37zGJmj0uJoxECCBICfRlItM6c32KqQaJnlXKrfhFL9eLAG8q32Ulm-5POPW&_nc_zt=24&_nc_ht=scontent.cdninstagram.com&_nc_gid=2poNtgnAiTfgsC9QXr4zbA&_nc_ss=786a8&oh=00_Af7y9P0rgJq9tuyym_twaiIdGVtgMrZ1IzZhiFbmEczWBg&oe=6A113C02","https://www.instagram.com/carlosscappuzzy/","carlosscappuzzy","https://www.instagram.com/p/DXkyjneEfDp/c/18053314160736896/","3 sem","Faz sinal com o celular pros Aliens, Dona Maria pra ver se alguém responde pq vai ser Lula TETRAAAA 2026.","Responder","","Curtir"
"https://www.instagram.com/samuel_de_paula_/","https://scontent.cdninstagram.com/v/t51.82787-19/673051735_18594363691055247_3245785862071504570_n.jpg?stp=dst-jpg_s150x150_tt6&_nc_cat=111&ccb=7-5&_nc_sid=f7ccc5&efg=eyJ2ZW5jb2RlX3RhZyI6InByb2ZpbGVfcGljLnd3dy4xMDgwLkMzIn0%3D&_nc_ohc=N5nrqB4awS0Q7kNvwHXkiW1&_nc_oc=Adp_1-5fTlUj5AvvM3JnLjYFMGCoh87i07DUnP80tVqw0Dmdgp_4sud0CWTRRilJCqsy4gS09s1pvGTOUQUsAYCm&_nc_zt=24&_nc_ht=scontent.cdninstagram.com&_nc_gid=2poNtgnAiTfgsC9QXr4zbA&_nc_ss=786a8&oh=00_Af58DB2OCSuI9v1urm7PLFkerLFVcZHnDjeNhZkD3tVf5A&oe=6A11394E","https://www.instagram.com/samuel_de_paula_/","samuel_de_paula_","https://www.instagram.com/p/DXkyjneEfDp/c/18313747801286816/","3 sem","DONA MARIA NEM EXISTE E JA É HERÓINA 😂","Responder","","Curtir"
"https://www.instagram.com/marcos.nunes.9003888/","https://scontent.cdninstagram.com/v/t51.2885-19/311481284_880397643344152_2978803515195880503_n.jpg?stp=dst-jpg_s150x150_tt6&_nc_cat=100&ccb=7-5&_nc_sid=f7ccc5&efg=eyJ2ZW5jb2RlX3RhZyI6InByb2ZpbGVfcGljLnd3dy45NTYuQzMifQ%3D%3D&_nc_ohc=00FIbCY0a6sQ7kNvwG7qDwO&_nc_oc=AdokEpFYkqG6LJRuahFe_AnBJ-6_9Z8nnHtfEHYSVjVbzD2YbDKxZu1CR0IvzRSreslbTsMjl-IjMsB5xYigLGLk&_nc_zt=24&_nc_ht=scontent.cdninstagram.com&_nc_ss=786a8&oh=00_Af6IKi_dlsMVzEkEJzo4ufrl7spTuhkpR6jQoJ5pXl0DpQ&oe=6A114300","https://www.instagram.com/marcos.nunes.9003888/","marcos.nunes.9003888","https://www.instagram.com/p/DXkyjneEfDp/c/17990806754952870/","3 sem","Lula2026 👏👏👏❤️❤️❤️❤️","Responder","","Curtir"
"https://www.instagram.com/sibelerinco/","https://scontent.cdninstagram.com/v/t51.2885-19/10831987_675795649200130_863033673_a.jpg?_nc_cat=101&ccb=7-5&_nc_sid=f7ccc5&efg=eyJ2ZW5jb2RlX3RhZyI6InByb2ZpbGVfcGljLnd3dy4xNTAuQzMifQ%3D%3D&_nc_ohc=qt7YI_Szek8Q7kNvwFRYxsK&_nc_oc=AdpTuxZ-g6fmAEpTiTigN14OXis0aVJ9nh8Bml9I3sAUuwWOBDs00HVxm138FzX2p2POynh-QApbUTxYNoXRuKhf&_nc_zt=24&_nc_ht=scontent.cdninstagram.com&_nc_ss=786a8&oh=00_Af5EOTZJSl8bxetmGV6K2griZykofOaQIffbVcfVSixYuQ&oe=6A111D10","https://www.instagram.com/sibelerinco/","sibelerinco","https://www.instagram.com/p/DXkyjneEfDp/c/17964937755065261/","3 sem","PT deveria fazer o mesmo com o PL","Responder","","Curtir"
"https://www.instagram.com/tiobrain_/","https://scontent.cdninstagram.com/v/t51.82787-19/645729438_18396400519195466_3013004520557908793_n.jpg?stp=dst-jpg_s150x150_tt6&_nc_cat=103&ccb=7-5&_nc_sid=f7ccc5&efg=eyJ2ZW5jb2RlX3RhZyI6InByb2ZpbGVfcGljLnd3dy45NzYuQzMifQ%3D%3D&_nc_ohc=EEXqPC9Ea1YQ7kNvwHLJso1&_nc_oc=AdotxG9RHKoEsmA3NogxIfd7TYzyZcASUW6iaIwmDzastyS_s0rxOlbfAh-FFRA6q3pXuu-I4hnnBKOJsx9j_Lqa&_nc_zt=24&_nc_ht=scontent.cdninstagram.com&_nc_gid=2poNtgnAiTfgsC9QXr4zbA&_nc_ss=786a8&oh=00_Af7NBd9MUuRiFzKeVzQZ6erFTc9QS4jcDK2rYSBCg5YS3w&oe=6A111A5C","https://www.instagram.com/tiobrain_/","tiobrain_","https://www.instagram.com/p/DXkyjneEfDp/c/18099652025510361/","3 sem","Sabe aonde não pode criticar o governo? Na ditadura!! A esquerda só sabe censurar e perseguir pessoas.","Responder","","Curtir"
"https://www.instagram.com/edsonsilva.fernandes/","https://scontent.cdninstagram.com/v/t51.2885-19/378468481_845580570338445_6384651559190711509_n.jpg?stp=dst-jpg_s150x150_tt6&_nc_cat=100&ccb=7-5&_nc_sid=f7ccc5&efg=eyJ2ZW5jb2RlX3RhZyI6InByb2ZpbGVfcGljLnd3dy40ODAuQzMifQ%3D%3D&_nc_ohc=t3sBPvXb728Q7kNvwEqRJ0C&_nc_oc=AdobHqFppUBOCBsJpv5G6etsbPuj95S1VR6tp1EMZM9lUZriuSpZ0ncDxjFyu798PMM9TtIR-7WWplr4oRlDRctX&_nc_zt=24&_nc_ht=scontent.cdninstagram.com&_nc_ss=786a8&oh=00_Af4IC_hs9RFjVKXHEfk5AtWwgOPDkeQrUknWmpgII3KjZQ&oe=6A113961","https://www.instagram.com/edsonsilva.fernandes/","edsonsilva.fernandes","https://www.instagram.com/p/DXkyjneEfDp/c/18428710279184192/","3 sem","Dona Maria não  existe foi produzida por recal anos que tem inveja de lula","Responder","","Curtir"
"https://www.instagram.com/nivea_elc/","https://scontent.cdninstagram.com/v/t51.2885-19/239034401_203770714969199_2328008063224819006_n.jpg?stp=dst-jpg_s150x150_tt6&_nc_cat=103&ccb=7-5&_nc_sid=f7ccc5&efg=eyJ2ZW5jb2RlX3RhZyI6InByb2ZpbGVfcGljLnd3dy43MjAuQzMifQ%3D%3D&_nc_ohc=C1uHpSIiSLMQ7kNvwHCdgka&_nc_oc=AdoJ8udrj21stDcFXPoQ26L-bjcHzQq-Sclayp3_rEUXoTVAQl-Fz3lCdVXaaGO-XnYhai5aL82TDitrG1SzBge4&_nc_zt=24&_nc_ht=scontent.cdninstagram.com&_nc_ss=786a8&oh=00_Af7dyPkdRfincHowa1cChw3X4sQJ5X05l9EEVIaOgTZRuw&oe=6A113473","https://www.instagram.com/nivea_elc/","nivea_elc","https://www.instagram.com/p/DXkyjneEfDp/c/17988518894972297/","3 sem","A melhor IA de todas 😂😂😂👏👏👏👏","Responder","","Curtir"
"https://www.instagram.com/saulyn245/","https://scontent.cdninstagram.com/v/t51.2885-19/269822747_230480512564920_3719217735264857944_n.jpg?stp=dst-jpg_s150x150_tt6&_nc_cat=101&ccb=7-5&_nc_sid=f7ccc5&efg=eyJ2ZW5jb2RlX3RhZyI6InByb2ZpbGVfcGljLnd3dy42NzEuQzMifQ%3D%3D&_nc_ohc=vV4k2QAfMLgQ7kNvwFSnCZ8&_nc_oc=Adq7VROPLe5edadM9dNXB_D6rn6uurZwho3LcXK7bEISXTballD-4WXDJV23lUf0GOurOY4-KHnMQOeIN7c0DGiX&_nc_zt=24&_nc_ht=scontent.cdninstagram.com&_nc_ss=786a8&oh=00_Af6OgO6WOdtc_NkLKD8k7_Tx22O7I1YtxK9XHfl9dKQWHQ&oe=6A110FA6","https://www.instagram.com/saulyn245/","saulyn245","https://www.instagram.com/p/DXkyjneEfDp/c/18578234182006257/","3 sem","","Responder","","Curtir"
"https://www.instagram.com/kelencorrei/","https://scontent.cdninstagram.com/v/t51.2885-19/367404349_806823620916082_6882546614689616784_n.jpg?stp=dst-jpg_s150x150_tt6&_nc_cat=100&ccb=7-5&_nc_sid=f7ccc5&efg=eyJ2ZW5jb2RlX3RhZyI6InByb2ZpbGVfcGljLnd3dy43MjAuQzMifQ%3D%3D&_nc_ohc=KyCyOHZjmWgQ7kNvwE_3SCv&_nc_oc=AdpYiUCCw2VZvyuzzzBrkk2BfTZkFDeh0-BOhu4sIj_LMPGejdr96IsCkHU_Bwd7MLFVuF7kVxcLFUHvbrZActVS&_nc_zt=24&_nc_ht=scontent.cdninstagram.com&_nc_ss=786a8&oh=00_Af7OWIMBjlKIvySJsI8xagNRzcZvg_XCOuj9R8GKHeoiKQ&oe=6A112500","https://www.instagram.com/kelencorrei/","kelencorrei","https://www.instagram.com/p/DXkyjneEfDp/c/18060174776457119/","3 sem","A direita sem mentiras, morre","Responder","","Curtir"
"https://www.instagram.com/massoterapia.allynespaacademy/","https://scontent.cdninstagram.com/v/t51.82787-19/698347627_18092123852340080_2406623070819556494_n.jpg?stp=dst-jpg_s150x150_tt6&_nc_cat=105&ccb=7-5&_nc_sid=f7ccc5&efg=eyJ2ZW5jb2RlX3RhZyI6InByb2ZpbGVfcGljLnd3dy4xMDgwLkMzIn0%3D&_nc_ohc=cyPKJJlQrfgQ7kNvwGWN7er&_nc_oc=AdrdA2ybMYCs6tjdVvNYziUACbGFF8fHp5xrCGYl2y3Vwxwf-jdPljMUM3q4uqOgwDPC2LqEAVGeB8eeutnLkLyq&_nc_zt=24&_nc_ht=scontent.cdninstagram.com&_nc_gid=FvegoPDEjTehhD7A53dKmA&_nc_ss=786a8&oh=00_Af7N1tOQNNdx16YyCxZRkBLRGnp0PaqZOzSKSh4Uje9NcA&oe=6A111B21","https://www.instagram.com/massoterapia.allynespaacademy/","massoterapia.allynespaacademy","https://www.instagram.com/p/DXkyjneEfDp/c/18087818879211118/","3 sem","A própria FAKE NEWS fazendo FAKE NEWS","Responder","","Curtir"
"https://www.instagram.com/simone_14054/","https://scontent.cdninstagram.com/v/t51.82787-19/640434683_18313876372253975_5855348720512823057_n.jpg?stp=dst-jpg_s150x150_tt6&_nc_cat=100&ccb=7-5&_nc_sid=f7ccc5&efg=eyJ2ZW5jb2RlX3RhZyI6InByb2ZpbGVfcGljLnd3dy4xMDgwLkMzIn0%3D&_nc_ohc=4wi88USIjr4Q7kNvwHNyw76&_nc_oc=AdpVhNXyxbvMLVLDCINAo8zAPURAJHTU4G4dzBw5_JdKTMrHq3rs01x9eZFuRbzLC4bYUs0UQ2DN31hMHE7RXRBK&_nc_zt=24&_nc_ht=scontent.cdninstagram.com&_nc_gid=FvegoPDEjTehhD7A53dKmA&_nc_ss=786a8&oh=00_Af7zxwue-UwlBnOlFrJbXuZ0IqGIVOKzUPQvjxVKE0M4_w&oe=6A1124C1","https://www.instagram.com/simone_14054/","simone_14054","https://www.instagram.com/p/DXkyjneEfDp/c/17935227732214692/","3 sem","Os lulopets brigando com IA 😂😂😂😂😂😂😂😂😂😂 depois se aborrecem quando são chamados de J U M E N T O S","Responder","","Curtir"
"https://www.instagram.com/pabi_/","https://scontent.cdninstagram.com/v/t51.82787-19/699713600_18584357401005856_8911902762142922024_n.jpg?stp=dst-jpg_s150x150_tt6&_nc_cat=108&ccb=7-5&_nc_sid=f7ccc5&efg=eyJ2ZW5jb2RlX3RhZyI6InByb2ZpbGVfcGljLnd3dy4xMDc2LkMzIn0%3D&_nc_ohc=dwTEBQWndJIQ7kNvwFZSAHQ&_nc_oc=Adr1JqgwX8nSi4kOPr9w8ds1cAuXOg5MSW6GhU6roFZHJbsga3WiukOV_WjKMfU27uzEzExexTd_m8iNyPADGyH8&_nc_zt=24&_nc_ht=scontent.cdninstagram.com&_nc_gid=FvegoPDEjTehhD7A53dKmA&_nc_ss=786a8&oh=00_Af7_4iBVDLLbZd18ihiJkN5O6Xthya3H9JSZSl06M1wZjg&oe=6A113B6D","https://www.instagram.com/pabi_/","pabi_","https://www.instagram.com/p/DXkyjneEfDp/c/18099360215044430/","3 sem","A pronto! A baixaria usando Inteligência Artificial chegou. Nova modalidade de vagabund0s golpistas. Agora são digitais","Responder","","Curtir"
"https://www.instagram.com/tales_naso/","https://scontent.cdninstagram.com/v/t51.2885-19/491493669_657985676848164_6788984396078404704_n.jpg?stp=dst-jpg_s150x150_tt6&_nc_cat=107&ccb=7-5&_nc_sid=f7ccc5&efg=eyJ2ZW5jb2RlX3RhZyI6InByb2ZpbGVfcGljLnd3dy4xMDgwLkMzIn0%3D&_nc_ohc=xDuIn8dixDUQ7kNvwEFsese&_nc_oc=AdpuxHidZGbDjwgfynfUzdRC-g9QjMZSkx2KXSJ6VzYOhVUucnLSQJ0DpvL227ueIcTq0JoT1WqgHgnkh5-gnTj2&_nc_zt=24&_nc_ht=scontent.cdninstagram.com&_nc_ss=786a8&oh=00_Af5nyMs1bNahjMI7LwvGKTzTwNxLRWFgZmDXQxd_VW2asg&oe=6A112401","https://www.instagram.com/tales_naso/","tales_naso","https://www.instagram.com/p/DXkyjneEfDp/c/18078503906444118/","3 sem","Pode prender o dono da página, vai espalhar fake na prisão fdp","Responder","","Curtir"
"https://www.instagram.com/emanuela.matias2601/","https://scontent.cdninstagram.com/v/t51.82787-19/670058332_18121943362622570_328502861233615781_n.jpg?stp=dst-jpg_s150x150_tt6&_nc_cat=106&ccb=7-5&_nc_sid=f7ccc5&efg=eyJ2ZW5jb2RlX3RhZyI6InByb2ZpbGVfcGljLnd3dy4xMDgwLkMzIn0%3D&_nc_ohc=Zh6xKTAswpcQ7kNvwG-ZSww&_nc_oc=AdpW0dccn8yN4KOr6_BzUPqxqa3hRL_z6C8AnEoJ4ej68FLaMx0UAEFNvQ3vWF7eg8XzdQtoMDVZGdJGMvlJOwZ0&_nc_zt=24&_nc_ht=scontent.cdninstagram.com&_nc_gid=FvegoPDEjTehhD7A53dKmA&_nc_ss=786a8&oh=00_Af4frtl3vwGubrUNBiHLp9BtxKq3PIzCNsnErvwRZSROtA&oe=6A1124C3","https://www.instagram.com/emanuela.matias2601/","emanuela.matias2601","https://www.instagram.com/p/DXkyjneEfDp/c/18057446264511982/","3 sem","Se for pra espalhar fake News não serve fale a verdade Dona Mari","Responder","","Curtir"
"https://www.instagram.com/odnei.sales/","https://scontent.cdninstagram.com/v/t51.2885-19/462327838_1483965998958272_2245114961136580367_n.jpg?stp=dst-jpg_s150x150_tt6&_nc_cat=102&ccb=7-5&_nc_sid=f7ccc5&efg=eyJ2ZW5jb2RlX3RhZyI6InByb2ZpbGVfcGljLnd3dy4xMDgwLkMzIn0%3D&_nc_ohc=Btor70plH9oQ7kNvwGh2e0D&_nc_oc=Adqe5qdLEohAneHKkxCxLgZCxnqi8X8cBthKFzoO9NNpZ1oBRADeou9dp1FSXNnLt_4ORZZXlddROhV8PdwGK59b&_nc_zt=24&_nc_ht=scontent.cdninstagram.com&_nc_ss=786a8&oh=00_Af63mNfGemq5uMmlocqNXkqnUPiPiB44gpTxjiuEMsNhcw&oe=6A111A03","https://www.instagram.com/odnei.sales/","odnei.sales","https://www.instagram.com/p/DXkyjneEfDp/c/18082900436622661/","3 sem","E o dono da página não vai preso não?","Responder","","Curtir"
"https://www.instagram.com/brunobarros7494/","https://scontent.cdninstagram.com/v/t51.2885-19/450648374_1017150690205068_4806103604827880715_n.jpg?stp=dst-jpg_s150x150_tt6&_nc_cat=104&ccb=7-5&_nc_sid=f7ccc5&efg=eyJ2ZW5jb2RlX3RhZyI6InByb2ZpbGVfcGljLnd3dy44MDkuQzMifQ%3D%3D&_nc_ohc=kmyT4DbcnXQQ7kNvwHvuOOF&_nc_oc=Adqa5L6qTMlpK0cC99Gx1dWGmQqNcUoLi2rELVMticBfJnnWUH0zWpi1QYeafSgFLsjbSYI7mubDcYON6L-Oxk3b&_nc_zt=24&_nc_ht=scontent.cdninstagram.com&_nc_ss=786a8&oh=00_Af6eRVyMB6GYaN2YAopjKdC2QheJd0riKTSp1-qHG3Gj4g&oe=6A112F28","https://www.instagram.com/brunobarros7494/","brunobarros7494","https://www.instagram.com/p/DXkyjneEfDp/c/18095576864278421/","3 sem","Direita suja e suas fakes news","Responder","","Curtir"
"https://www.instagram.com/pjuniiorr_sillvaaa/","https://scontent.cdninstagram.com/v/t51.89012-19/573323465_1219825463302212_7278921664109726296_n.jpg?stp=dst-jpg_s150x150_tt6&_nc_cat=1&ccb=7-5&_nc_sid=f7ccc5&efg=eyJ2ZW5jb2RlX3RhZyI6InByb2ZpbGVfcGljLnd3dy5DMyJ9&_nc_ohc=_4tC3MUfCWEQ7kNvwE16xtB&_nc_oc=AdqXylCPb_5IssA9ODsJYf_bLhThMeriY6ONIKusdLzJpr1vsqIoiTJtjP_NL9SSZW2g3O67PAO7cn_Q4MnWMlAW&_nc_zt=24&_nc_ht=scontent.cdninstagram.com&_nc_gid=FvegoPDEjTehhD7A53dKmA&_nc_ss=786a8&oh=00_Af6-gHD1zZnmZHgxsQlf5FEfbbwJhduVZF9NDYBWWOEuvw&oe=6A113522","https://www.instagram.com/pjuniiorr_sillvaaa/","pjuniiorr_sillvaaa","https://www.instagram.com/p/DXkyjneEfDp/c/18135227401539153/","3 sem","😂😂😂😂😂😂😂😂 quando vi a bandeira do Brasil, já sei que é da turma fake, pátria e família","Responder","","Curtir"
"https://www.instagram.com/vnl22026/","https://scontent.cdninstagram.com/v/t51.82787-19/629181805_17850612306672624_1046550784864123495_n.jpg?stp=dst-jpg_s150x150_tt6&_nc_cat=103&ccb=7-5&_nc_sid=f7ccc5&efg=eyJ2ZW5jb2RlX3RhZyI6InByb2ZpbGVfcGljLnd3dy4xMDgwLkMzIn0%3D&_nc_ohc=XhfdHCSgXVYQ7kNvwFVZqGi&_nc_oc=AdoeJHbAkz8zvi4VnOb1PFhPfUsQzJ_22ouy7QBwriEfZIFvSntJpdj3y6Cz_HnrdjZDLzefVv6h1QM9GiOylDwL&_nc_zt=24&_nc_ht=scontent.cdninstagram.com&_nc_gid=FvegoPDEjTehhD7A53dKmA&_nc_ss=786a8&oh=00_Af7r3ywwyc_ZrGkUJQ5N-42kMbgE_C-PhXPfkSZNyyLQnw&oe=6A1136B8","https://www.instagram.com/vnl22026/","vnl22026","https://www.instagram.com/p/DXkyjneEfDp/c/17901310269264850/","3 sem","A direita é a rainha da hipocrisia.","Responder","","Curtir"
"https://www.instagram.com/silvapedrinho01/","https://scontent.cdninstagram.com/v/t51.82787-19/587207029_18399912019120041_8620987600792710396_n.jpg?stp=dst-jpg_s150x150_tt6&_nc_cat=101&ccb=7-5&_nc_sid=f7ccc5&efg=eyJ2ZW5jb2RlX3RhZyI6InByb2ZpbGVfcGljLnd3dy4xMDgwLkMzIn0%3D&_nc_ohc=cLiWhNEhS0MQ7kNvwG0Zpx1&_nc_oc=AdosEeaqidi01E2oJ8iKnnPDoyR1gpoL_uWQj7pRvKLijSzhv-tNO8zj0Rc0iLLY6FNkPJTqbtTLQ_WCoPr-j6VZ&_nc_zt=24&_nc_ht=scontent.cdninstagram.com&_nc_gid=FvegoPDEjTehhD7A53dKmA&_nc_ss=786a8&oh=00_Af4VlZnCRrQr0sMlMLCM94DfEN4mRlwG3Nvh7UL16oCuNg&oe=6A112C2A","https://www.instagram.com/silvapedrinho01/","silvapedrinho01","https://www.instagram.com/p/DXkyjneEfDp/c/18134858065552728/","3 sem","E eles sempre colocam pessoas negras nos vídeos. Bem estratégico pra atingir o público mais pobre que o bolsonarismo nada faz","Responder","","Curtir"
"https://www.instagram.com/herleymorais/","https://scontent.cdninstagram.com/v/t51.75761-19/496038877_18499168141032059_6553579311443526195_n.jpg?stp=dst-jpg_s150x150_tt6&_nc_cat=105&ccb=7-5&_nc_sid=f7ccc5&efg=eyJ2ZW5jb2RlX3RhZyI6InByb2ZpbGVfcGljLnd3dy45OTIuQzMifQ%3D%3D&_nc_ohc=FmNK8ioJEzEQ7kNvwG7mvvw&_nc_oc=AdpTxThHKRDOMQdCbCXe9J9N5hC9NsbQArbQHhirXuA-aDEMmv_xfHLmDJCR9CEzzw8OyKdgtB1_kqgJUub10B6M&_nc_zt=24&_nc_ht=scontent.cdninstagram.com&_nc_gid=UAB6HRmXog7s8c5giB1lfg&_nc_ss=786a8&oh=00_Af4wqgnFqcMMvll-Bw6MeIqclcHUejTyD35_y7Ne2axHiw&oe=6A111515","https://www.instagram.com/herleymorais/","herleymorais","https://www.instagram.com/p/DXkyjneEfDp/c/18083474855379936/","3 sem","Coisa esquisita 😂😂😂😂","Responder","","Curtir"
"https://www.instagram.com/danielalvesguido/","https://scontent.cdninstagram.com/v/t51.2885-19/157327906_278962056942801_1184408191211604769_n.jpg?stp=dst-jpg_s150x150_tt6&_nc_cat=102&ccb=7-5&_nc_sid=f7ccc5&efg=eyJ2ZW5jb2RlX3RhZyI6InByb2ZpbGVfcGljLnd3dy4xMDgwLkMzIn0%3D&_nc_ohc=evUfQVMseWkQ7kNvwEz04P5&_nc_oc=AdpqsQDoeUPymIZe3KkTmNSHnfbjVLFuKXYoGu2PfQ66ey1Mhy6tI0dLBmA7qoRhhRBc9ytZv2DWDoffktAtGhcx&_nc_zt=24&_nc_ht=scontent.cdninstagram.com&_nc_ss=786a8&oh=00_Af7WoY0TvIdiDwrc_g3Gp5IinjEYaLNghymwNkwCRemjxg&oe=6A11426B","https://www.instagram.com/danielalvesguido/","danielalvesguido","https://www.instagram.com/p/DXkyjneEfDp/c/18091060535229439/","3 sem","Onde esta a LIBERDADE DE EXPRESSÃO... FORA DESGOVERNO","Responder","","Curtir"
"https://www.instagram.com/nomade_ax/","https://scontent.cdninstagram.com/v/t51.2885-19/481775860_1658562008092501_8302066402678200341_n.jpg?stp=dst-jpg_s150x150_tt6&_nc_cat=102&ccb=7-5&_nc_sid=f7ccc5&efg=eyJ2ZW5jb2RlX3RhZyI6InByb2ZpbGVfcGljLnd3dy44NjQuQzMifQ%3D%3D&_nc_ohc=5lqCbdRwxMkQ7kNvwE1ELQU&_nc_oc=AdqDzR0XJs4nHH9AcQwuejcm7CkCwtP05BJJm32ZoeANHSOkjMj25IvN59we6ggLOL0zHu2lB1W6Aelq1aGpQaKc&_nc_zt=24&_nc_ht=scontent.cdninstagram.com&_nc_ss=786a8&oh=00_Af7wUQ_WS6xdi5M1tFMjISb5HSY1pdRCXEEaKQOQaGjtgw&oe=6A113949","https://www.instagram.com/nomade_ax/","nomade_ax","https://www.instagram.com/p/DXkyjneEfDp/c/18068416325465114/","3 sem","Aí ele usa uma mulher negra kkkk caraca bixo esse país é muita doideira","Responder","","Curtir"
"https://www.instagram.com/jose.juniorfranco/","https://scontent.cdninstagram.com/v/t51.2885-19/452573870_7338435379595949_7879946999225145467_n.jpg?stp=dst-jpg_s150x150_tt6&_nc_cat=106&ccb=7-5&_nc_sid=f7ccc5&efg=eyJ2ZW5jb2RlX3RhZyI6InByb2ZpbGVfcGljLnd3dy4zNTcuQzMifQ%3D%3D&_nc_ohc=nNsn2zVWgMUQ7kNvwHP0YUx&_nc_oc=Adp6a303vswrHvvzQ0FLZw53qdPoJK74fsZ2vbgkS0Np6oLf0NcamXnPHF49zNCaUWr_drg4BBB_Cbrcq31nLuMf&_nc_zt=24&_nc_ht=scontent.cdninstagram.com&_nc_ss=786a8&oh=00_Af6lhcEAIv3ar6aE5wIAb1nqmU2wW-2WC1nk3zk61d04gw&oe=6A113B4A","https://www.instagram.com/jose.juniorfranco/","jose.juniorfranco","https://www.instagram.com/p/DXkyjneEfDp/c/18074637734245057/","3 sem","A direita fazendo IA pra falar as fakes sem querer se responsabilizar 🤡🤡🤡🤡","Responder","","Curtir"
"https://www.instagram.com/trustnobody021/","https://scontent.cdninstagram.com/v/t51.89012-19/573323465_1219825463302212_7278921664109726296_n.jpg?stp=dst-jpg_s150x150_tt6&_nc_cat=1&ccb=7-5&_nc_sid=f7ccc5&efg=eyJ2ZW5jb2RlX3RhZyI6InByb2ZpbGVfcGljLnd3dy5DMyJ9&_nc_ohc=_4tC3MUfCWEQ7kNvwE16xtB&_nc_oc=AdqXylCPb_5IssA9ODsJYf_bLhThMeriY6ONIKusdLzJpr1vsqIoiTJtjP_NL9SSZW2g3O67PAO7cn_Q4MnWMlAW&_nc_zt=24&_nc_ht=scontent.cdninstagram.com&_nc_gid=UAB6HRmXog7s8c5giB1lfg&_nc_ss=786a8&oh=00_Af4q0xP-AjzkiLJUtKz4CW7sO1fc_y9HLwxxQmjvemilew&oe=6A113522","https://www.instagram.com/trustnobody021/","trustnobody021","https://www.instagram.com/p/DXkyjneEfDp/c/18114542899688764/","3 sem","Ela não é uma pessoa de verdade kkkkk","Responder","","Curtir"
"https://www.instagram.com/denisesousadeeh888/","https://scontent.cdninstagram.com/v/t51.2885-19/176515128_532678637724403_408982823688262025_n.jpg?stp=dst-jpg_s150x150_tt6&_nc_cat=107&ccb=7-5&_nc_sid=f7ccc5&efg=eyJ2ZW5jb2RlX3RhZyI6InByb2ZpbGVfcGljLnd3dy43MTcuQzMifQ%3D%3D&_nc_ohc=Fapf6-JLQNcQ7kNvwGu2TEj&_nc_oc=Adovo_vAo-gQxMjU-HaS7liqirJG3DiUs_1uRgriy9rmhQ9zD61u_QCHTxNjleLL199y2ja9U31ZUJw43eLMV1Fe&_nc_zt=24&_nc_ht=scontent.cdninstagram.com&_nc_ss=786a8&oh=00_Af4gZAQPxNGyzKRghdkmsYMnFSA8PJYuZF2GRQgIIHSkhg&oe=6A113FCB","https://www.instagram.com/denisesousadeeh888/","denisesousadeeh888","https://www.instagram.com/p/DXkyjneEfDp/c/18389374543090983/","3 sem","Me lembra a série “ Them”, um branco usando black face, simbolizando como o racismo tenta destruir a sanidade da população negra, fazendo-os duvidar de sua própria identidade e realidade.  Pq uma senhora Negra?  A realidade é bem diferente, é os senadores do PL não aprovando o fim da escala 6x1, ou tentando ferrar com a isenção de imposto para quem ganha 5k… é Zema falando que o patrão deve ter diálogo com empregado ( ou vem trampar ou vc está demitidokkkk) . O povo não percebe isso?","Responder","","Curtir"
"https://www.instagram.com/trustnobody021/","https://scontent.cdninstagram.com/v/t51.89012-19/573323465_1219825463302212_7278921664109726296_n.jpg?stp=dst-jpg_s150x150_tt6&_nc_cat=1&ccb=7-5&_nc_sid=f7ccc5&efg=eyJ2ZW5jb2RlX3RhZyI6InByb2ZpbGVfcGljLnd3dy5DMyJ9&_nc_ohc=_4tC3MUfCWEQ7kNvwE16xtB&_nc_oc=AdqXylCPb_5IssA9ODsJYf_bLhThMeriY6ONIKusdLzJpr1vsqIoiTJtjP_NL9SSZW2g3O67PAO7cn_Q4MnWMlAW&_nc_zt=24&_nc_ht=scontent.cdninstagram.com&_nc_gid=UAB6HRmXog7s8c5giB1lfg&_nc_ss=786a8&oh=00_Af4q0xP-AjzkiLJUtKz4CW7sO1fc_y9HLwxxQmjvemilew&oe=6A113522","https://www.instagram.com/trustnobody021/","trustnobody021","https://www.instagram.com/p/DXkyjneEfDp/c/18098993905839933/","3 sem","Ela não é uma pessoa real","Responder","","Curtir"
"https://www.instagram.com/trustnobody021/","https://scontent.cdninstagram.com/v/t51.89012-19/573323465_1219825463302212_7278921664109726296_n.jpg?stp=dst-jpg_s150x150_tt6&_nc_cat=1&ccb=7-5&_nc_sid=f7ccc5&efg=eyJ2ZW5jb2RlX3RhZyI6InByb2ZpbGVfcGljLnd3dy5DMyJ9&_nc_ohc=_4tC3MUfCWEQ7kNvwE16xtB&_nc_oc=AdqXylCPb_5IssA9ODsJYf_bLhThMeriY6ONIKusdLzJpr1vsqIoiTJtjP_NL9SSZW2g3O67PAO7cn_Q4MnWMlAW&_nc_zt=24&_nc_ht=scontent.cdninstagram.com&_nc_gid=UAB6HRmXog7s8c5giB1lfg&_nc_ss=786a8&oh=00_Af4q0xP-AjzkiLJUtKz4CW7sO1fc_y9HLwxxQmjvemilew&oe=6A113522","https://www.instagram.com/trustnobody021/","trustnobody021","https://www.instagram.com/p/DXkyjneEfDp/c/17893602741450475/","3 sem","Ela não é uma pessoa de verdade seja inteligente","Responder","","Curtir"
"https://www.instagram.com/trustnobody021/","https://scontent.cdninstagram.com/v/t51.89012-19/573323465_1219825463302212_7278921664109726296_n.jpg?stp=dst-jpg_s150x150_tt6&_nc_cat=1&ccb=7-5&_nc_sid=f7ccc5&efg=eyJ2ZW5jb2RlX3RhZyI6InByb2ZpbGVfcGljLnd3dy5DMyJ9&_nc_ohc=_4tC3MUfCWEQ7kNvwE16xtB&_nc_oc=AdqXylCPb_5IssA9ODsJYf_bLhThMeriY6ONIKusdLzJpr1vsqIoiTJtjP_NL9SSZW2g3O67PAO7cn_Q4MnWMlAW&_nc_zt=24&_nc_ht=scontent.cdninstagram.com&_nc_gid=UAB6HRmXog7s8c5giB1lfg&_nc_ss=786a8&oh=00_Af4q0xP-AjzkiLJUtKz4CW7sO1fc_y9HLwxxQmjvemilew&oe=6A113522","https://www.instagram.com/trustnobody021/","trustnobody021","https://www.instagram.com/p/DXkyjneEfDp/c/18155784997458708/","3 sem","Ela não é uma pessoa de verdade melhor abrir os olhos","Responder","","Curtir"
"https://www.instagram.com/trustnobody021/","https://scontent.cdninstagram.com/v/t51.89012-19/573323465_1219825463302212_7278921664109726296_n.jpg?stp=dst-jpg_s150x150_tt6&_nc_cat=1&ccb=7-5&_nc_sid=f7ccc5&efg=eyJ2ZW5jb2RlX3RhZyI6InByb2ZpbGVfcGljLnd3dy5DMyJ9&_nc_ohc=_4tC3MUfCWEQ7kNvwE16xtB&_nc_oc=AdqXylCPb_5IssA9ODsJYf_bLhThMeriY6ONIKusdLzJpr1vsqIoiTJtjP_NL9SSZW2g3O67PAO7cn_Q4MnWMlAW&_nc_zt=24&_nc_ht=scontent.cdninstagram.com&_nc_gid=UAB6HRmXog7s8c5giB1lfg&_nc_ss=786a8&oh=00_Af4q0xP-AjzkiLJUtKz4CW7sO1fc_y9HLwxxQmjvemilew&oe=6A113522","https://www.instagram.com/trustnobody021/","trustnobody021","https://www.instagram.com/p/DXkyjneEfDp/c/17917617204351313/","3 sem","Ela não é uma pessoa de verdade kkkkk","Responder","","Curtir"
"https://www.instagram.com/edson_lopes.adv/","https://scontent.cdninstagram.com/v/t51.75761-19/499680543_18503851339014578_4049705762481683783_n.jpg?stp=dst-jpg_s150x150_tt6&_nc_cat=109&ccb=7-5&_nc_sid=f7ccc5&efg=eyJ2ZW5jb2RlX3RhZyI6InByb2ZpbGVfcGljLnd3dy4xMDgwLkMzIn0%3D&_nc_ohc=LZV8x3791VIQ7kNvwEFrd-M&_nc_oc=Adr_9KdjP42Q0XB59KjINRHxK9d9Y17xZpn64SrljfNMnJgM6DkgFWilRFaQ7sxOimlMbFiR4xnDCTc8uYGAeFXx&_nc_zt=24&_nc_ht=scontent.cdninstagram.com&_nc_gid=UAB6HRmXog7s8c5giB1lfg&_nc_ss=786a8&oh=00_Af52msLX0G6iOBClZXopsohi3fxKM16D_L4GR_C4lWRdZg&oe=6A1145C7","https://www.instagram.com/edson_lopes.adv/","edson_lopes.adv","https://www.instagram.com/p/DXkyjneEfDp/c/18078297113172762/","3 sem","E os influenciadores financiados pelo PT que estão atacando com mentiras o candidato  em todas as redes sociais??? Chega a ser escancarado o uso de perfis falsos utilizados pelo PT, o desespero da derrota está batendo à porta dos esquerdistas que serão varridos do cenário político... Aguardem!!!","Responder","","Curtir"
"https://www.instagram.com/flavia_ramos_l/","https://scontent.cdninstagram.com/v/t51.2885-19/428927165_409673828237942_5752311152070816222_n.jpg?stp=dst-jpg_s150x150_tt6&_nc_cat=102&ccb=7-5&_nc_sid=f7ccc5&efg=eyJ2ZW5jb2RlX3RhZyI6InByb2ZpbGVfcGljLnd3dy4xMDgwLkMzIn0%3D&_nc_ohc=6vE3Z0b5jgkQ7kNvwG__COQ&_nc_oc=Adqr-q0aZcBjPegCKCCCjORFVWf8Yg9uM-upVPZj5R3EtJFqed5N2zGnlUpZVXAshQjIMHCy-romLc38otOfjIKY&_nc_zt=24&_nc_ht=scontent.cdninstagram.com&_nc_ss=786a8&oh=00_Af5yaZ6HaU11nvAG5pW3GVwevMGCxQzveMIJvLazV0HjMg&oe=6A111085","https://www.instagram.com/flavia_ramos_l/","flavia_ramos_l","https://www.instagram.com/p/DXkyjneEfDp/c/18143141221496418/","3 sem","“… Perfil voltado a prestar desinformação sobre o presidente Lula…” 🤣🤣🤣🤣🤣🤣🤣Lula não precisa de um perfil para fazer isso por ele, pois isso as notícias dos acontecimentos em Brasília, o endividamento do governo, os preços altos nos mercados, os escândalos do INSS e do Master, fazem por si só!","Responder","","Curtir"
"https://www.instagram.com/soraia_d_b/","https://scontent.cdninstagram.com/v/t51.82787-19/633861650_18566321431003835_6720602364913178218_n.jpg?stp=dst-jpg_s150x150_tt6&_nc_cat=109&ccb=7-5&_nc_sid=f7ccc5&efg=eyJ2ZW5jb2RlX3RhZyI6InByb2ZpbGVfcGljLnd3dy4xMDgwLkMzIn0%3D&_nc_ohc=bRaBj5wqv7cQ7kNvwGN0c19&_nc_oc=Adq-5KlYERRx_CXkYtx-pyK2aUle4ozmGblfwJ-BwOHzCKu8g76wp_1gDZPOpyjFWo77CSLskjfsF5ea7HfSCDuJ&_nc_zt=24&_nc_ht=scontent.cdninstagram.com&_nc_gid=UAB6HRmXog7s8c5giB1lfg&_nc_ss=786a8&oh=00_Af4tIRfBeQQTXngDpfefqG46DmIg_KX99h9Xs7Bk-p5Mfg&oe=6A11411D","https://www.instagram.com/soraia_d_b/","soraia_d_b","https://www.instagram.com/p/DXkyjneEfDp/c/18046948760757039/","3 sem","Vou seguir","Responder","","Curtir"
"https://www.instagram.com/gustavolguedes/","https://scontent.cdninstagram.com/v/t51.2885-19/430326394_1516419212424137_6639343024425787377_n.jpg?stp=dst-jpg_s150x150_tt6&_nc_cat=105&ccb=7-5&_nc_sid=f7ccc5&efg=eyJ2ZW5jb2RlX3RhZyI6InByb2ZpbGVfcGljLnd3dy42NzQuQzMifQ%3D%3D&_nc_ohc=C-GOO_hE2OkQ7kNvwG9-_n-&_nc_oc=Adpg4IoJjxsEVtbBkbXrTw23amS31cCmCPBeX7PhyF2mon6FfmiitoxY5mF0XpiGI890CQDE8c4hMcT-IX9P11Yk&_nc_zt=24&_nc_ht=scontent.cdninstagram.com&_nc_ss=786a8&oh=00_Af6Rf6sI0f2FBwZ_VwEyotCqg4fwkcGzt8MN5tUdGem2YA&oe=6A1110CE","https://www.instagram.com/gustavolguedes/","gustavolguedes","https://www.instagram.com/p/DXkyjneEfDp/c/17901409353266140/","3 sem","Mas desde quando ela escondeu que era IA?! Vamos falar sobre manipulação de imagem e notícias pelo PT? Se entrar no mesmo bolo, apoiaremos os inquéritos!","Responder","","Curtir"
"https://www.instagram.com/leotagua1/","https://scontent.cdninstagram.com/v/t51.82787-19/603872095_18557273689061419_7010153944336141965_n.jpg?stp=dst-jpg_s150x150_tt6&_nc_cat=102&ccb=7-5&_nc_sid=f7ccc5&efg=eyJ2ZW5jb2RlX3RhZyI6InByb2ZpbGVfcGljLnd3dy4xMDgwLkMzIn0%3D&_nc_ohc=7kMEeT13E8cQ7kNvwFMskqM&_nc_oc=AdpRg_XfSdNdpmeg24Rif7KKlFh9VhziNEmfTonim_vyoYPD51yY0-VIAQdDC6Kr96_YVXMOE28hCkyJC3KIHfUA&_nc_zt=24&_nc_ht=scontent.cdninstagram.com&_nc_gid=UAB6HRmXog7s8c5giB1lfg&_nc_ss=786a8&oh=00_Af4F87bk9n25sMDk-XCkmRScRb3dovV6cqfvpyDJhhnhAw&oe=6A113B25","https://www.instagram.com/leotagua1/","leotagua1","https://www.instagram.com/p/DXkyjneEfDp/c/18112786807761641/","3 sem","😂😂😂😂😂😂petistas são o excremento da sociedade","Responder","","Curtir"
"https://www.instagram.com/rodrigovinicius.adv/","https://scontent.cdninstagram.com/v/t51.82787-19/682652341_18579262387038869_968877516533611506_n.jpg?stp=dst-jpg_s150x150_tt6&_nc_cat=108&ccb=7-5&_nc_sid=f7ccc5&efg=eyJ2ZW5jb2RlX3RhZyI6InByb2ZpbGVfcGljLnd3dy44OTYuQzMifQ%3D%3D&_nc_ohc=HMLiuGkKDdwQ7kNvwGn-0lc&_nc_oc=AdrRp419CgT63fYlbevrCPR9fcQqJcC-UTuEWao4_PsfgKqSxDiu1s9cjKlJ6Nxa0wyRHoqEw-vCHV4eRImq8R_h&_nc_zt=24&_nc_ht=scontent.cdninstagram.com&_nc_gid=-JxixXgRSlZhaRpiIckqWA&_nc_ss=786a8&oh=00_Af4mVD7KPkIPqq9eM71bRvliyvuTevN_QfvJdSjrDXg89g&oe=6A11133B","https://www.instagram.com/rodrigovinicius.adv/","rodrigovinicius.adv","https://www.instagram.com/p/DXkyjneEfDp/c/17907213315220200/","3 sem","A esquerda entra em desespero né! Kkkkk a esquerda é tão patética, que ela sequer tem criatividade engajar o seu público com coisas criativas, nem nada. Prefere chorar e censurar! Esquerda é um bebê chorão 😂😂😂😂","Responder","","Curtir"
"https://www.instagram.com/biomedyson/","https://scontent.cdninstagram.com/v/t51.82787-19/586647145_18001963367834683_6157418152353048692_n.jpg?stp=dst-jpg_s150x150_tt6&_nc_cat=109&ccb=7-5&_nc_sid=f7ccc5&efg=eyJ2ZW5jb2RlX3RhZyI6InByb2ZpbGVfcGljLnd3dy45NTcuQzMifQ%3D%3D&_nc_ohc=nnTYpGugg74Q7kNvwGqAkjN&_nc_oc=Adrs7RhW4myfSnPSt1Fb5ToYSAL8FaUv9RAnlYAdH3fnI_uGcACs-UeOEhC2fzp-bg7uwsJpRMgVITmNlWksPmaD&_nc_zt=24&_nc_ht=scontent.cdninstagram.com&_nc_gid=-JxixXgRSlZhaRpiIckqWA&_nc_ss=786a8&oh=00_Af7eGYQNLmVREd9Ms_XZ1rnIYy27Oo2U3RGBwmekza1zBA&oe=6A112358","https://www.instagram.com/biomedyson/","biomedyson","https://www.instagram.com/p/DXkyjneEfDp/c/18086073782119798/","3 sem","Mostra a cara","Responder","","Curtir"
"https://www.instagram.com/yodiado01/","https://scontent.cdninstagram.com/v/t51.2885-19/408802830_193616023816572_1361047849333362706_n.jpg?stp=dst-jpg_s150x150_tt6&_nc_cat=111&ccb=7-5&_nc_sid=f7ccc5&efg=eyJ2ZW5jb2RlX3RhZyI6InByb2ZpbGVfcGljLnd3dy4xMDgwLkMzIn0%3D&_nc_ohc=Wdc0H26BjtYQ7kNvwGFHP2G&_nc_oc=AdoTor22lbUXz1LBMPjaAi7soYotarz4dYuP1zZSi2ny3RS-nckQpk3rvcasDEnqzQvwJzCOOvd3j9vsludBC5vL&_nc_zt=24&_nc_ht=scontent.cdninstagram.com&_nc_ss=786a8&oh=00_Af693r8JDl5j6qYU0W73Q21VU23iYarMJ6Uucu5CCPzwpg&oe=6A112156","https://www.instagram.com/yodiado01/","yodiado01","https://www.instagram.com/p/DXkyjneEfDp/c/17897920176287436/","3 sem","Seguindo essa lógica, todas as páginas de fofoca deveriam cair.","Responder","","Curtir"
"https://www.instagram.com/marta_bunn/","https://scontent.cdninstagram.com/v/t51.82787-19/687041814_18124060897625808_1179065825776845617_n.jpg?stp=dst-jpg_s150x150_tt6&_nc_cat=104&ccb=7-5&_nc_sid=f7ccc5&efg=eyJ2ZW5jb2RlX3RhZyI6InByb2ZpbGVfcGljLnd3dy4xMDgwLkMzIn0%3D&_nc_ohc=3VGS5zH6Y2MQ7kNvwHKqg_G&_nc_oc=AdqFPADD81cctU3gziUQ-eycUk2PKwYm7UhWPRcXaMxe-WPMq1HMDBQGUODuEgaOiVG56GFbiyx52NVC1x9hSi0H&_nc_zt=24&_nc_ht=scontent.cdninstagram.com&_nc_gid=-JxixXgRSlZhaRpiIckqWA&_nc_ss=786a8&oh=00_Af4TjTVg_urdDuteIyLYgBPplgfUL2f0rCKQCQJIMht6aA&oe=6A1139DE","https://www.instagram.com/marta_bunn/","marta_bunn","https://www.instagram.com/p/DXkyjneEfDp/c/18078708449633598/","3 sem","As pessoas não vêem que é IA?","Responder","","Curtir"
"https://www.instagram.com/barsisilvia/","https://scontent.cdninstagram.com/v/t51.2885-19/430096385_926074372349338_3959033011227896129_n.jpg?stp=dst-jpg_s150x150_tt6&_nc_cat=101&ccb=7-5&_nc_sid=f7ccc5&efg=eyJ2ZW5jb2RlX3RhZyI6InByb2ZpbGVfcGljLnd3dy43OTYuQzMifQ%3D%3D&_nc_ohc=59OeC5zl1McQ7kNvwH97GuT&_nc_oc=AdpCva_dCxBFXhYnNDygC_EiHr0Q2W7riVd0r5OX1LX-xWzUq6c7ZsthPz68_N4PeQz8d5W2UytRwgQOoMSj8d3A&_nc_zt=24&_nc_ht=scontent.cdninstagram.com&_nc_ss=786a8&oh=00_Af5BBrIwXcvIBv-ncv6oj0KtiM6cFNI7MuiX81bvyPUpHw&oe=6A112E57","https://www.instagram.com/barsisilvia/","barsisilvia","https://www.instagram.com/p/DXkyjneEfDp/c/17901298146264405/","3 sem","👏👏👏👏👏👏👏","Responder","","Curtir"
"https://www.instagram.com/arturlieferreira/","https://scontent.cdninstagram.com/v/t51.75761-19/491065307_18309860242238222_8085717528669158193_n.jpg?stp=dst-jpg_s150x150_tt6&_nc_cat=100&ccb=7-5&_nc_sid=f7ccc5&efg=eyJ2ZW5jb2RlX3RhZyI6InByb2ZpbGVfcGljLnd3dy4xMDgwLkMzIn0%3D&_nc_ohc=W69mVHKjvJYQ7kNvwFPfTYg&_nc_oc=AdqS0dg7kdj-pKj7ewQLCxfrVkEikHFrfXpS1gkxszCJompmPJYCm71Uohf5WjSn7yEC63xZGtxvaah61ibJtCE7&_nc_zt=24&_nc_ht=scontent.cdninstagram.com&_nc_gid=-JxixXgRSlZhaRpiIckqWA&_nc_ss=786a8&oh=00_Af7X30NGP4zg-HzAmLp2tkXftIJWHqSa6p7Ok-BJcdtUiA&oe=6A111899","https://www.instagram.com/arturlieferreira/","arturlieferreira","https://www.instagram.com/p/DXkyjneEfDp/c/17970976638045575/","3 sem","PT partido das treva 🔥🔥🔥🔥🔥🔥","Responder","","Curtir"
"https://www.instagram.com/edgardgomesoficial/","https://scontent.cdninstagram.com/v/t51.2885-19/479920550_875905534585704_8795957623583135283_n.jpg?stp=dst-jpg_s150x150_tt6&_nc_cat=109&ccb=7-5&_nc_sid=f7ccc5&efg=eyJ2ZW5jb2RlX3RhZyI6InByb2ZpbGVfcGljLnd3dy4xMDgwLkMzIn0%3D&_nc_ohc=YVz6jMoZU5AQ7kNvwEVNYfI&_nc_oc=AdodxJ-DGCrCi2_e4SUSJGgmWAImbQd5gYPX0YGSdcYuhd4njDy7bW8ZLL6yLkbheAxr-J4kdVPezu2Kh6yR9LeL&_nc_zt=24&_nc_ht=scontent.cdninstagram.com&_nc_ss=786a8&oh=00_Af5fI1P5p5q4adwgIzLlr_qWPYyC2UL4zB2yLYWvqpn-PQ&oe=6A11339F","https://www.instagram.com/edgardgomesoficial/","edgardgomesoficial","https://www.instagram.com/p/DXkyjneEfDp/c/17862739455564831/","3 sem","Ganhou mais 1 seguidor","Responder","","Curtir"
"https://www.instagram.com/dheinhafb/","https://scontent.cdninstagram.com/v/t51.82787-19/587775913_17937872769101429_733314844849969201_n.jpg?stp=dst-jpg_s150x150_tt6&_nc_cat=111&ccb=7-5&_nc_sid=f7ccc5&efg=eyJ2ZW5jb2RlX3RhZyI6InByb2ZpbGVfcGljLnd3dy4xMDgwLkMzIn0%3D&_nc_ohc=gnuiMNIKWloQ7kNvwEoXFiZ&_nc_oc=AdrJuz-Lr4kiZMm-Hbp8txT6F-gq-R-n4ax6MpYnqzWf3VQMEo2bceiqE9IiPCJT9W9X8kBaKFlnR2NwfCnnwEz7&_nc_zt=24&_nc_ht=scontent.cdninstagram.com&_nc_gid=-JxixXgRSlZhaRpiIckqWA&_nc_ss=786a8&oh=00_Af4vo4LFWNgH_iN16iQp5LBsMNOIyFl4yhLPOj222D50Og&oe=6A1128D6","https://www.instagram.com/dheinhafb/","dheinhafb","https://www.instagram.com/p/DXkyjneEfDp/c/17923954563299783/","3 sem","Vou já seguir 😂","Responder","","Curtir"
"https://www.instagram.com/wagao77/","https://scontent.cdninstagram.com/v/t51.2885-19/118824304_186026333055660_1582174153968438473_n.jpg?stp=dst-jpg_s150x150_tt6&_nc_cat=101&ccb=7-5&_nc_sid=f7ccc5&efg=eyJ2ZW5jb2RlX3RhZyI6InByb2ZpbGVfcGljLnd3dy4xMDgwLkMzIn0%3D&_nc_ohc=T4E0F7TR9fcQ7kNvwGPoXC_&_nc_oc=AdqUXD1eZhNu6VT0m8KohODb-QC1RKx3KyjstIQ3BZfMkViKV44xI1UmpUOlNVpjWhAE5UHF2e8L8DgylR0lhQJ3&_nc_zt=24&_nc_ht=scontent.cdninstagram.com&_nc_ss=786a8&oh=00_Af4Y2iEkmkGMbui-yZujspDYpT_WKkFwzTfxRW_KmcB1jw&oe=6A111005","https://www.instagram.com/wagao77/","wagao77","https://www.instagram.com/p/DXkyjneEfDp/c/18411781561195314/","3 sem","Uma rápida passada na página já se vê um monte de fake news. Isso é crime!","Responder","","Curtir"
"https://www.instagram.com/icarobraz4/","https://scontent.cdninstagram.com/v/t51.2885-19/412321834_1029772404800957_7329528392066856749_n.jpg?stp=dst-jpg_s150x150_tt6&_nc_cat=109&ccb=7-5&_nc_sid=f7ccc5&efg=eyJ2ZW5jb2RlX3RhZyI6InByb2ZpbGVfcGljLnd3dy42NDAuQzMifQ%3D%3D&_nc_ohc=3n8ErNAJO3sQ7kNvwEKVNBo&_nc_oc=AdqEkw_j8-k9-_eJXv5T_AHe_Wh-AFFaYQnp5QYickgZZ20vkn7-4nAlYPAh99qmdoSdFfDRmlauv3bm1rlamGjb&_nc_zt=24&_nc_ht=scontent.cdninstagram.com&_nc_ss=786a8&oh=00_Af4cDIOnDlMmaibZNF1NU7i7fk7PbDnn1MIpMgKcXqdNXA&oe=6A111BDE","https://www.instagram.com/icarobraz4/","icarobraz4","https://www.instagram.com/p/DXkyjneEfDp/c/18101194024966245/","3 sem","A verdade dói na extrema-esquerda.","Responder","","Curtir"
"https://www.instagram.com/leandro01p/","https://scontent.cdninstagram.com/v/t51.2885-19/10899366_1540459279541241_822532527_a.jpg?_nc_cat=103&ccb=7-5&_nc_sid=f7ccc5&efg=eyJ2ZW5jb2RlX3RhZyI6InByb2ZpbGVfcGljLnd3dy4xNTAuQzMifQ%3D%3D&_nc_ohc=WM9nsV9QXtUQ7kNvwERvEHp&_nc_oc=AdoVpeCuYMutzy2l3KTkMZ7bo2cVqKsnIpw-_10RZelAm8LPYGiVon3u53Xje81TVlwZf5f6Bs2Me9LU-SsPYLGb&_nc_zt=24&_nc_ht=scontent.cdninstagram.com&_nc_ss=786a8&oh=00_Af45_29kn_KqH3F5VPJb8Bdxs7Yx7NYzOes5_085skzpZw&oe=6A112D94","https://www.instagram.com/leandro01p/","leandro01p","https://www.instagram.com/p/DXkyjneEfDp/c/17882794740397117/","3 sem","Muito muito bom. Parabéns p o criador. Uma nova de comunicação 👏👏👏","Responder","","Curtir"
"https://www.instagram.com/nissy.gs25/","https://scontent.cdninstagram.com/v/t51.82787-19/548526397_17878094514402091_6469756338167716918_n.jpg?stp=dst-jpg_s150x150_tt6&_nc_cat=103&ccb=7-5&_nc_sid=f7ccc5&efg=eyJ2ZW5jb2RlX3RhZyI6InByb2ZpbGVfcGljLnd3dy4xMDgwLkMzIn0%3D&_nc_ohc=Q_sK2IPVgHcQ7kNvwGWiMcg&_nc_oc=AdqS5r-5Nge85YQaF606ptpz8hoMJockX7qHsvQZsH-8rBdaLO3GSAYqvq1yfDd_3D-WOJVv1Ut-xx6ExnqpTTp1&_nc_zt=24&_nc_ht=scontent.cdninstagram.com&_nc_gid=-JxixXgRSlZhaRpiIckqWA&_nc_ss=786a8&oh=00_Af65cdikjamn3BUMBZioyty8Ds4lVWTs5UlmPuU58PcG-w&oe=6A11256F","https://www.instagram.com/nissy.gs25/","nissy.gs25","https://www.instagram.com/p/DXkyjneEfDp/c/17877886689576785/","3 sem","😂😂","Responder","","Curtir"
"https://www.instagram.com/ronniecharlesbezerra/","https://scontent.cdninstagram.com/v/t51.82787-19/517341952_18515120983023343_3422133105858963913_n.jpg?stp=dst-jpg_s150x150_tt6&_nc_cat=105&ccb=7-5&_nc_sid=f7ccc5&efg=eyJ2ZW5jb2RlX3RhZyI6InByb2ZpbGVfcGljLnd3dy4xMDgwLkMzIn0%3D&_nc_ohc=uZgRkHN23xsQ7kNvwFSyU2J&_nc_oc=AdpK6Kv18U_kGS49JbfZaSojAwXuqBwZbgX4wrx0D5B5-Sc6hkz-oEeE3F-pfhlmTiRJ-WEi2ZurC7kAqx2CiDA0&_nc_zt=24&_nc_ht=scontent.cdninstagram.com&_nc_gid=-JxixXgRSlZhaRpiIckqWA&_nc_ss=786a8&oh=00_Af5mvfaroDgcnvl_z6rTCGyMAs1W5tRsTn1N3-FvMtjN4Q&oe=6A110FED","https://www.instagram.com/ronniecharlesbezerra/","ronniecharlesbezerra","https://www.instagram.com/p/DXkyjneEfDp/c/18073411031649771/","3 sem","Preta  POBRE de direita  IA😂😂😂😂","Responder","","Curtir"
"https://www.instagram.com/patriota_bolsonarista/","https://scontent.cdninstagram.com/v/t51.82787-19/626444134_17958745317051041_8945324257090177162_n.jpg?stp=dst-jpg_s150x150_tt6&_nc_cat=106&ccb=7-5&_nc_sid=f7ccc5&efg=eyJ2ZW5jb2RlX3RhZyI6InByb2ZpbGVfcGljLnd3dy4xMDgwLkMzIn0%3D&_nc_ohc=pmgCcd70CxEQ7kNvwF5Bwww&_nc_oc=AdqL_aaRtRedjf3zOBJybP-55ImQJqhxPjtShNaJRo6szyBi19VaYDSv8VZFi33urGeoHKVBqiKRKQg--MtI3Ey7&_nc_zt=24&_nc_ht=scontent.cdninstagram.com&_nc_gid=-JxixXgRSlZhaRpiIckqWA&_nc_ss=786a8&oh=00_Af7t7jex22FYCgNjX_7_M6ac7cLP7Bx53fuaksbO4IXsqg&oe=6A113CDE","https://www.instagram.com/patriota_bolsonarista/","patriota_bolsonarista","https://www.instagram.com/p/DXkyjneEfDp/c/17867605551670512/","3 sem","Parabéns  dona Maria","Responder","","Curtir"
"https://www.instagram.com/eduardo.ouverney/","https://scontent.cdninstagram.com/v/t51.2885-19/278443454_509682684117607_8088987446775749516_n.jpg?stp=dst-jpg_s150x150_tt6&_nc_cat=109&ccb=7-5&_nc_sid=f7ccc5&efg=eyJ2ZW5jb2RlX3RhZyI6InByb2ZpbGVfcGljLnd3dy45NTguQzMifQ%3D%3D&_nc_ohc=erw1XH5xRUAQ7kNvwEjI22J&_nc_oc=AdrNRTZ_9G4DfZIJi8kB2h01cJ-NWtBSDsTDy6b6b56u7Uyv9-BB7eilEA28gcTwtcGtk0qjiY0ZGs0LFhdZ2UNd&_nc_zt=24&_nc_ht=scontent.cdninstagram.com&_nc_ss=786a8&oh=00_Af5UnFC-xRRfsDVjEwFjmiMESyPboeMzQC7rtVj93SjBDA&oe=6A113BEB","https://www.instagram.com/eduardo.ouverney/","eduardo.ouverney","https://www.instagram.com/p/DXkyjneEfDp/c/17934302325246344/","3 sem","Última quinta-feira foi 23/04...","Responder","","Curtir"
"https://www.instagram.com/paulos.sc/","https://scontent.cdninstagram.com/v/t51.2885-19/302491720_808457386827079_4534479693785043625_n.jpg?stp=dst-jpg_s150x150_tt6&_nc_cat=109&ccb=7-5&_nc_sid=f7ccc5&efg=eyJ2ZW5jb2RlX3RhZyI6InByb2ZpbGVfcGljLnd3dy4xMDgwLkMzIn0%3D&_nc_ohc=2OohHT8m3q0Q7kNvwFvI55Q&_nc_oc=AdpkTufZyZjKnfMzbVhhNGZigoBWoOHRwWC8pIXULEFoGmVCbW3APZJJY_YIyo7dO5iT_T5l__o0m8MbFZVlQ2vm&_nc_zt=24&_nc_ht=scontent.cdninstagram.com&_nc_ss=786a8&oh=00_Af6G7-zvy7gJXi_usaYDsvuuyf5WEMwup0TdsrcUIjKucw&oe=6A111AA6","https://www.instagram.com/paulos.sc/","paulos.sc","https://www.instagram.com/p/DXkyjneEfDp/c/17970961017043287/","3 sem","Onde tem extrema direita só tem fake news","Responder","","Curtir"
"https://www.instagram.com/estadoparanews/","https://scontent.cdninstagram.com/v/t51.82787-19/632910595_17844946716691340_5806359333950794752_n.jpg?stp=dst-jpg_s150x150_tt6&_nc_cat=102&ccb=7-5&_nc_sid=f7ccc5&efg=eyJ2ZW5jb2RlX3RhZyI6InByb2ZpbGVfcGljLnd3dy4zODMuQzMifQ%3D%3D&_nc_ohc=7thJ_4z9k3AQ7kNvwFT5hlX&_nc_oc=Adovxh47jD0ga04pffOd7XbHAdVlVHUKJkdKW7fEHH_KnJR1jS6L9g2yHOYigDIhvmjB4Blga2QMN0fMKtA14O7C&_nc_zt=24&_nc_ht=scontent.cdninstagram.com&_nc_gid=MRFtoFRDYo5K_8SbBA8fsw&_nc_ss=786a8&oh=00_Af5zc0_vpQk60Zi73zc629I6FASh-hxXltBWMGfZtsK5ww&oe=6A113875","https://www.instagram.com/estadoparanews/","estadoparanews","https://www.instagram.com/p/DXkyjneEfDp/c/18115982140707876/","3 sem","Parabéns  pela honestidade... chorar esquerda corrupt#","Responder","","Curtir"
"https://www.instagram.com/reginaldojesfer/","https://scontent.cdninstagram.com/v/t51.2885-19/471683432_1346669233380091_4962294325829888966_n.jpg?stp=dst-jpg_s150x150_tt6&_nc_cat=103&ccb=7-5&_nc_sid=f7ccc5&efg=eyJ2ZW5jb2RlX3RhZyI6InByb2ZpbGVfcGljLnd3dy4xMDgwLkMzIn0%3D&_nc_ohc=MZcZr8uJ7SEQ7kNvwFSqvjH&_nc_oc=Ado24I_e-BkVrmhyfm8tPTsLsogWlQwoLs5lSbX0EUXez7nQtEY6nEcSf8EW8F552YKwk8c57Qqk-fu_ELoLGAZN&_nc_zt=24&_nc_ht=scontent.cdninstagram.com&_nc_ss=786a8&oh=00_Af4PnYGvnZRBlwt99mOm03lVnnILUGNUOxe1puSPH-4jng&oe=6A1131F5","https://www.instagram.com/reginaldojesfer/","reginaldojesfer","https://www.instagram.com/p/DXkyjneEfDp/c/17984840621986915/","3 sem","O  é muito r1dícul0. Agora vai mandar tirar todos os perfis de sátiras do ar?","Responder","","Curtir"
"https://www.instagram.com/lucianooliv76/","https://scontent.cdninstagram.com/v/t51.75761-19/491897296_17896404375203224_308575465314690261_n.jpg?stp=dst-jpg_s150x150_tt6&_nc_cat=109&ccb=7-5&_nc_sid=f7ccc5&efg=eyJ2ZW5jb2RlX3RhZyI6InByb2ZpbGVfcGljLnd3dy4xMDgwLkMzIn0%3D&_nc_ohc=IzSmD0l2NoIQ7kNvwE6hUh3&_nc_oc=AdqmkiWbfr3UNsZu7HM46-hbwIdCSSOI5_2tGFE0GVZ2Jpxn4TAnqYpldDPmzH9bo4WVmjooaGEoqqdFlRMwHboJ&_nc_zt=24&_nc_ht=scontent.cdninstagram.com&_nc_gid=MRFtoFRDYo5K_8SbBA8fsw&_nc_ss=786a8&oh=00_Af6HF-0WQQ0ETje-Z8L8xcAxqoABrOKrrXCg7zhk31gNcg&oe=6A11195C","https://www.instagram.com/lucianooliv76/","lucianooliv76","https://www.instagram.com/p/DXkyjneEfDp/c/17958382071119419/","3 sem","Se o dono da página só fala a verdade, pq não põe a cara dele no sol ? Mas não né? Tem que criar personagens pra não assumir a sua responsabilidade.","Responder","","Curtir"
"https://www.instagram.com/estadoparanews/","https://scontent.cdninstagram.com/v/t51.82787-19/632910595_17844946716691340_5806359333950794752_n.jpg?stp=dst-jpg_s150x150_tt6&_nc_cat=102&ccb=7-5&_nc_sid=f7ccc5&efg=eyJ2ZW5jb2RlX3RhZyI6InByb2ZpbGVfcGljLnd3dy4zODMuQzMifQ%3D%3D&_nc_ohc=7thJ_4z9k3AQ7kNvwFT5hlX&_nc_oc=Adovxh47jD0ga04pffOd7XbHAdVlVHUKJkdKW7fEHH_KnJR1jS6L9g2yHOYigDIhvmjB4Blga2QMN0fMKtA14O7C&_nc_zt=24&_nc_ht=scontent.cdninstagram.com&_nc_gid=MRFtoFRDYo5K_8SbBA8fsw&_nc_ss=786a8&oh=00_Af5zc0_vpQk60Zi73zc629I6FASh-hxXltBWMGfZtsK5ww&oe=6A113875","https://www.instagram.com/estadoparanews/","estadoparanews","https://www.instagram.com/p/DXkyjneEfDp/c/17991504440977510/","3 sem","PARABÉNS  PELA HONESTIDADE.","Responder","","Curtir"
"https://www.instagram.com/sedomi_70/","https://scontent.cdninstagram.com/v/t51.2885-19/449800468_340434935776413_3794861736027688426_n.jpg?stp=dst-jpg_s150x150_tt6&_nc_cat=108&ccb=7-5&_nc_sid=f7ccc5&efg=eyJ2ZW5jb2RlX3RhZyI6InByb2ZpbGVfcGljLnd3dy4xMDgwLkMzIn0%3D&_nc_ohc=HBtpugcMdQ8Q7kNvwFnE0xe&_nc_oc=AdrGvvj8_mcfJORYzXRasHwYTIYY7V46fp8-ZPYJ_MxHhuOQD7_Ut5IO2ZphfO6quRCCGxJOacZrvD_dITHNOTz_&_nc_zt=24&_nc_ht=scontent.cdninstagram.com&_nc_ss=786a8&oh=00_Af550gDoUmLSoveC-CSdaLz0RasgVed6VcH7B21ymiNsNQ&oe=6A111316","https://www.instagram.com/sedomi_70/","sedomi_70","https://www.instagram.com/p/DXkyjneEfDp/c/18161621239431452/","3 sem","Dona Maria botando o terror a PETRALHADA, eles tem PAVOR da verdade","Responder","","Curtir"
"https://www.instagram.com/leticianikity/","https://scontent.cdninstagram.com/v/t51.2885-19/928058_354889754683040_654786252_a.jpg?_nc_cat=102&ccb=7-5&_nc_sid=f7ccc5&efg=eyJ2ZW5jb2RlX3RhZyI6InByb2ZpbGVfcGljLnd3dy4xNTAuQzMifQ%3D%3D&_nc_ohc=c0I6zorfYWwQ7kNvwE38cUA&_nc_oc=Adqb5oDytA9_QSERXolby0_vnUOsg_Xy-BUH7rgkNkaUEg3sso-Glui1gY_-wdjwzUv2_axayvmjGV_UcxTI19PF&_nc_zt=24&_nc_ht=scontent.cdninstagram.com&_nc_ss=786a8&oh=00_Af7OYLKhsI948-pwPITpauplciWHvlUqXR7uUqrkcH1bZg&oe=6A113FF4","https://www.instagram.com/leticianikity/","leticianikity","https://www.instagram.com/p/DXkyjneEfDp/c/18084560885616573/","3 sem","Dito isso Lula 2026","Responder","","Curtir"
"https://www.instagram.com/marcio_macedo___/","https://scontent.cdninstagram.com/v/t51.82787-19/671088158_18545157208070402_4762568444272952258_n.jpg?stp=dst-jpg_s150x150_tt6&_nc_cat=109&ccb=7-5&_nc_sid=f7ccc5&efg=eyJ2ZW5jb2RlX3RhZyI6InByb2ZpbGVfcGljLnd3dy4xMDgwLkMzIn0%3D&_nc_ohc=qn6NQBX_cMoQ7kNvwEETE79&_nc_oc=Adq-FVJQ6K_sKe-3sLod8mPZDcUaVqBhNAxb76h-YJqxhDFB3a4L1F1MzQzm9BrseVAGSqoq-m8uTBTFyyxMK9EY&_nc_zt=24&_nc_ht=scontent.cdninstagram.com&_nc_gid=MRFtoFRDYo5K_8SbBA8fsw&_nc_ss=786a8&oh=00_Af5y7fhWKU6RibQbohA3PPxwNcviS4T-qYxrvI_T8VBoDg&oe=6A1138D5","https://www.instagram.com/marcio_macedo___/","marcio_macedo___","https://www.instagram.com/p/DXkyjneEfDp/c/17953443884964879/","3 sem","Milhares de páginas no Facebook estão sendo feitas com auxílio de IA, virou uma bagunça, uma nojeira","Responder","","Curtir"
"https://www.instagram.com/flaviorodrigo01/","https://scontent.cdninstagram.com/v/t51.2885-19/10413985_266269970226283_248674158_a.jpg?_nc_cat=105&ccb=7-5&_nc_sid=f7ccc5&efg=eyJ2ZW5jb2RlX3RhZyI6InByb2ZpbGVfcGljLnd3dy4xNTAuQzMifQ%3D%3D&_nc_ohc=n0itgmc5xQ8Q7kNvwEzUKcf&_nc_oc=AdprPFMIBLbAvuzG6sCGt27OAGhEZrQunYiwV5jbjjq5ehGEpIBTX1BrXDGowPB16kKF-NrpB8avJZ9bTvcTgzAI&_nc_zt=24&_nc_ht=scontent.cdninstagram.com&_nc_ss=786a8&oh=00_Af5XZBlmrjwyasd4WaKAMZ8Glfyb9sTkCnN6Xp5BFscc7g&oe=6A111265","https://www.instagram.com/flaviorodrigo01/","flaviorodrigo01","https://www.instagram.com/p/DXkyjneEfDp/c/18190402942371147/","3 sem","Obrigado, agora vou seguir a Dona Maria 😂😂","Responder","","Curtir"
"https://www.instagram.com/jhon3000/","https://scontent.cdninstagram.com/v/t51.2885-19/460601407_543566554803769_7761282249435165909_n.jpg?stp=dst-jpg_s150x150_tt6&_nc_cat=110&ccb=7-5&_nc_sid=f7ccc5&efg=eyJ2ZW5jb2RlX3RhZyI6InByb2ZpbGVfcGljLnd3dy4xMDgwLkMzIn0%3D&_nc_ohc=VcfqfX-yiJIQ7kNvwFxptmZ&_nc_oc=AdoOm_HL-bvVuTFur8yKEKYhzdPj6SvLhaU0LgPaY68A3x26Aexci5S6iiJtrCXDmTnVuidxXdzxV3HrQ6Mvfawm&_nc_zt=24&_nc_ht=scontent.cdninstagram.com&_nc_ss=786a8&oh=00_Af7mqZCIDpiFHjeXN4fFux2iRDDEMcExva2YFDYPTrS5qQ&oe=6A11122D","https://www.instagram.com/jhon3000/","jhon3000","https://www.instagram.com/p/DXkyjneEfDp/c/18097474571321431/","3 sem","Sem fake News a direita não sobrevive, dito isso é tetra!","Responder","","Curtir"
"https://www.instagram.com/danniel_a_f/","https://scontent.cdninstagram.com/v/t51.82787-19/671765916_18585822829049535_5433756842366816234_n.jpg?stp=dst-jpg_s150x150_tt6&_nc_cat=111&ccb=7-5&_nc_sid=f7ccc5&efg=eyJ2ZW5jb2RlX3RhZyI6InByb2ZpbGVfcGljLnd3dy4xMDgwLkMzIn0%3D&_nc_ohc=u_qR7qJgWR4Q7kNvwHiqxKk&_nc_oc=AdrJQs0jm3uPWeBBOdQVJ3_0BiEBILP1YLQO4FpA3nlfRCjbpTE3pCCgrM7faTaZ6EsMvw2eOaIcLuPgzGjJbm_w&_nc_zt=24&_nc_ht=scontent.cdninstagram.com&_nc_gid=MRFtoFRDYo5K_8SbBA8fsw&_nc_ss=786a8&oh=00_Af60V5ot9PaR2FxzcESo89-bXy46hj3jlUGwyPqN1Zh3Cg&oe=6A112630","https://www.instagram.com/danniel_a_f/","danniel_a_f","https://www.instagram.com/p/DXkyjneEfDp/c/18075545009335405/","3 sem","QUEM QUISER SEGUIR 👇🏻","Responder","","Curtir"
"https://www.instagram.com/bell.joseroberto.s.duarte/","https://scontent.cdninstagram.com/v/t51.82787-19/624594716_18555947377052994_3293452787333491837_n.jpg?stp=dst-jpg_s150x150_tt6&_nc_cat=109&ccb=7-5&_nc_sid=f7ccc5&efg=eyJ2ZW5jb2RlX3RhZyI6InByb2ZpbGVfcGljLnd3dy4xMDgwLkMzIn0%3D&_nc_ohc=tKZrKB1y3KYQ7kNvwEeP70-&_nc_oc=Adq5AGeotjc1xXfoheC0ttNxXx5Gu_Ouu6t2KNhxgC-ETuNRoyUDlVZqPR-BrnPaFeHzPn5KUyO86Ac0lncKoZD0&_nc_zt=24&_nc_ht=scontent.cdninstagram.com&_nc_gid=MRFtoFRDYo5K_8SbBA8fsw&_nc_ss=786a8&oh=00_Af57FEm81uw8MmvIOmMDvM7MCRrp7dHY91WQPBbLYwx3tg&oe=6A11119D","https://www.instagram.com/bell.joseroberto.s.duarte/","bell.joseroberto.s.duarte","https://www.instagram.com/p/DXkyjneEfDp/c/18408075697199302/","3 sem","","Responder","","Curtir"
"https://www.instagram.com/edsonseninha/","https://scontent.cdninstagram.com/v/t51.2885-19/322971618_1161985341092901_3712601311791654925_n.jpg?stp=dst-jpg_s150x150_tt6&_nc_cat=103&ccb=7-5&_nc_sid=f7ccc5&efg=eyJ2ZW5jb2RlX3RhZyI6InByb2ZpbGVfcGljLnd3dy43NjguQzMifQ%3D%3D&_nc_ohc=jytt1KQKPGIQ7kNvwFdA3VY&_nc_oc=AdpVyVPHEDPs09M7uVAdJ0lZkuSwIDTZwMdIOfScBui_OXoFFa_WBP2T0qecFgfau2DTfpui_L0-QsFvSmPm7sDu&_nc_zt=24&_nc_ht=scontent.cdninstagram.com&_nc_ss=786a8&oh=00_Af5YWILaBsLL4KRrTJN-nfblxtXthVOS9ze8fZowlBcJNg&oe=6A113A15","https://www.instagram.com/edsonseninha/","edsonseninha","https://www.instagram.com/p/DXkyjneEfDp/c/18092311271460540/","3 sem","Os bolsoloides estão criticando o guga por mencionar que a página publica faknews. Imagina os filhos ou outras crianças convivendo com pessoas que usam mentiras para cometer crimes, elas terão um grande potencial de ser criminosas.","Responder","","Curtir"
"https://www.instagram.com/yurixng.7/","https://scontent.cdninstagram.com/v/t51.82787-19/531288811_18013128656781099_4556135044138093016_n.jpg?stp=dst-jpg_s150x150_tt6&_nc_cat=106&ccb=7-5&_nc_sid=f7ccc5&efg=eyJ2ZW5jb2RlX3RhZyI6InByb2ZpbGVfcGljLnd3dy4xMDgwLkMzIn0%3D&_nc_ohc=eUHEp6BoPdAQ7kNvwE2ydOL&_nc_oc=AdrgwOfmwGw98LD654SjAOzDQrC5vaxHyEXPcgIQHn-d5IDDC_3Fp1M_8sHFd1SadmyCk3CIbcPVaB1dfNWNLgXL&_nc_zt=24&_nc_ht=scontent.cdninstagram.com&_nc_gid=MRFtoFRDYo5K_8SbBA8fsw&_nc_ss=786a8&oh=00_Af7e54RO-GnWiRD-nFN90QIWn02mUDXadD1gPa9Zqj6Crg&oe=6A11316B","https://www.instagram.com/yurixng.7/","yurixng.7","https://www.instagram.com/p/DXkyjneEfDp/c/18200562178355176/","3 sem","Se fosse de esquerda atacando a direita... Nada aconteceria, e sabemos muito bem disso","Responder","","Curtir"
"https://www.instagram.com/jac.volpi/","https://scontent.cdninstagram.com/v/t51.2885-19/273197370_244631034535985_8405353406105812442_n.jpg?stp=dst-jpg_s150x150_tt6&_nc_cat=109&ccb=7-5&_nc_sid=f7ccc5&efg=eyJ2ZW5jb2RlX3RhZyI6InByb2ZpbGVfcGljLnd3dy4xMDgwLkMzIn0%3D&_nc_ohc=jtrv-1ZBIVAQ7kNvwEVMeYM&_nc_oc=AdroMxQiMHTsjIgWHirt01d5lxct5I_WDWNB05jsk9Hvz8aK3Gta1mc3fTonQmjXxXs-rjLa3TALFayYSBkUFcC1&_nc_zt=24&_nc_ht=scontent.cdninstagram.com&_nc_ss=786a8&oh=00_Af50Ed8HBz1llTSKoEyuEXFO26VhT-Not2QQuBCeyoeYDA&oe=6A113FAE","https://www.instagram.com/jac.volpi/","jac.volpi","https://www.instagram.com/p/DXkyjneEfDp/c/17964350346063549/","3 sem","Só burro segue IA. Dá pra entender o nicho que o safàdo decidiu lucrar em cima.","Responder","","Curtir"
"https://www.instagram.com/wellington_duda/","https://scontent.cdninstagram.com/v/t51.82787-19/671811042_18571903573054057_2426590288870961312_n.jpg?stp=dst-jpg_s150x150_tt6&_nc_cat=101&ccb=7-5&_nc_sid=f7ccc5&efg=eyJ2ZW5jb2RlX3RhZyI6InByb2ZpbGVfcGljLnd3dy45ODIuQzMifQ%3D%3D&_nc_ohc=sx8x4E68JccQ7kNvwFM9-Q1&_nc_oc=Adoo1dC-8ItMSjoK5gBY20eyzKBqU2K-2cBSEH-OrsqYKTsw7vPCZpNfuJx3j9m0P0zb4ElvMRQrMdsbVencAtPA&_nc_zt=24&_nc_ht=scontent.cdninstagram.com&_nc_gid=ge0_pFbdkWOn0TACSpOWSw&_nc_ss=786a8&oh=00_Af70Mfj6-b660xAc5pOqvLmTJohGnV1cse-dzalWi81ESw&oe=6A1122E9","https://www.instagram.com/wellington_duda/","wellington_duda","https://www.instagram.com/p/DXkyjneEfDp/c/18078183866168061/","3 sem","Só petista vagabundo acha que os desmandos da quadrilha do PT é fake news. Vocês não passam de uns vermes, filhos da puta.","Responder","","Curtir"
"https://www.instagram.com/rodriguestiago7/","https://scontent.cdninstagram.com/v/t51.82787-19/669654518_17933291322230688_6351280366700256693_n.jpg?stp=dst-jpg_s150x150_tt6&_nc_cat=104&ccb=7-5&_nc_sid=f7ccc5&efg=eyJ2ZW5jb2RlX3RhZyI6InByb2ZpbGVfcGljLnd3dy4xMDgwLkMzIn0%3D&_nc_ohc=8dO11lzlI00Q7kNvwGaXGfu&_nc_oc=Adq_iesKvGLOLx3AM7NLcX0shqQNOAaATzQyaMiycfJfmGR5nEiui2J6D1z6qBneopsjI2eLTP3ipqz6lX_plJAN&_nc_zt=24&_nc_ht=scontent.cdninstagram.com&_nc_gid=ge0_pFbdkWOn0TACSpOWSw&_nc_ss=786a8&oh=00_Af4NKdpYY66ux12TuI33N1grDNQnLnZ11DVrvIeNVlR6nw&oe=6A11370F","https://www.instagram.com/rodriguestiago7/","rodriguestiago7","https://www.instagram.com/p/DXkyjneEfDp/c/18447273562119165/","3 sem","Sejam todos bem-vindos a democracia petista. Governo do Amor  kkkkkkkkk","Responder","","Curtir"
"https://www.instagram.com/rodrigocortat/","https://scontent.cdninstagram.com/v/t51.82787-19/617325267_18559993711010256_8803116119479921478_n.jpg?stp=dst-jpg_s150x150_tt6&_nc_cat=100&ccb=7-5&_nc_sid=f7ccc5&efg=eyJ2ZW5jb2RlX3RhZyI6InByb2ZpbGVfcGljLnd3dy4xMDgwLkMzIn0%3D&_nc_ohc=Rw_7EkKuDN8Q7kNvwGHl2ke&_nc_oc=AdqT4oukRCZ6n2jL2sADJiir6ODRt_mtk61xPwlCIz84VP5a7xr2ds7OgzrB7H7vxHacZLae9_ncuSDCM7X_QvZ-&_nc_zt=24&_nc_ht=scontent.cdninstagram.com&_nc_gid=ge0_pFbdkWOn0TACSpOWSw&_nc_ss=786a8&oh=00_Af69PFLj8QQTYGvSX-fTxcAHQipUvcXulAM8EvELR85U4g&oe=6A1144B7","https://www.instagram.com/rodrigocortat/","rodrigocortat","https://www.instagram.com/p/DXkyjneEfDp/c/17886373203476125/","3 sem","Muito na cara que isso é IA né 😂","Responder","","Curtir"
"https://www.instagram.com/micael_g.s/","https://scontent.cdninstagram.com/v/t51.2885-19/489863414_1710372463239587_1291446124756125338_n.jpg?stp=dst-jpg_s150x150_tt6&_nc_cat=107&ccb=7-5&_nc_sid=f7ccc5&efg=eyJ2ZW5jb2RlX3RhZyI6InByb2ZpbGVfcGljLnd3dy4xMDgwLkMzIn0%3D&_nc_ohc=I-6-Op4sC_oQ7kNvwFLl75z&_nc_oc=Adq5GrgO4EUwAaPQjYoxFG6sXtgSc4b4V3pWNAfWIA-_pwAXoZ52TREeWLNrfwXZo4pp078oV7mcexYU-6kuT4CL&_nc_zt=24&_nc_ht=scontent.cdninstagram.com&_nc_ss=786a8&oh=00_Af4A4zC8d0QGxkQiPKnQD4n11uFEX_7iv7zddUoWQwPRUQ&oe=6A111A3C","https://www.instagram.com/micael_g.s/","micael_g.s","https://www.instagram.com/p/DXkyjneEfDp/c/18007453556716362/","3 sem","Fala da direita envolvida no banco Master","Responder","","Curtir"
"https://www.instagram.com/loony_xe/","https://scontent.cdninstagram.com/v/t51.82787-19/609677468_18416259232184531_3782330916232683394_n.jpg?stp=dst-jpg_s150x150_tt6&_nc_cat=108&ccb=7-5&_nc_sid=f7ccc5&efg=eyJ2ZW5jb2RlX3RhZyI6InByb2ZpbGVfcGljLnd3dy4xMDgwLkMzIn0%3D&_nc_ohc=rDDrnErTfacQ7kNvwEbuIq6&_nc_oc=AdrNjRtM_d9jWI2QrbUXcytv2UEnmtBauTgsgoBEs85jGcJTex3BTIGSe7kwkqufhOJ7E9n9pK_TRO1CPfSFvXsN&_nc_zt=24&_nc_ht=scontent.cdninstagram.com&_nc_gid=ge0_pFbdkWOn0TACSpOWSw&_nc_ss=786a8&oh=00_Af650ILG_6Ctpk4Dgl8nfHw8hOVU9bR_qDwTJJRIC4_N4Q&oe=6A11213B","https://www.instagram.com/loony_xe/","loony_xe","https://www.instagram.com/p/DXkyjneEfDp/c/18049311794732926/","3 sem","sinceramente eu acho errado uma pessoa dar a sua opinião através de uma mídia que não é ""ele"",se é a opinião dele pq não mostra o rosto?eu pessoalmente acho isso bem estranho","Responder","","Curtir"
"https://www.instagram.com/elaine.antunes1976/","https://scontent.cdninstagram.com/v/t51.82787-19/689290294_18104022781966669_8673711474543875149_n.jpg?stp=dst-jpg_s150x150_tt6&_nc_cat=107&ccb=7-5&_nc_sid=f7ccc5&efg=eyJ2ZW5jb2RlX3RhZyI6InByb2ZpbGVfcGljLnd3dy4xMDgwLkMzIn0%3D&_nc_ohc=_ZiGMYNrYSsQ7kNvwFrv1ug&_nc_oc=AdqdmCrR0ztO7lU8HYOBmAEesC16py1AvEJBC1ic-FlqQlqwfTTnBebbr7UVbSgldtx6GVAbt6QzzMAcfDI5UHdj&_nc_zt=24&_nc_ht=scontent.cdninstagram.com&_nc_gid=ge0_pFbdkWOn0TACSpOWSw&_nc_ss=786a8&oh=00_Af71j7Bxxh7TLPzcPkP8pH8Fd6CgHgnA6ZEE_PFLvscA0w&oe=6A1113E7","https://www.instagram.com/elaine.antunes1976/","elaine.antunes1976","https://www.instagram.com/p/DXkyjneEfDp/c/18101785471954547/","3 sem","Podres","Responder","","Curtir"
"https://www.instagram.com/tersandra12/","https://scontent.cdninstagram.com/v/t51.82787-19/696640510_18590579860036332_216518328436902548_n.jpg?stp=dst-jpg_s150x150_tt6&_nc_cat=105&ccb=7-5&_nc_sid=f7ccc5&efg=eyJ2ZW5jb2RlX3RhZyI6InByb2ZpbGVfcGljLnd3dy4xMDc5LkMzIn0%3D&_nc_ohc=dcXo-Zwihp4Q7kNvwFtCzHQ&_nc_oc=Adq_wbHqWLoEBarqD17z3rnL0eAsHoOuYItY7h0fAE-vdbiL-NM-rFp_rzbKk2tGRgzepojUFsoB5DzlvXFy3ZTi&_nc_zt=24&_nc_ht=scontent.cdninstagram.com&_nc_gid=ge0_pFbdkWOn0TACSpOWSw&_nc_ss=786a8&oh=00_Af7m4NvqeRJVmchIv0O6SQ-4ZlWJhjNSyt7QO4D7gVn8IA&oe=6A111D5E","https://www.instagram.com/tersandra12/","tersandra12","https://www.instagram.com/p/DXkyjneEfDp/c/18088813289594853/","3 sem","Credo q horror","Responder","","Curtir"
"https://www.instagram.com/erickgalhano/","https://scontent.cdninstagram.com/v/t51.2885-19/472037380_2007415036337140_5753547071370563832_n.jpg?stp=dst-jpg_s150x150_tt6&_nc_cat=106&ccb=7-5&_nc_sid=f7ccc5&efg=eyJ2ZW5jb2RlX3RhZyI6InByb2ZpbGVfcGljLnd3dy4xMDgwLkMzIn0%3D&_nc_ohc=J3Q-uH6haMgQ7kNvwEH4KXM&_nc_oc=Adp5KTSoYpHgzDW0LV_1--gFQCC5zacofc5v8Tj0BKtXGdxvuOMgga8ShwJAEOEHetoJI64exhLu-SqPz0nnQ3Se&_nc_zt=24&_nc_ht=scontent.cdninstagram.com&_nc_ss=786a8&oh=00_Af4EYW8hQEnxB1ySWX5X_NskJcQrKK4REpIZgRZxT_dCYA&oe=6A111526","https://www.instagram.com/erickgalhano/","erickgalhano","https://www.instagram.com/p/DXkyjneEfDp/c/17938829700197171/","3 sem","Se incomoda o PT, eu apoio 😂😂😂","Responder","","Curtir"
"https://www.instagram.com/tersandra12/","https://scontent.cdninstagram.com/v/t51.82787-19/696640510_18590579860036332_216518328436902548_n.jpg?stp=dst-jpg_s150x150_tt6&_nc_cat=105&ccb=7-5&_nc_sid=f7ccc5&efg=eyJ2ZW5jb2RlX3RhZyI6InByb2ZpbGVfcGljLnd3dy4xMDc5LkMzIn0%3D&_nc_ohc=dcXo-Zwihp4Q7kNvwFtCzHQ&_nc_oc=Adq_wbHqWLoEBarqD17z3rnL0eAsHoOuYItY7h0fAE-vdbiL-NM-rFp_rzbKk2tGRgzepojUFsoB5DzlvXFy3ZTi&_nc_zt=24&_nc_ht=scontent.cdninstagram.com&_nc_gid=ge0_pFbdkWOn0TACSpOWSw&_nc_ss=786a8&oh=00_Af7m4NvqeRJVmchIv0O6SQ-4ZlWJhjNSyt7QO4D7gVn8IA&oe=6A111D5E","https://www.instagram.com/tersandra12/","tersandra12","https://www.instagram.com/p/DXkyjneEfDp/c/18002260514864084/","3 sem","Fake news apaga essa pagina TSE","Responder","","Curtir"
"https://www.instagram.com/dmendes_lima/","https://scontent.cdninstagram.com/v/t51.2885-19/368220388_1482828492556034_3151262974834085414_n.jpg?stp=dst-jpg_s150x150_tt6&_nc_cat=100&ccb=7-5&_nc_sid=f7ccc5&efg=eyJ2ZW5jb2RlX3RhZyI6InByb2ZpbGVfcGljLnd3dy44MjguQzMifQ%3D%3D&_nc_ohc=q8yzOkPjl60Q7kNvwGbgXdG&_nc_oc=AdrbCQe5b3dUxahTneh6agrkOJ4Uk3NJ8aASjH6kFcR9cf4m-HOZYdMNi0deuZ5w5H9lkgDdb0Tvoa4DEhfYQdWD&_nc_zt=24&_nc_ht=scontent.cdninstagram.com&_nc_ss=786a8&oh=00_Af6f12u-j1t_Eia-fwoNUqDs506C9TgyvUIbG8XEifuyIw&oe=6A1114FD","https://www.instagram.com/dmendes_lima/","dmendes_lima","https://www.instagram.com/p/DXkyjneEfDp/c/18354992392224018/","3 sem","Kkkk pai da fake news e o capeta, e o Lula e o pai da mentira kkkk cadê a picanha?","Responder","","Curtir"
"https://www.instagram.com/igorthecriator/","https://scontent.cdninstagram.com/v/t51.2885-19/490263266_2347487398953073_6291861293155170485_n.jpg?stp=dst-jpg_s150x150_tt6&_nc_cat=106&ccb=7-5&_nc_sid=f7ccc5&efg=eyJ2ZW5jb2RlX3RhZyI6InByb2ZpbGVfcGljLnd3dy4xMDgwLkMzIn0%3D&_nc_ohc=wOhcKoTosPYQ7kNvwFip0e_&_nc_oc=Adr1vpKHVuWYfUnvWHvd0_1eSxidKaHougCcPfpAiA_E9ZL6mhrht04iwVKmFsMU4qcrYMIraDh-0-O1OO3G0lsI&_nc_zt=24&_nc_ht=scontent.cdninstagram.com&_nc_ss=786a8&oh=00_Af4vHKTMg1OWi84kW1hHbG1ZB_hMbJgWbCVWWnsO8yk0Pw&oe=6A111403","https://www.instagram.com/igorthecriator/","igorthecriator","https://www.instagram.com/p/DXkyjneEfDp/c/18097601729041890/","3 sem","Deepfake sinistro","Responder","","Curtir"
"https://www.instagram.com/_no_papo/","https://scontent.cdninstagram.com/v/t51.82787-19/683888881_17952723570132235_416812127474337158_n.jpg?stp=dst-jpg_s150x150_tt6&_nc_cat=100&ccb=7-5&_nc_sid=f7ccc5&efg=eyJ2ZW5jb2RlX3RhZyI6InByb2ZpbGVfcGljLnd3dy41NTQuQzMifQ%3D%3D&_nc_ohc=iJdfogSyAIAQ7kNvwEUgQqp&_nc_oc=AdoSAGj5P0v-A-e0-Vt6GzAkNx-eVUjCy5bX-kyIa5LXGPL5o37Iw49BkTW5GGh-cur6iy49sRRgNP9inDSgqreG&_nc_zt=24&_nc_ht=scontent.cdninstagram.com&_nc_gid=ge0_pFbdkWOn0TACSpOWSw&_nc_ss=786a8&oh=00_Af7fwVN0GV9oNCTG9Cz0PM7XIbMd45pDKxi8Fn9tWxNOXA&oe=6A11140E","https://www.instagram.com/_no_papo/","_no_papo","https://www.instagram.com/p/DXkyjneEfDp/c/17901372258259916/","3 sem","É por isso que a Internet tem que ter um regulamento, isso é crime...","Responder","","Curtir"
"https://www.instagram.com/crisjoenk/","https://scontent.cdninstagram.com/v/t51.2885-19/455365959_1546400792625619_7526651551233681903_n.jpg?stp=dst-jpg_s150x150_tt6&_nc_cat=110&ccb=7-5&_nc_sid=f7ccc5&efg=eyJ2ZW5jb2RlX3RhZyI6InByb2ZpbGVfcGljLnd3dy4xMDgwLkMzIn0%3D&_nc_ohc=0hVsi_QIwT0Q7kNvwFMWPK9&_nc_oc=Adp_6CExpHVAn25_yu0CVLdufawK0uQC47Nl9AmDV23E2plBxUwbG_AEuiaUPC_5CrLYWNBVnevASJxBykQVVrl1&_nc_zt=24&_nc_ht=scontent.cdninstagram.com&_nc_ss=786a8&oh=00_Af7mCe5OK7ceVSUjw9Z9b13KyAN1xInPP57CPFcjLsBHBA&oe=6A1126D2","https://www.instagram.com/crisjoenk/","crisjoenk","https://www.instagram.com/p/DXkyjneEfDp/c/18086094929617441/","3 sem","Pra cima dina Maria!!👏👏👏👏","Responder","","Curtir"
"https://www.instagram.com/13anaribeiro/","https://scontent.cdninstagram.com/v/t51.2885-19/391379106_899045475127584_8658358044854656660_n.jpg?stp=dst-jpg_s150x150_tt6&_nc_cat=103&ccb=7-5&_nc_sid=f7ccc5&efg=eyJ2ZW5jb2RlX3RhZyI6InByb2ZpbGVfcGljLnd3dy43MTkuQzMifQ%3D%3D&_nc_ohc=Xhf9B_LDu_kQ7kNvwEEQD3e&_nc_oc=AdpkqLte5RRSStRH0YIGKmOmyK5KNMesHyUBE3RU24udjoN0_OBAsRWT3dgP3eFeJxuoYIQxF6WsFOcx3lANwbmi&_nc_zt=24&_nc_ht=scontent.cdninstagram.com&_nc_ss=786a8&oh=00_Af5tgistq74eW58fYBavsjm196lFX3JRicR1CLNCB_Ex1g&oe=6A1117E8","https://www.instagram.com/13anaribeiro/","13anaribeiro","https://www.instagram.com/p/DXkyjneEfDp/c/18460348048106877/","3 sem","A imunda extrema direita é uma desgraça","Responder","","Curtir"
"https://www.instagram.com/paulaalmeida1477/","https://scontent.cdninstagram.com/v/t51.82787-19/681182407_17933147235250646_2582696914998830097_n.jpg?stp=dst-jpg_s150x150_tt6&_nc_cat=106&ccb=7-5&_nc_sid=f7ccc5&efg=eyJ2ZW5jb2RlX3RhZyI6InByb2ZpbGVfcGljLnd3dy4xMDgwLkMzIn0%3D&_nc_ohc=tjgth2iS8tEQ7kNvwG7fVnd&_nc_oc=Adq5cYcibbBk0JrL8kAog1ROM24kdP5IdVuPy9XspniiUhRZVo874Dx8n6kfxPgnYnfiA4jB_CP2ud_DqNxi45PD&_nc_zt=24&_nc_ht=scontent.cdninstagram.com&_nc_gid=qFHnYQRFw9anz1CApCngrA&_nc_ss=786a8&oh=00_Af5BbJecYS-IseSztXNyteNCodTM4x1iiY3nZ-MdaE0hoA&oe=6A112A0D","https://www.instagram.com/paulaalmeida1477/","paulaalmeida1477","https://www.instagram.com/p/DXkyjneEfDp/c/18031215686800066/","3 sem","Lula acabou 😂😂😂😂","Responder","","Curtir"
"https://www.instagram.com/marcondesmorais/","https://scontent.cdninstagram.com/v/t51.2885-19/123144100_4542418049165568_4378541493240243579_n.jpg?stp=dst-jpg_s150x150_tt6&_nc_cat=100&ccb=7-5&_nc_sid=f7ccc5&efg=eyJ2ZW5jb2RlX3RhZyI6InByb2ZpbGVfcGljLnd3dy41OTUuQzMifQ%3D%3D&_nc_ohc=QLHi-AdvfDkQ7kNvwGSVRT0&_nc_oc=AdrrZ2ZTAsQShZ59qFe9bSyVD5AKjbA7znZGFzXy567abWGVHYlpd2p8SwEOgT_Jnxs3tYbxVG3gYek5lAkbbsuW&_nc_zt=24&_nc_ht=scontent.cdninstagram.com&_nc_ss=786a8&oh=00_Af7rHYOw14tPGcHC2qQdCvsoeKJfkvHnVXuscYEP0wemKw&oe=6A111DE8","https://www.instagram.com/marcondesmorais/","marcondesmorais","https://www.instagram.com/p/DXkyjneEfDp/c/18138872794519991/","3 sem","Se encomodou a esquerda é porque verdades firam ditas👏👏👏👏👏","Responder","","Curtir"
"https://www.instagram.com/jamisonraiol/","https://scontent.cdninstagram.com/v/t51.2885-19/476848060_630087612750770_3374731787274592521_n.jpg?stp=dst-jpg_s150x150_tt6&_nc_cat=104&ccb=7-5&_nc_sid=f7ccc5&efg=eyJ2ZW5jb2RlX3RhZyI6InByb2ZpbGVfcGljLnd3dy4xMDgwLkMzIn0%3D&_nc_ohc=9ya2SLFpBhYQ7kNvwGBjT50&_nc_oc=AdraeVL_XmWPrn1RdcSl4kwXIIqmPnrfCKOwuiUYnHpXVDU0-e5Xda9H5bSnjy_e_LPur3HQU-gOyQIbokUhBovD&_nc_zt=24&_nc_ht=scontent.cdninstagram.com&_nc_ss=786a8&oh=00_Af6NRi5y_XT9RgXbHIBap_-WScvbyEP6QexoheJBGh9yHA&oe=6A113FDA","https://www.instagram.com/jamisonraiol/","jamisonraiol","https://www.instagram.com/p/DXkyjneEfDp/c/18344771470244161/","3 sem","😂😂😂","Responder","","Curtir"
"https://www.instagram.com/robertoperes429/","https://scontent.cdninstagram.com/v/t51.82787-19/519362238_17911041333176290_7709453850663192975_n.jpg?stp=dst-jpg_s150x150_tt6&_nc_cat=109&ccb=7-5&_nc_sid=f7ccc5&efg=eyJ2ZW5jb2RlX3RhZyI6InByb2ZpbGVfcGljLnd3dy43MjAuQzMifQ%3D%3D&_nc_ohc=mTeqpmE3wykQ7kNvwGiw0nD&_nc_oc=Adr_IVf4VQEN-XKA2bVnwfnlsDfx5LdEqfV8Muev6PtsgCDwr36R9BvoVInQhgMw2-W09lvCoid7MP13oqgmQumD&_nc_zt=24&_nc_ht=scontent.cdninstagram.com&_nc_gid=qFHnYQRFw9anz1CApCngrA&_nc_ss=786a8&oh=00_Af4qbHAgdqXMfJqaylLqIefHPo_gA1zKozesLJJmEAGp2Q&oe=6A11116A","https://www.instagram.com/robertoperes429/","robertoperes429","https://www.instagram.com/p/DXkyjneEfDp/c/17963948061064379/","3 sem","Fake News!!","Responder","","Curtir"
"https://www.instagram.com/lucianamariasouza/","https://scontent.cdninstagram.com/v/t51.82787-19/610587382_18550860703048301_2134060549187631546_n.jpg?stp=dst-jpg_s150x150_tt6&_nc_cat=109&ccb=7-5&_nc_sid=f7ccc5&efg=eyJ2ZW5jb2RlX3RhZyI6InByb2ZpbGVfcGljLnd3dy4xMDgwLkMzIn0%3D&_nc_ohc=AcoZz1F3IbAQ7kNvwGKnx41&_nc_oc=AdpSx_j65kWNy3FD5FIJLwrtQ_aJCFpLsMwzaquzm4rwGHl7WnduVFTaZtngxj2G1YV5H0md2Dq1P6k-XwPsfZ9m&_nc_zt=24&_nc_ht=scontent.cdninstagram.com&_nc_gid=qFHnYQRFw9anz1CApCngrA&_nc_ss=786a8&oh=00_Af66Qyzk3DrUSDm22sZd2OZ50tudSxl8RPsaXnXDaEOhhg&oe=6A111B0A","https://www.instagram.com/lucianamariasouza/","lucianamariasouza","https://www.instagram.com/p/DXkyjneEfDp/c/17967389052028346/","3 sem","O PT está em desespero 😂😂😂😂😂😂","Responder","","Curtir"
"https://www.instagram.com/maximiniano3470/","https://scontent.cdninstagram.com/v/t51.82787-19/701369467_18547593193069720_8161013572786277839_n.jpg?stp=dst-jpg_s150x150_tt6&_nc_cat=111&ccb=7-5&_nc_sid=f7ccc5&efg=eyJ2ZW5jb2RlX3RhZyI6InByb2ZpbGVfcGljLnd3dy4xMDgwLkMzIn0%3D&_nc_ohc=6E8oRnkGVOYQ7kNvwGyPrqv&_nc_oc=AdrOlIp1N65f9SEq1i-LDQyY4wCv7g0nKYsOtARJuslD3xH09nKs2sYD9_m0r8Y-M_MHiaoJk4PCE7PXKgJ0a88w&_nc_zt=24&_nc_ht=scontent.cdninstagram.com&_nc_gid=qFHnYQRFw9anz1CApCngrA&_nc_ss=786a8&oh=00_Af6Cun5HMfafu9ZmY-90w7MFgADFIlHQNk2CAdOlkGmW2A&oe=6A1142D1","https://www.instagram.com/maximiniano3470/","maximiniano3470","https://www.instagram.com/p/DXkyjneEfDp/c/17952257997129481/","3 sem","Da lhe dona Maria 👏👏","Responder","","Curtir"
"https://www.instagram.com/maximiniano3470/","https://scontent.cdninstagram.com/v/t51.82787-19/701369467_18547593193069720_8161013572786277839_n.jpg?stp=dst-jpg_s150x150_tt6&_nc_cat=111&ccb=7-5&_nc_sid=f7ccc5&efg=eyJ2ZW5jb2RlX3RhZyI6InByb2ZpbGVfcGljLnd3dy4xMDgwLkMzIn0%3D&_nc_ohc=6E8oRnkGVOYQ7kNvwGyPrqv&_nc_oc=AdrOlIp1N65f9SEq1i-LDQyY4wCv7g0nKYsOtARJuslD3xH09nKs2sYD9_m0r8Y-M_MHiaoJk4PCE7PXKgJ0a88w&_nc_zt=24&_nc_ht=scontent.cdninstagram.com&_nc_gid=qFHnYQRFw9anz1CApCngrA&_nc_ss=786a8&oh=00_Af6Cun5HMfafu9ZmY-90w7MFgADFIlHQNk2CAdOlkGmW2A&oe=6A1142D1","https://www.instagram.com/maximiniano3470/","maximiniano3470","https://www.instagram.com/p/DXkyjneEfDp/c/18547356565068342/","3 sem","Como sempre eles esses partidos pilantras","Responder","","Curtir"
"https://www.instagram.com/ana.paulao/","https://scontent.cdninstagram.com/v/t51.82787-19/648655252_18426004711139929_6170378109910424712_n.jpg?stp=dst-jpg_s150x150_tt6&_nc_cat=102&ccb=7-5&_nc_sid=f7ccc5&efg=eyJ2ZW5jb2RlX3RhZyI6InByb2ZpbGVfcGljLnd3dy4xMDY4LkMzIn0%3D&_nc_ohc=5RKt5iBq7PIQ7kNvwEdBGYb&_nc_oc=AdpmQS8K64AZPBq3kJeOHnnFfjerzv-hw7PvzhH8tvqinneaBt425ElKrITxAr2Wmind9sNqbtvSGWtXWQI7SjG8&_nc_zt=24&_nc_ht=scontent.cdninstagram.com&_nc_gid=qFHnYQRFw9anz1CApCngrA&_nc_ss=786a8&oh=00_Af7HiWjZa1UvFqfSn5BmbMcjzwQ1ucOXZpxehZWSJsLMXw&oe=6A112B8F","https://www.instagram.com/ana.paulao/","ana.paulao","https://www.instagram.com/p/DXkyjneEfDp/c/18003047561871677/","3 sem","Se tirar a mentira da Direita não sobra nada. ... Igual nas manifestações , qualquer um que você perguntar mas manifestações de direita , eles respondem como robô , estou aqui contra o judiciário pela liberdade de expressão estamos vivendo em uma ditadura😂😂😂😂OXiiii como assim vivendo em uma ditadura ? Andando pra lá e pra cá , contanto fakenews , dando bravatas , destilando ódio , disseminado fakenews sem verificar a verdade . Que preguiça","Responder","","Curtir"
"https://www.instagram.com/cairo_silva1820/","https://scontent.cdninstagram.com/v/t51.82787-19/590430621_18492610867075437_8412944132980055243_n.jpg?stp=dst-jpg_s150x150_tt6&_nc_cat=103&ccb=7-5&_nc_sid=f7ccc5&efg=eyJ2ZW5jb2RlX3RhZyI6InByb2ZpbGVfcGljLnd3dy4xMDgwLkMzIn0%3D&_nc_ohc=DhguAn4pskIQ7kNvwH7dA2X&_nc_oc=Adon6g3GS0A_Zu91zEbGtd041xwdX8DuUvh04OzdEzqexr1_b1qShX7-JxFyNUbHylHOBGg_RfxbhkA60mJ-ChRd&_nc_zt=24&_nc_ht=scontent.cdninstagram.com&_nc_gid=qFHnYQRFw9anz1CApCngrA&_nc_ss=786a8&oh=00_Af43gXVayF5-P3jcJttLCFG9seLudWOcapM1l0VvGqxw8g&oe=6A111F87","https://www.instagram.com/cairo_silva1820/","cairo_silva1820","https://www.instagram.com/p/DXkyjneEfDp/c/18024454382645344/","3 sem","2️⃣2️⃣🇧🇷🇧🇷🇧🇷🇧🇷🇧🇷🇧🇷🇧🇷🇧🇷🇧🇷🇧🇷🇧🇷🇧🇷🇧🇷🇧🇷🇧🇷🇧🇷🇧🇷🇧🇷","Responder","","Curtir"
"https://www.instagram.com/flavio_pinheiro_reis/","https://scontent.cdninstagram.com/v/t51.82787-19/627689846_18513898321070512_8315502467352456859_n.jpg?stp=dst-jpg_s150x150_tt6&_nc_cat=109&ccb=7-5&_nc_sid=f7ccc5&efg=eyJ2ZW5jb2RlX3RhZyI6InByb2ZpbGVfcGljLnd3dy4xMDgwLkMzIn0%3D&_nc_ohc=0GlPCJ28Gc8Q7kNvwHone93&_nc_oc=AdpMspbgYKC7X7lZxU9evCWAFEiOPn6aLbatK1NNk2Ww1N-qqX1o7WWMyEZ-hUtEraH6tM20C6SdnKUdK27p7r65&_nc_zt=24&_nc_ht=scontent.cdninstagram.com&_nc_gid=NrRjmsn-0Rl5Bw5YvEtk1g&_nc_ss=786a8&oh=00_Af4jxFNAyYFefzTGdxiGgtAmWxIl9adVcVItUJW6jmOpZw&oe=6A114615","https://www.instagram.com/flavio_pinheiro_reis/","flavio_pinheiro_reis","https://www.instagram.com/p/DXkyjneEfDp/c/17993272421958152/","3 sem","Sem desinformação, a direita não sobrevive","Responder","","Curtir"
"https://www.instagram.com/patekoficial_/","https://scontent.cdninstagram.com/v/t51.2885-19/473810616_2028050314369715_887103373410899496_n.jpg?stp=dst-jpg_s150x150_tt6&_nc_cat=102&ccb=7-5&_nc_sid=f7ccc5&efg=eyJ2ZW5jb2RlX3RhZyI6InByb2ZpbGVfcGljLnd3dy44MjguQzMifQ%3D%3D&_nc_ohc=cyHNiIYQcH0Q7kNvwExKGHX&_nc_oc=AdpVD3a6-mRXMirVJCE43J3IO9eIheI4qtZgQ6HC1sEgtry3Qpmnj9zQz2V7B1RO2wEf9XCHkiOApFFBCfkggVyl&_nc_zt=24&_nc_ht=scontent.cdninstagram.com&_nc_ss=786a8&oh=00_Af6ErtZ7CPh6NUycXwVv4T6SfA32EzIGUMhDO6Z5o8xIAw&oe=6A1123BA","https://www.instagram.com/patekoficial_/","patekoficial_","https://www.instagram.com/p/DXkyjneEfDp/c/17884456209517241/","3 sem","😂😂😂","Responder","","Curtir"
"https://www.instagram.com/uilzamari/","https://scontent.cdninstagram.com/v/t51.82787-19/648193146_17916990351294015_3638051681828571263_n.jpg?stp=dst-jpg_s150x150_tt6&_nc_cat=109&ccb=7-5&_nc_sid=f7ccc5&efg=eyJ2ZW5jb2RlX3RhZyI6InByb2ZpbGVfcGljLnd3dy4xMDgwLkMzIn0%3D&_nc_ohc=OfvjM-IE7FcQ7kNvwEPRncT&_nc_oc=AdqZvQWVX13GTaCytCGNWABDYxdSl3RzbHGQZmKnbtSxjRG8PnB3D3_dneZorOUCsjtGch5aFby0yTGc-bUcU1E5&_nc_zt=24&_nc_ht=scontent.cdninstagram.com&_nc_gid=NrRjmsn-0Rl5Bw5YvEtk1g&_nc_ss=786a8&oh=00_Af504Eb6jAHfPA-25QPg3xcZYbwoMiikNH4YEJPdEq5EJg&oe=6A1133F9","https://www.instagram.com/uilzamari/","uilzamari","https://www.instagram.com/p/DXkyjneEfDp/c/18071633069391530/","3 sem","Ditadura","Responder","","Curtir"
"https://www.instagram.com/diogenesoliveira75/","https://scontent.cdninstagram.com/v/t51.2885-19/169268692_748524372526161_776181076389336051_n.jpg?stp=dst-jpg_s150x150_tt6&_nc_cat=101&ccb=7-5&_nc_sid=f7ccc5&efg=eyJ2ZW5jb2RlX3RhZyI6InByb2ZpbGVfcGljLnd3dy43MjAuQzMifQ%3D%3D&_nc_ohc=9jIka637RuEQ7kNvwG3etdu&_nc_oc=AdphxtWJ8k7DLHgc9rrMYBuxJTwh4A6ncSCL6BnKDqvmosVlYqpxJeohuOmGc53K6rBqcsiuzij3f8dDIS_LYt-X&_nc_zt=24&_nc_ht=scontent.cdninstagram.com&_nc_ss=786a8&oh=00_Af4wbCqnC9tSYadY_t3Sae1AaXr4GmjdNFoED0yauBR6Ig&oe=6A112637","https://www.instagram.com/diogenesoliveira75/","diogenesoliveira75","https://www.instagram.com/p/DXkyjneEfDp/c/18063869483394831/","3 sem","Falar a verdade do desgoverno é crime. Autoritarismo total no Brasil.","Responder","","Curtir"
"https://www.instagram.com/cesar.o.corretor/","https://scontent.cdninstagram.com/v/t51.82787-19/688222400_18077174579538279_9135555404672324810_n.jpg?stp=dst-jpg_s150x150_tt6&_nc_cat=106&ccb=7-5&_nc_sid=f7ccc5&efg=eyJ2ZW5jb2RlX3RhZyI6InByb2ZpbGVfcGljLnd3dy4xMDgwLkMzIn0%3D&_nc_ohc=O5js5hQ9QKMQ7kNvwFe4N2g&_nc_oc=AdqHe88MAx2gpnppth3JEZrSap1LgNVhJ3aq7yOSBiCw1ZU9vumqRcSLUhatNKrLsdwEj8QfHi5zYZhmJkKFEcAu&_nc_zt=24&_nc_ht=scontent.cdninstagram.com&_nc_gid=NrRjmsn-0Rl5Bw5YvEtk1g&_nc_ss=786a8&oh=00_Af6eYzw2ah0Lg0f5pBDOxC2A7ZCJQRrn4ZYS9b-z81rOMQ&oe=6A112803","https://www.instagram.com/cesar.o.corretor/","cesar.o.corretor","https://www.instagram.com/p/DXkyjneEfDp/c/18112879009801736/","3 sem","Banco MASTER a esquerda não se incomoda","Responder","","Curtir"
"https://www.instagram.com/coritiba_sem_fronteiras/","https://scontent.cdninstagram.com/v/t51.82787-19/531220287_17859169350469761_3352299119080723381_n.jpg?stp=dst-jpg_s150x150_tt6&_nc_cat=111&ccb=7-5&_nc_sid=f7ccc5&efg=eyJ2ZW5jb2RlX3RhZyI6InByb2ZpbGVfcGljLnd3dy4xMDgwLkMzIn0%3D&_nc_ohc=hG2bDxFpeH8Q7kNvwHGIZXi&_nc_oc=Adqz9SctiM_eNmeJwQgDkfKjYAN5Nhc0VRY_VsdZJ0vn2rgw4atcCv7FVaH8oJEgIys-86KDE_i2Axgy_vjX3rgH&_nc_zt=24&_nc_ht=scontent.cdninstagram.com&_nc_gid=NrRjmsn-0Rl5Bw5YvEtk1g&_nc_ss=786a8&oh=00_Af5IZ2jLJ-ZiyJKKVDVXwaPiRY0Pwvt9xw5IS9qU-6HC5w&oe=6A111148","https://www.instagram.com/coritiba_sem_fronteiras/","coritiba_sem_fronteiras","https://www.instagram.com/p/DXkyjneEfDp/c/17868514179669131/","3 sem","Essa IA tá foda, se estiver espalhando notícia falsa cabe sim processar o responsável.","Responder","","Curtir"
"https://www.instagram.com/tonmaia81/","https://scontent.cdninstagram.com/v/t51.2885-19/90636627_226886588694178_2692319078634225664_n.jpg?stp=dst-jpg_s150x150_tt6&_nc_cat=103&ccb=7-5&_nc_sid=f7ccc5&efg=eyJ2ZW5jb2RlX3RhZyI6InByb2ZpbGVfcGljLnd3dy4xMDc2LkMzIn0%3D&_nc_ohc=U9hKdzDU9KYQ7kNvwEVk1pG&_nc_oc=Adqrlz1BVDaGfY_JTG_vYW7DUmP6cUsCdKozW0ZaNlvPhcB0rH4xtazotnE7BzHBpIxY9ylm8avG7oA8hCa0m6oQ&_nc_zt=24&_nc_ht=scontent.cdninstagram.com&_nc_ss=786a8&oh=00_Af6hBtI9WHjTnlwZuGML1LpyFtPNAuyvzmzWb_A9fTwqqg&oe=6A112530","https://www.instagram.com/tonmaia81/","tonmaia81","https://www.instagram.com/p/DXkyjneEfDp/c/17895041235449783/","3 sem","Dona Maria vai derrubar o petê 😂😂😂😂","Responder","","Curtir"
"https://www.instagram.com/wagner_ofic37/","https://scontent.cdninstagram.com/v/t51.82787-19/554683234_18535797559033619_7802214325557383678_n.jpg?stp=dst-jpg_s150x150_tt6&_nc_cat=111&ccb=7-5&_nc_sid=f7ccc5&efg=eyJ2ZW5jb2RlX3RhZyI6InByb2ZpbGVfcGljLnd3dy4xMDgwLkMzIn0%3D&_nc_ohc=_Da69LZtIcgQ7kNvwECOIin&_nc_oc=AdpvgnCFgvWEpk5oPhMEsLebCaUJRzJ_rpQQJ7gWhMM6-OMm50r14x1m_Ot4BzfzAhmfOZOiAzQEn09yhtRXx9DZ&_nc_zt=24&_nc_ht=scontent.cdninstagram.com&_nc_gid=NrRjmsn-0Rl5Bw5YvEtk1g&_nc_ss=786a8&oh=00_Af4dyQ4NdL1zES4cv5yHAXo-GvWbz_47hWGfjPwrZKNQAw&oe=6A113524","https://www.instagram.com/wagner_ofic37/","wagner_ofic37","https://www.instagram.com/p/DXkyjneEfDp/c/18107676256926440/","3 sem","😂😂😂😂😂😂😂","Responder","","Curtir"
"https://www.instagram.com/lucasrodrigues5815/","https://scontent.cdninstagram.com/v/t51.2885-19/462287939_1084435940013910_9166610027269758153_n.jpg?stp=dst-jpg_s150x150_tt6&_nc_cat=101&ccb=7-5&_nc_sid=f7ccc5&efg=eyJ2ZW5jb2RlX3RhZyI6InByb2ZpbGVfcGljLnd3dy4xMDgwLkMzIn0%3D&_nc_ohc=7VWhuZ-rPegQ7kNvwGoVJrU&_nc_oc=AdqzFypSF57bpNN9bVXcuJU5idQWrO39TMAD0OYkXEsf3KkEK687ndEOmIHTWqgu5_2VvZo0ubkl_yvEFOaZ3jyY&_nc_zt=24&_nc_ht=scontent.cdninstagram.com&_nc_ss=786a8&oh=00_Af6ONxSrUc_tFb90Mafmif1s8zRmvrE3nXepAgzeYxNXjg&oe=6A111BFC","https://www.instagram.com/lucasrodrigues5815/","lucasrodrigues5815","https://www.instagram.com/p/DXkyjneEfDp/c/18062333372424278/","3 sem","Esquerdista é retardado mental doutrinado pra defender esses verme corrupto comunista ditador do Lula e sua quadrilha","Responder","","Curtir"
"https://www.instagram.com/silvaartodioo/","https://scontent.cdninstagram.com/v/t51.2885-19/491423776_1333402891251716_1403886416079785533_n.jpg?stp=dst-jpg_s150x150_tt6&_nc_cat=109&ccb=7-5&_nc_sid=f7ccc5&efg=eyJ2ZW5jb2RlX3RhZyI6InByb2ZpbGVfcGljLnd3dy4xMDgwLkMzIn0%3D&_nc_ohc=lxo1SkMcn_cQ7kNvwH7KuT0&_nc_oc=Adrs0G0UQO6UGauAjevUQ6G4pAQYdugnoJfYVNC5ah6kHL5q4Kad4eENzuxdvorcGmEnwFZFK0epgYtLhg-pSeUA&_nc_zt=24&_nc_ht=scontent.cdninstagram.com&_nc_ss=786a8&oh=00_Af4OFOhyEw3mh2ujkbVpgT7OvUWNQnwcc2GWz8tPCNS9WQ&oe=6A111C27","https://www.instagram.com/silvaartodioo/","silvaartodioo","https://www.instagram.com/p/DXkyjneEfDp/c/18011158634851471/","3 sem","Lula não aguenta meio round de debate😂","Responder","","Curtir"
"https://www.instagram.com/renato_rezende26/","https://scontent.cdninstagram.com/v/t51.75761-19/505726723_18514078174050326_8325043709733590526_n.jpg?stp=dst-jpg_s150x150_tt6&_nc_cat=109&ccb=7-5&_nc_sid=f7ccc5&efg=eyJ2ZW5jb2RlX3RhZyI6InByb2ZpbGVfcGljLnd3dy45NjAuQzMifQ%3D%3D&_nc_ohc=6C_Da5B6bHkQ7kNvwEvs-Ld&_nc_oc=AdphNU7yKW7EVWI9j7x88ZUlh8huRm6qdg01xxIzjVbt07XtRi4QnvIwvcVHcP05kZ2OG2LUx5LcYmWnaRw35DYw&_nc_zt=24&_nc_ht=scontent.cdninstagram.com&_nc_gid=NrRjmsn-0Rl5Bw5YvEtk1g&_nc_ss=786a8&oh=00_Af7lTWiaVxdp5quu2JrfvDnyzDXXii2i1PaEznX2Wt9Z2Q&oe=6A110F54","https://www.instagram.com/renato_rezende26/","renato_rezende26","https://www.instagram.com/p/DXkyjneEfDp/c/17961186816111886/","3 sem","Já vou seguir 👏👏👏😂😂😂😂","Responder","","Curtir"
"https://www.instagram.com/shiva7654z/","https://scontent.cdninstagram.com/v/t51.82787-19/659090950_18395329186149856_7876782508762488051_n.jpg?stp=dst-jpg_s150x150_tt6&_nc_cat=105&ccb=7-5&_nc_sid=f7ccc5&efg=eyJ2ZW5jb2RlX3RhZyI6InByb2ZpbGVfcGljLnd3dy4xMDgwLkMzIn0%3D&_nc_ohc=USbYCX_v7Y0Q7kNvwFzHqSS&_nc_oc=AdoSrBbAQL3_YUr7ZuoGYU-NzZ-x1BUaan8bThLXCrSJd0pkH5jLfZfmGOQD89K64AJgE_JyXFfSdyVly5fD09lV&_nc_zt=24&_nc_ht=scontent.cdninstagram.com&_nc_gid=NrRjmsn-0Rl5Bw5YvEtk1g&_nc_ss=786a8&oh=00_Af5MyK80xGLV0YwlXBl8r3Gyf6Equ0eYYZ-6MSLJDAI2Zw&oe=6A1128DD","https://www.instagram.com/shiva7654z/","shiva7654z","https://www.instagram.com/p/DXkyjneEfDp/c/17945286126171228/","3 sem","Caricata a serviço das fake","Responder","","Curtir"
"https://www.instagram.com/alexribeiro.advprev/","https://scontent.cdninstagram.com/v/t51.82787-19/683606784_18175538749401834_4240699525715561030_n.jpg?stp=dst-jpg_s150x150_tt6&_nc_cat=102&ccb=7-5&_nc_sid=f7ccc5&efg=eyJ2ZW5jb2RlX3RhZyI6InByb2ZpbGVfcGljLnd3dy4xMDgwLkMzIn0%3D&_nc_ohc=ZTtlq-IkzeAQ7kNvwHft1jS&_nc_oc=Adr-xQQHBJHZtyc8qc-HAb-2___pU90j4fmYTXguS0T9EWjErJ5BGzLufB3CVxuCJmhDjccuViGzl8PT7ctFPzVS&_nc_zt=24&_nc_ht=scontent.cdninstagram.com&_nc_gid=NrRjmsn-0Rl5Bw5YvEtk1g&_nc_ss=786a8&oh=00_Af4LhkxYompeFvwTZ7GCV0YvjaBIvI02qCejghzEBqNzEg&oe=6A111AD2","https://www.instagram.com/alexribeiro.advprev/","alexribeiro.advprev","https://www.instagram.com/p/DXkyjneEfDp/c/18350842342215443/","3 sem","Vou seguir","Responder","","Curtir"
"https://www.instagram.com/gmlux_13/","https://scontent.cdninstagram.com/v/t51.82787-19/670874657_18009278528891079_6168026750052371488_n.jpg?stp=dst-jpg_s150x150_tt6&_nc_cat=108&ccb=7-5&_nc_sid=f7ccc5&efg=eyJ2ZW5jb2RlX3RhZyI6InByb2ZpbGVfcGljLnd3dy4xMDgwLkMzIn0%3D&_nc_ohc=rZb5_pHLQ6UQ7kNvwE0hNHd&_nc_oc=AdpfzjwsgnWZQ7Bo6a43wK9X0P7cF087pxp89lGZXxAMzmrloNWsGA1fld-sIiEetNeedCNavytWPqPtd7PRXMsy&_nc_zt=24&_nc_ht=scontent.cdninstagram.com&_nc_gid=NrRjmsn-0Rl5Bw5YvEtk1g&_nc_ss=786a8&oh=00_Af7kkrSTfGj4xCtYIBqHMIoRhtuTLuJ0AK5BEzotYezJiQ&oe=6A1145A5","https://www.instagram.com/gmlux_13/","gmlux_13","https://www.instagram.com/p/DXkyjneEfDp/c/18171253135415663/","3 sem","😂😂😂😂","Responder","","Curtir"
"https://www.instagram.com/alessandroalves6048/","https://scontent.cdninstagram.com/v/t51.82787-19/624764988_18335864311243919_5235544687978506145_n.jpg?stp=dst-jpg_s150x150_tt6&_nc_cat=107&ccb=7-5&_nc_sid=f7ccc5&efg=eyJ2ZW5jb2RlX3RhZyI6InByb2ZpbGVfcGljLnd3dy45NzIuQzMifQ%3D%3D&_nc_ohc=DtFizZYE1dEQ7kNvwGVnPEz&_nc_oc=AdpGCTStviMcudk5MLaHJRgc4SJ3EPOy3pYGeCy-CO0kyJVhXuFFfXpUVZpOlgFk74jjSh_feulhOFKO4-Udx9dd&_nc_zt=24&_nc_ht=scontent.cdninstagram.com&_nc_gid=NrRjmsn-0Rl5Bw5YvEtk1g&_nc_ss=786a8&oh=00_Af7MCOGTHDPHmOesOHiqLvWTZdVWc2-U9rVmsxaRWWjEcA&oe=6A11253D","https://www.instagram.com/alessandroalves6048/","alessandroalves6048","https://www.instagram.com/p/DXkyjneEfDp/c/18088698224064350/","3 sem","Atacar o bandido não, mostrar os fatos.","Responder","","Curtir"
"https://www.instagram.com/gus.rost/","https://scontent.cdninstagram.com/v/t51.82787-19/672372933_18463846063102546_3194511733762985784_n.jpg?stp=dst-jpg_s150x150_tt6&_nc_cat=105&ccb=7-5&_nc_sid=f7ccc5&efg=eyJ2ZW5jb2RlX3RhZyI6InByb2ZpbGVfcGljLnd3dy4xMDgwLkMzIn0%3D&_nc_ohc=O9Bm6QFeYn8Q7kNvwHlIIMe&_nc_oc=AdqJMCe4u37_MzmJtF3B_gm6zDRMwvr-GvzoMhvtW2K_HpSa6DqdKuqm-ek3lIluhxEkUPP2XGSO0mdsJjO4hzt_&_nc_zt=24&_nc_ht=scontent.cdninstagram.com&_nc_gid=0RTJ-9D0kTM3uzDhr_-HZQ&_nc_ss=786a8&oh=00_Af5N8AH4LTzqHBV_tnDFqT3HxVcoUk-32WDj8-RPzE4Eog&oe=6A1116E1","https://www.instagram.com/gus.rost/","gus.rost","https://www.instagram.com/p/DXkyjneEfDp/c/18121194691723815/","3 sem","Representar a revolta popular através de uma I.A. agora é crime pq está violando a lei n° 15.456 da cabeça imaginária do cabeça de ovo","Responder","","Curtir"
"https://www.instagram.com/fabiolabreis/","https://scontent.cdninstagram.com/v/t51.82787-19/658355526_18583250404007635_4414565713816321495_n.jpg?stp=dst-jpg_s150x150_tt6&_nc_cat=104&ccb=7-5&_nc_sid=f7ccc5&efg=eyJ2ZW5jb2RlX3RhZyI6InByb2ZpbGVfcGljLnd3dy4xMDgwLkMzIn0%3D&_nc_ohc=Xbh1ywvaO5AQ7kNvwEAajKB&_nc_oc=AdrjNYk_Rr6HABI7qWRpkihNwXVQW9VJjeS_8qZRHjzAyASyCYQLaVNttbb8Or8HAoouM3sXbA3CUGha7a8w1Hau&_nc_zt=24&_nc_ht=scontent.cdninstagram.com&_nc_gid=0RTJ-9D0kTM3uzDhr_-HZQ&_nc_ss=786a8&oh=00_Af6f86KGj_xkzqP4XAD7gRlLXx1Lo8rf2CF5i1s67Xs0AA&oe=6A111A55","https://www.instagram.com/fabiolabreis/","fabiolabreis","https://www.instagram.com/p/DXkyjneEfDp/c/18021992948818982/","3 sem","DIREITA = MENTIRA","Responder","","Curtir"
"https://www.instagram.com/claudiotheofc/","https://scontent.cdninstagram.com/v/t51.89012-19/573323465_1219825463302212_7278921664109726296_n.jpg?stp=dst-jpg_s150x150_tt6&_nc_cat=1&ccb=7-5&_nc_sid=f7ccc5&efg=eyJ2ZW5jb2RlX3RhZyI6InByb2ZpbGVfcGljLnd3dy5DMyJ9&_nc_ohc=_4tC3MUfCWEQ7kNvwE16xtB&_nc_oc=AdqXylCPb_5IssA9ODsJYf_bLhThMeriY6ONIKusdLzJpr1vsqIoiTJtjP_NL9SSZW2g3O67PAO7cn_Q4MnWMlAW&_nc_zt=24&_nc_ht=scontent.cdninstagram.com&_nc_gid=0RTJ-9D0kTM3uzDhr_-HZQ&_nc_ss=786a8&oh=00_Af6jtfoinwsKZUj69e3dmRKCqKAOOHiXmJzwZ1tqqfJSPA&oe=6A113522","https://www.instagram.com/claudiotheofc/","claudiotheofc","https://www.instagram.com/p/DXkyjneEfDp/c/18090385829258532/","3 sem","14 Renan fucking santos","Responder","","Curtir"
"https://www.instagram.com/paulomarapas/","https://scontent.cdninstagram.com/v/t51.2885-19/141691651_503804567257179_6424537867131386772_n.jpg?stp=dst-jpg_s150x150_tt6&_nc_cat=109&ccb=7-5&_nc_sid=f7ccc5&efg=eyJ2ZW5jb2RlX3RhZyI6InByb2ZpbGVfcGljLnd3dy4xMDgwLkMzIn0%3D&_nc_ohc=gjjWuMv9SE8Q7kNvwHyKY0y&_nc_oc=AdrDc7Oq4tJg6XAY3JgPzFGw1V99E0LGUjB1BYmEV_Ga0VPLsUqkc_-RCV2-N8kUrTKxEu9s6ERCbkWUNEUaiTCG&_nc_zt=24&_nc_ht=scontent.cdninstagram.com&_nc_ss=786a8&oh=00_Af7I9FVke1c2Ak6Zt3HKcU-XVEbhYiJOnSfHmr_GfcjrXA&oe=6A114129","https://www.instagram.com/paulomarapas/","paulomarapas","https://www.instagram.com/p/DXkyjneEfDp/c/18011908535902420/","3 sem","A mentira é ferramenta do diabo e do bolsonarismo.","Responder","","Curtir"
"https://www.instagram.com/thi_ramoss/","https://scontent.cdninstagram.com/v/t51.75761-19/502349663_18512510257043620_7208872324343281412_n.jpg?stp=dst-jpg_s150x150_tt6&_nc_cat=103&ccb=7-5&_nc_sid=f7ccc5&efg=eyJ2ZW5jb2RlX3RhZyI6InByb2ZpbGVfcGljLnd3dy4xMDgwLkMzIn0%3D&_nc_ohc=64MQnNphcCsQ7kNvwE_UuxU&_nc_oc=AdqljFm6gvJcYsbO3BZ6D6H6K0tJP1z3gOzs6_MJJysePJSp40biEZ4RrgY287uBcvPA77GZciSARC24QNJJAi0x&_nc_zt=24&_nc_ht=scontent.cdninstagram.com&_nc_gid=0RTJ-9D0kTM3uzDhr_-HZQ&_nc_ss=786a8&oh=00_Af794DhGkieglmfNvXyQ4IkdNarZBEBFxSS4LHvk_vFn4w&oe=6A110E7D","https://www.instagram.com/thi_ramoss/","thi_ramoss","https://www.instagram.com/p/DXkyjneEfDp/c/18083631233167215/","3 sem","Já começa errado com um verme usando a imagem de uma preta pra promover pautas de gente que é contra pretos.","Responder","","Curtir"
"https://www.instagram.com/val.sil3638/","https://scontent.cdninstagram.com/v/t51.2885-19/462246722_392594467232454_4422208224839584954_n.jpg?stp=dst-jpg_s150x150_tt6&_nc_cat=105&ccb=7-5&_nc_sid=f7ccc5&efg=eyJ2ZW5jb2RlX3RhZyI6InByb2ZpbGVfcGljLnd3dy4xMDgwLkMzIn0%3D&_nc_ohc=ksonu6AxKp0Q7kNvwGuscAT&_nc_oc=AdrTcO377yJYKnF85xG-ECBCyoy7DGvVaRQtAcE4hlVjY4tqGTOoyjIi3ZI1TqZVdVoSv0SZ1xS4B_Uk7t0WKh4M&_nc_zt=24&_nc_ht=scontent.cdninstagram.com&_nc_ss=786a8&oh=00_Af7BGrtUp4YX17R9xvOHefzakyZHVsGbwmxxFG0dWctwbg&oe=6A111AEC","https://www.instagram.com/val.sil3638/","val.sil3638","https://www.instagram.com/p/DXkyjneEfDp/c/17912821095378476/","3 sem","Horrível, nojento, baixo, digno de gente mau caráter.","Responder","","Curtir"
"https://www.instagram.com/ocoppollaoficial/","https://scontent.cdninstagram.com/v/t51.2885-19/277904145_724472482297280_2353891451282899519_n.jpg?stp=dst-jpg_s150x150_tt6&_nc_cat=109&ccb=7-5&_nc_sid=f7ccc5&efg=eyJ2ZW5jb2RlX3RhZyI6InByb2ZpbGVfcGljLnd3dy4xMDgwLkMzIn0%3D&_nc_ohc=6Gnvw0S-qKEQ7kNvwHexqIj&_nc_oc=AdodRlw2hRVYJRYvpgiqFfndYYD71Pm9PpapDQR2R2nDYTekSj-DJbYjO7hkJZiMs8GGiCHXEcsx6JmyVCNhgi3o&_nc_zt=24&_nc_ht=scontent.cdninstagram.com&_nc_ss=786a8&oh=00_Af5_PmlIoFSvgB8wJ4s6QnSpdIEKKRO7gCRoT9jA7ZYNEg&oe=6A113AB2","https://www.instagram.com/ocoppollaoficial/","ocoppollaoficial","https://www.instagram.com/p/DXkyjneEfDp/c/18101082889996180/","3 sem","Estão querendo censurar uma mulher preta, nordestina e periférica! CANALHAS! 😂","Responder","","Curtir"
"https://www.instagram.com/ofcluizmariano/","https://scontent.cdninstagram.com/v/t51.2885-19/457747745_888681946452697_6849239577546791084_n.jpg?stp=dst-jpg_s150x150_tt6&_nc_cat=110&ccb=7-5&_nc_sid=f7ccc5&efg=eyJ2ZW5jb2RlX3RhZyI6InByb2ZpbGVfcGljLnd3dy4xMDgwLkMzIn0%3D&_nc_ohc=ZHaPPij4vs8Q7kNvwH0Om9u&_nc_oc=AdpjOUop8rt097hGs4vLSoc1RCM8ImnjevTJ_B2gU3qvmZg12GOHOXo9Un8ooYs_yUinDQZPQdiWO-fNqizRZSfe&_nc_zt=24&_nc_ht=scontent.cdninstagram.com&_nc_ss=786a8&oh=00_Af7NUifr9S5mNzCQZEFE_r2KCMmt8g6A7rmFmQAmrq6c0Q&oe=6A111825","https://www.instagram.com/ofcluizmariano/","ofcluizmariano","https://www.instagram.com/p/DXkyjneEfDp/c/17958410334118874/","3 sem","Ela é minha tia gente 😂😂😂🔥🔥","Responder","","Curtir"
"https://www.instagram.com/victor.junior419/","https://scontent.cdninstagram.com/v/t51.75761-19/509910738_18507644173056523_1669206010157107772_n.jpg?stp=dst-jpg_s150x150_tt6&_nc_cat=100&ccb=7-5&_nc_sid=f7ccc5&efg=eyJ2ZW5jb2RlX3RhZyI6InByb2ZpbGVfcGljLnd3dy4xMDgwLkMzIn0%3D&_nc_ohc=9DV2Adq0noUQ7kNvwEINzSK&_nc_oc=AdqZYecTvwncaon98DSfkluLXJElJH72srUBqHmst4m982nc6EuMeFl4RRGgWBFFIVTYdd5NPwAWObVBqFHaFoXL&_nc_zt=24&_nc_ht=scontent.cdninstagram.com&_nc_gid=PT1I7jXiW2gNq5qAGg-jsQ&_nc_ss=786a8&oh=00_Af7Vudazlvfsjn93ikAhj-FK_vvuBBSST2lbTRfvz6CNaA&oe=6A111EFE","https://www.instagram.com/victor.junior419/","victor.junior419","https://www.instagram.com/p/DXkyjneEfDp/c/18051310223729852/","3 sem","","Responder","","Curtir"
"https://www.instagram.com/leocrsp/","https://scontent.cdninstagram.com/v/t51.2885-19/448159140_804452484992178_4785663829081585519_n.jpg?stp=dst-jpg_s150x150_tt6&_nc_cat=109&ccb=7-5&_nc_sid=f7ccc5&efg=eyJ2ZW5jb2RlX3RhZyI6InByb2ZpbGVfcGljLnd3dy4xMDgwLkMzIn0%3D&_nc_ohc=58jZNVBgSAgQ7kNvwHW10Eh&_nc_oc=AdrqDKlppuGM65lAJ5tQI-4kv4ttQpzlLffowRLeSG0rC8Nw8Tc3Dh_g1vdr4If_L72tQ8muUfkSj0gUilFv1twG&_nc_zt=24&_nc_ht=scontent.cdninstagram.com&_nc_ss=786a8&oh=00_Af5_X_VGcdBWG7wI490JKbg_Jz36y4F_mHxVx81H6HaRiQ&oe=6A1115CA","https://www.instagram.com/leocrsp/","leocrsp","https://www.instagram.com/p/DXkyjneEfDp/c/17926286769101026/","3 sem","Quem faz esse tipo de TEM a que ser responsabilizado! esse tipo de  é coisa da Direita Calhorda Bandida, que rouba aposentados e diz que quem descobre e investiga não faz nada… é da mesma Laia do Bandodo Mor BolsoanroS","Responder","","Curtir"
"https://www.instagram.com/ale_xandre_1978/","https://scontent.cdninstagram.com/v/t51.82787-19/686551819_18072868319656147_8617662342298957691_n.jpg?stp=dst-jpg_s150x150_tt6&_nc_cat=102&ccb=7-5&_nc_sid=f7ccc5&efg=eyJ2ZW5jb2RlX3RhZyI6InByb2ZpbGVfcGljLnd3dy4xMDgwLkMzIn0%3D&_nc_ohc=NuWaaCUXE6IQ7kNvwFr2b7s&_nc_oc=Adof9pQ44Cev-rHBahREeMgqnT6b7tQsKUCbZCvevd3m2PVTQA83NshOYv-oLcRbn2yY7NurvoTMjouAHdYAUthz&_nc_zt=24&_nc_ht=scontent.cdninstagram.com&_nc_gid=PT1I7jXiW2gNq5qAGg-jsQ&_nc_ss=786a8&oh=00_Af4GyWsovfaXOpIu78Pcp8UHftZE-OWwlo9nbvrLtkozgQ&oe=6A111C07","https://www.instagram.com/ale_xandre_1978/","ale_xandre_1978","https://www.instagram.com/p/DXkyjneEfDp/c/18078132539407160/","3 sem","Lula quer ganhar por w.o","Responder","","Curtir"
"https://www.instagram.com/oliveiraoliveirabeto/","https://scontent.cdninstagram.com/v/t51.82787-19/630391772_18131039740521524_1272925542211223803_n.jpg?stp=dst-jpg_s150x150_tt6&_nc_cat=101&ccb=7-5&_nc_sid=f7ccc5&efg=eyJ2ZW5jb2RlX3RhZyI6InByb2ZpbGVfcGljLnd3dy42NjguQzMifQ%3D%3D&_nc_ohc=MVnQKUeMmKQQ7kNvwGrB_2m&_nc_oc=Ado0NDged9dGg2302LNhyz7wzKfdibYYqHENzBMf7_UHA54hwkAHmsn05XUqISwTUeibdQV1YPp-2DVhyti3yMOH&_nc_zt=24&_nc_ht=scontent.cdninstagram.com&_nc_gid=PT1I7jXiW2gNq5qAGg-jsQ&_nc_ss=786a8&oh=00_Af7TI3lE4QPPbb0ThNPebp9mqlUfsvZNuzlUcYJnxjUe-g&oe=6A1132DF","https://www.instagram.com/oliveiraoliveirabeto/","oliveiraoliveirabeto","https://www.instagram.com/p/DXkyjneEfDp/c/18011211914699174/","3 sem","Melhor usar inteligência artificial do que ser facção chamada PT onde entra rouba fora quadrilha do mal","Responder","","Curtir"
"https://www.instagram.com/floripalemos/","https://scontent.cdninstagram.com/v/t51.2885-19/65392398_2238441236233128_3098072825295011840_n.jpg?stp=dst-jpg_s150x150_tt6&_nc_cat=110&ccb=7-5&_nc_sid=f7ccc5&efg=eyJ2ZW5jb2RlX3RhZyI6InByb2ZpbGVfcGljLnd3dy4yODkuQzMifQ%3D%3D&_nc_ohc=wMxD2QNZHnMQ7kNvwFBPxfZ&_nc_oc=Adry_DaWXmIf1O-cw1lGagOUuVmwqDXJcJrS1I2lBP61OUNezAreEVQ8Oc5fj56vbIfybIfF9Xic_Ns77gDgneMc&_nc_zt=24&_nc_ht=scontent.cdninstagram.com&_nc_ss=786a8&oh=00_Af4S6TwOG0GFwOEILERcmoveb2fGeeJMtkMJVVmpoHQtvw&oe=6A111955","https://www.instagram.com/floripalemos/","floripalemos","https://www.instagram.com/p/DXkyjneEfDp/c/17987400917973457/","3 sem","Então em vez de usar IA, bota a cara, vagabundo!","Responder","","Curtir"
"https://www.instagram.com/williamnascimento1200/","https://scontent.cdninstagram.com/v/t51.2885-19/362037313_1007698340426930_1323986513938429906_n.jpg?stp=dst-jpg_s150x150_tt6&_nc_cat=109&ccb=7-5&_nc_sid=f7ccc5&efg=eyJ2ZW5jb2RlX3RhZyI6InByb2ZpbGVfcGljLnd3dy4xMDgwLkMzIn0%3D&_nc_ohc=JbfDOye06tsQ7kNvwGced3Q&_nc_oc=AdrER0JYqgPHNG5THkBmnp53tBpdh1JgVol8wRzXeUoZ_ogqXYg_5RJAN0ZQIIh387bkZjnhrJ1ZqpgSvBw5Xr9C&_nc_zt=24&_nc_ht=scontent.cdninstagram.com&_nc_ss=786a8&oh=00_Af6S5LqiRUYaOhyfcAqVinrLf2v6MY59tQxl2fuDdBO7Dw&oe=6A1127BF","https://www.instagram.com/williamnascimento1200/","williamnascimento1200","https://www.instagram.com/p/DXkyjneEfDp/c/18088578431006281/","3 sem","😂😂😂😂👏👏👏👏","Responder","","Curtir"
"https://www.instagram.com/lidicosta12/","https://scontent.cdninstagram.com/v/t51.2885-19/448213407_784454220468142_5978271126290041644_n.jpg?stp=dst-jpg_s150x150_tt6&_nc_cat=102&ccb=7-5&_nc_sid=f7ccc5&efg=eyJ2ZW5jb2RlX3RhZyI6InByb2ZpbGVfcGljLnd3dy40ODguQzMifQ%3D%3D&_nc_ohc=IC_-_rcemcQQ7kNvwE5pOl7&_nc_oc=AdoVRtGZdUoh-t8_7FOoYOVsnbULJRex8JnIAbU-zoC2nzK3iE3ZlJylCZk3wuopGviOd-J-3223YJzZZEhkCEq6&_nc_zt=24&_nc_ht=scontent.cdninstagram.com&_nc_ss=786a8&oh=00_Af47FyoSQK2ZDXZLcAZGgcGQRdHqHgpAF5yRkAB_8rZ4yg&oe=6A113853","https://www.instagram.com/lidicosta12/","lidicosta12","https://www.instagram.com/p/DXkyjneEfDp/c/18097230257094472/","3 sem","Eles sempre usam uma imagem de uma mulher preta e aparentemente periférica pra falar o que ele querem falar e sempre em tom de ódio. Só não enxerga a manipulação e as fakes quem não quer. É nojento a forma que querem influenciar as votações. Propostas descente? Não! Destilar ódio e mentiras é o negócio 🤢","Responder","","Curtir"
"https://www.instagram.com/ian_hpps/","https://scontent.cdninstagram.com/v/t51.2885-19/394086354_647282340887639_8822018413322201740_n.jpg?stp=dst-jpg_s150x150_tt6&_nc_cat=106&ccb=7-5&_nc_sid=f7ccc5&efg=eyJ2ZW5jb2RlX3RhZyI6InByb2ZpbGVfcGljLnd3dy41NDAuQzMifQ%3D%3D&_nc_ohc=Ae0IxjGooTsQ7kNvwGh23ry&_nc_oc=AdreYI_tolICXEV3HvqyWTawmyO_3V0TyivxaqTXum9E_L7q9WUOB-1mS9GtLLeHTf5yjzXSFVgjRiqKuIXCxGZD&_nc_zt=24&_nc_ht=scontent.cdninstagram.com&_nc_ss=786a8&oh=00_Af4e6BMwMaoPzLTdII4vQXWzPq3QZ20Kwt3_CZGaworpqQ&oe=6A1136ED","https://www.instagram.com/ian_hpps/","ian_hpps","https://www.instagram.com/p/DXkyjneEfDp/c/17948436768147933/","3 sem","Estressado porque fazer a ia é cansativa? Será que o dono da página assentou um reboco?","Responder","","Curtir"
"https://www.instagram.com/psfnascimento/","https://scontent.cdninstagram.com/v/t51.82787-19/532955166_17871655632410103_5292865730886643598_n.jpg?stp=dst-jpg_s150x150_tt6&_nc_cat=102&ccb=7-5&_nc_sid=f7ccc5&efg=eyJ2ZW5jb2RlX3RhZyI6InByb2ZpbGVfcGljLnd3dy4xMDgwLkMzIn0%3D&_nc_ohc=Ld1PS0RvN3EQ7kNvwFdSQq1&_nc_oc=Adpiujx29bWsMB04on1NCZaa9xZc_eTff1CLX0Ylo4aPhn2SJzVZy4w8Dsw5wq_FtG_2k-1JI3z7PoOJ_6TviQT3&_nc_zt=24&_nc_ht=scontent.cdninstagram.com&_nc_gid=PT1I7jXiW2gNq5qAGg-jsQ&_nc_ss=786a8&oh=00_Af6qn0BXezsLEQqHLD0QWUpNdCU_kbAnQayLMCYL-ug4tw&oe=6A112FDD","https://www.instagram.com/psfnascimento/","psfnascimento","https://www.instagram.com/p/DXkyjneEfDp/c/17918442360142870/","3 sem","Só vi recalque. Projetos zero. Meu Deus, povo id.iota é quem segue isso. Só dissemina ódio.","Responder","","Curtir"
"https://www.instagram.com/http.fcoxvr/","https://scontent.cdninstagram.com/v/t51.82787-19/687666560_18212266018328263_626218528552524957_n.jpg?stp=dst-jpg_s150x150_tt6&_nc_cat=107&ccb=7-5&_nc_sid=f7ccc5&efg=eyJ2ZW5jb2RlX3RhZyI6InByb2ZpbGVfcGljLnd3dy42NDAuQzMifQ%3D%3D&_nc_ohc=E3QTtByKXJEQ7kNvwF2qSNK&_nc_oc=AdpVrlQSPq0t3wkGqr1OFRPZ0a30LarMyVQ4OTFcJ8ndCXcY4ken6qIG2aWF8zxQtwrGLD32DkmvL0pBnsHf3Vkc&_nc_zt=24&_nc_ht=scontent.cdninstagram.com&_nc_gid=PT1I7jXiW2gNq5qAGg-jsQ&_nc_ss=786a8&oh=00_Af6FAp-VoF6eoi3w33wpTfEWM61AAAWkgBGeIWInYPz2sA&oe=6A113573","https://www.instagram.com/http.fcoxvr/","http.fcoxvr","https://www.instagram.com/p/DXkyjneEfDp/c/18320056810255690/","3 sem","O tanto de propaganda do Lula. Até propaganda de um motorista e uma socialite no carro já reavivaram nas redes. O PT ainda é muito cego para o que ele mesmo faz.","Responder","","Curtir"
"https://www.instagram.com/marcia.pancioni/","https://scontent.cdninstagram.com/v/t51.75761-19/503695706_17848879593498377_64839505730056208_n.jpg?stp=dst-jpg_s150x150_tt6&_nc_cat=108&ccb=7-5&_nc_sid=f7ccc5&efg=eyJ2ZW5jb2RlX3RhZyI6InByb2ZpbGVfcGljLnd3dy45NjYuQzMifQ%3D%3D&_nc_ohc=laO91GDimBEQ7kNvwHMg0yk&_nc_oc=AdqsemHBNvuxP28ZOCmeq3n5Cqg961F9ie3RqVxI01d4MZiYyLrob-3cTJxvmjvJMi84LPDlAEBNyC8XXerlKypi&_nc_zt=24&_nc_ht=scontent.cdninstagram.com&_nc_gid=lFdYawGX-QNNaPzZyq3S1w&_nc_ss=786a8&oh=00_Af5FMSeP2wOsGCnBw0nr8HTOpynJnVf5j_R7sxM1hxY5zw&oe=6A111C10","https://www.instagram.com/marcia.pancioni/","marcia.pancioni","https://www.instagram.com/p/DXkyjneEfDp/c/18077942474307429/","3 sem","PAPUDA te aguarda","Responder","","Curtir"
"https://www.instagram.com/broogremioscs/","https://scontent.cdninstagram.com/v/t51.82787-19/582821280_17843488995618025_7672474797011389493_n.jpg?stp=dst-jpg_s150x150_tt6&_nc_cat=107&ccb=7-5&_nc_sid=f7ccc5&efg=eyJ2ZW5jb2RlX3RhZyI6InByb2ZpbGVfcGljLnd3dy44MDEuQzMifQ%3D%3D&_nc_ohc=sNVHeyivA74Q7kNvwEV02qR&_nc_oc=AdqI0rj_UpbE_4JXs20awTas9Aqnr2WKUFRez7KYK6J46UL1ajR5vDvbb2XviqLD9IvpO0pibZrH6bLlVqh8Fj20&_nc_zt=24&_nc_ht=scontent.cdninstagram.com&_nc_gid=lFdYawGX-QNNaPzZyq3S1w&_nc_ss=786a8&oh=00_Af6rgnoan4vNirAf68i2_e_KHihOS54jRRUDRXRn93DPxg&oe=6A112D6D","https://www.instagram.com/broogremioscs/","broogremioscs","https://www.instagram.com/p/DXkyjneEfDp/c/17978666225848673/","3 sem","Eles tem que criar um pobre no computador porque não conhecem nenhum pra pedir","Responder","","Curtir"
"https://www.instagram.com/claudivaniamoreiradossantoss/","https://scontent.cdninstagram.com/v/t51.75761-19/501552699_18032420324653870_1526933668251444091_n.jpg?stp=dst-jpg_s150x150_tt6&_nc_cat=111&ccb=7-5&_nc_sid=f7ccc5&efg=eyJ2ZW5jb2RlX3RhZyI6InByb2ZpbGVfcGljLnd3dy4xMDgwLkMzIn0%3D&_nc_ohc=LTaZz7_tQakQ7kNvwFHy-p6&_nc_oc=AdrweepUMOVP3aoe9-GqwlaFBt8e_EZIU9Fc5x8BId1DZtn2zcScufdJc2TojflhwlO86KZKOSSvFUrFCXTs9-EQ&_nc_zt=24&_nc_ht=scontent.cdninstagram.com&_nc_gid=lFdYawGX-QNNaPzZyq3S1w&_nc_ss=786a8&oh=00_Af4EQx3Sgne-8YKtVJqoLMPm8snOaW0gwRE7H1bOUrpSVg&oe=6A111F3B","https://www.instagram.com/claudivaniamoreiradossantoss/","claudivaniamoreiradossantoss","https://www.instagram.com/p/DXkyjneEfDp/c/18114283675781173/","3 sem","👏👏👏👏👏👏","Responder","","Curtir"
"https://www.instagram.com/marcia.pancioni/","https://scontent.cdninstagram.com/v/t51.75761-19/503695706_17848879593498377_64839505730056208_n.jpg?stp=dst-jpg_s150x150_tt6&_nc_cat=108&ccb=7-5&_nc_sid=f7ccc5&efg=eyJ2ZW5jb2RlX3RhZyI6InByb2ZpbGVfcGljLnd3dy45NjYuQzMifQ%3D%3D&_nc_ohc=laO91GDimBEQ7kNvwHMg0yk&_nc_oc=AdqsemHBNvuxP28ZOCmeq3n5Cqg961F9ie3RqVxI01d4MZiYyLrob-3cTJxvmjvJMi84LPDlAEBNyC8XXerlKypi&_nc_zt=24&_nc_ht=scontent.cdninstagram.com&_nc_gid=lFdYawGX-QNNaPzZyq3S1w&_nc_ss=786a8&oh=00_Af5FMSeP2wOsGCnBw0nr8HTOpynJnVf5j_R7sxM1hxY5zw&oe=6A111C10","https://www.instagram.com/marcia.pancioni/","marcia.pancioni","https://www.instagram.com/p/DXkyjneEfDp/c/18316764502260657/","3 sem","LULA13  GIGANTE TETRA PRESIDENTE","Responder","","Curtir"
"https://www.instagram.com/chesteripi/","https://scontent.cdninstagram.com/v/t51.82787-19/653195412_17974167308991026_3626064719662678629_n.jpg?stp=dst-jpg_s150x150_tt6&_nc_cat=103&ccb=7-5&_nc_sid=f7ccc5&efg=eyJ2ZW5jb2RlX3RhZyI6InByb2ZpbGVfcGljLnd3dy4xMDgwLkMzIn0%3D&_nc_ohc=JjHm6I7C_V4Q7kNvwH6ulpL&_nc_oc=Adpv3LUx_ADpjW4MjaMRi8NeeeEzY9bYV-y2hDV0jRYlBoLbdUC4mz6GyRszhLrbTeUbgL1H8bAp3LGyRXGHMxps&_nc_zt=24&_nc_ht=scontent.cdninstagram.com&_nc_gid=lFdYawGX-QNNaPzZyq3S1w&_nc_ss=786a8&oh=00_Af7EHVeg0g3AhKyRehLb5YklqhASKoXmI1g3fvO5irEicQ&oe=6A111DEC","https://www.instagram.com/chesteripi/","chesteripi","https://www.instagram.com/p/DXkyjneEfDp/c/17886134379485600/","3 sem","A IA é assim....","Responder","","Curtir"
"https://www.instagram.com/ds_automacaoeacessorios/","https://scontent.cdninstagram.com/v/t51.2885-19/292993163_176166534814757_8331173622531539616_n.jpg?stp=dst-jpg_s150x150_tt6&_nc_cat=107&ccb=7-5&_nc_sid=f7ccc5&efg=eyJ2ZW5jb2RlX3RhZyI6InByb2ZpbGVfcGljLnd3dy40MDAuQzMifQ%3D%3D&_nc_ohc=4qxgS1_GjJgQ7kNvwFgFYaW&_nc_oc=Adpt1G9t_ofyu3tc2upAL2Qqc7HXcIMl8rUzq7BgEYDAMex6Owqpaz5hucOPEKPPSU6fUiBGZ4OAkRPzplDwEJSQ&_nc_zt=24&_nc_ht=scontent.cdninstagram.com&_nc_ss=786a8&oh=00_Af4ezdlDShT2fPp-JeiXG_8pV80dyxUk8SNlyUpYfEm2vA&oe=6A112E41","https://www.instagram.com/ds_automacaoeacessorios/","ds_automacaoeacessorios","https://www.instagram.com/p/DXkyjneEfDp/c/18098292194014951/","3 sem","Obrigado por divulgar já vou segui","Responder","","Curtir"
"https://www.instagram.com/vilmar.gumz/","https://scontent.cdninstagram.com/v/t51.82787-19/610901056_18532951081066744_2668184382481661913_n.jpg?stp=dst-jpg_s150x150_tt6&_nc_cat=102&ccb=7-5&_nc_sid=f7ccc5&efg=eyJ2ZW5jb2RlX3RhZyI6InByb2ZpbGVfcGljLnd3dy43NTQuQzMifQ%3D%3D&_nc_ohc=grH-5BjUWwEQ7kNvwGS-CIh&_nc_oc=Adohmt3yapPuHQBn0kMBgdQmWPTXZh6HkrZNZy9krrkxf5k9UtZCqHYCSc4-g_gAu-JVQlz24lmD5-7C_dw5HRsI&_nc_zt=24&_nc_ht=scontent.cdninstagram.com&_nc_gid=lFdYawGX-QNNaPzZyq3S1w&_nc_ss=786a8&oh=00_Af6_MxFsSFEQuqjhvvSx4qA2DqkpaqrjQKZ7GARcu-Ri_w&oe=6A111985","https://www.instagram.com/vilmar.gumz/","vilmar.gumz","https://www.instagram.com/p/DXkyjneEfDp/c/18061455005440607/","3 sem","A esquerda criou essa IA pra se fazer de vítima","Responder","","Curtir"
"https://www.instagram.com/lindinha_vaninha67/","https://scontent.cdninstagram.com/v/t51.82787-19/527149658_18062654204598704_5560204109642936253_n.jpg?stp=dst-jpg_s150x150_tt6&_nc_cat=103&ccb=7-5&_nc_sid=f7ccc5&efg=eyJ2ZW5jb2RlX3RhZyI6InByb2ZpbGVfcGljLnd3dy4xMDgwLkMzIn0%3D&_nc_ohc=Dcvq7QhNUPIQ7kNvwG4AYcs&_nc_oc=AdqJDNPTMsO_yyNipXaN_N7Tl_MOYG_3YiAzeZTlXGUxjitbUGockYeVGt9KvJGyTHpxMyzIwmAm7gbTGzDjYmUK&_nc_zt=24&_nc_ht=scontent.cdninstagram.com&_nc_gid=lFdYawGX-QNNaPzZyq3S1w&_nc_ss=786a8&oh=00_Af4hcHFKojeovcXrIs3YlBoB-5MZRMhK_AEzPcQmxHe2dA&oe=6A112755","https://www.instagram.com/lindinha_vaninha67/","lindinha_vaninha67","https://www.instagram.com/p/DXkyjneEfDp/c/17922569871325296/","3 sem","Modus operandi da extrema direita. Não vivem sem mentir....👉🏽👉🏽👌🏽","Responder","","Curtir"
"https://www.instagram.com/miledghabar/","https://scontent.cdninstagram.com/v/t51.2885-19/132303704_678541472810326_8286584495905631046_n.jpg?stp=dst-jpg_s150x150_tt6&_nc_cat=111&ccb=7-5&_nc_sid=f7ccc5&efg=eyJ2ZW5jb2RlX3RhZyI6InByb2ZpbGVfcGljLnd3dy40NDQuQzMifQ%3D%3D&_nc_ohc=lhWbBC6aofkQ7kNvwE06Ijs&_nc_oc=AdolRTUyF-CILKGWbPX9Lt03G_BiGDo8jFrKHIZp74eS4PTTLdcDD3tQ0Dpbt05E7yw2B6e9ZI8znLmjDvOsnafH&_nc_zt=24&_nc_ht=scontent.cdninstagram.com&_nc_ss=786a8&oh=00_Af72gqUAQof1yE5hryVqqjQpyPddRcYzZ1NBdJg4YZFalA&oe=6A112258","https://www.instagram.com/miledghabar/","miledghabar","https://www.instagram.com/p/DXkyjneEfDp/c/18409699411176703/","3 sem","Haddad é coadjuvante. 🇧🇷🇧🇷🇧🇷🇧🇷🇧🇷🇧🇷🇧🇷🇧🇷 Tarcisão no 1º turno !","Responder","","Curtir"
"https://www.instagram.com/venardis/","https://scontent.cdninstagram.com/v/t51.82787-19/567520865_17945823975025662_5413594311049414152_n.jpg?stp=dst-jpg_s150x150_tt6&_nc_cat=102&ccb=7-5&_nc_sid=f7ccc5&efg=eyJ2ZW5jb2RlX3RhZyI6InByb2ZpbGVfcGljLnd3dy4zNDAuQzMifQ%3D%3D&_nc_ohc=3V7R4mGkB34Q7kNvwEzTLkT&_nc_oc=Adof1Cql2HSZs-Kbt0BRtTYreH_2cpFM2uuYRjkIM5Wbh76_R9CF0tXkCtwlQryePXL9QnPgJa1MFD7aaiMgKlJ3&_nc_zt=24&_nc_ht=scontent.cdninstagram.com&_nc_gid=lFdYawGX-QNNaPzZyq3S1w&_nc_ss=786a8&oh=00_Af7fo319CnK_5rsDEqKl8SKjzWqBAsN2uJO9qscQ91_X8g&oe=6A113D8D","https://www.instagram.com/venardis/","venardis","https://www.instagram.com/p/DXkyjneEfDp/c/18130764304570679/","3 sem","Mas não pode mais falar mal de ninguém? Haja saco.","Responder","","Curtir"
"https://www.instagram.com/prof.jarbes.edf/","https://scontent.cdninstagram.com/v/t51.82787-19/672333436_18582235105043723_7639157544366678792_n.jpg?stp=dst-jpg_s150x150_tt6&_nc_cat=105&ccb=7-5&_nc_sid=f7ccc5&efg=eyJ2ZW5jb2RlX3RhZyI6InByb2ZpbGVfcGljLnd3dy42NDAuQzMifQ%3D%3D&_nc_ohc=G40LcTgRidUQ7kNvwEpExxQ&_nc_oc=AdpqxSTPSdi5GjJMWKJu0BEuwXxRpz3joqGHPhOIHSJn6_qDMsie5Vu2CF43WEQorEHXWpsmWYvC57Wq2YwSLo29&_nc_zt=24&_nc_ht=scontent.cdninstagram.com&_nc_gid=lFdYawGX-QNNaPzZyq3S1w&_nc_ss=786a8&oh=00_Af74UyjdVFjYnaPNSOtJOKSv7Ke5HLN3R0Ry8binUo6OQg&oe=6A111969","https://www.instagram.com/prof.jarbes.edf/","prof.jarbes.edf","https://www.instagram.com/p/DXkyjneEfDp/c/18106559539925100/","3 sem","Falou mais verdades em 1 minuto do que o Lula em 20 anos 😂😂😂","Responder","","Curtir"
"https://www.instagram.com/silviofisioterapeuta/","https://scontent.cdninstagram.com/v/t51.2885-19/88246796_3480352282034793_388131594629545984_n.jpg?stp=dst-jpg_s150x150_tt6&_nc_cat=105&ccb=7-5&_nc_sid=f7ccc5&efg=eyJ2ZW5jb2RlX3RhZyI6InByb2ZpbGVfcGljLnd3dy4xMDgwLkMzIn0%3D&_nc_ohc=GeILPZ4x_I0Q7kNvwGGtcnQ&_nc_oc=AdrkjpMT7lDTo-fvQVwC2D4Vl_vNAg75MbzpLEx2qsqNin-ZFdpZfDd0AfnzXzZTNV1i_DfeZObm7FF5PtFcpwyM&_nc_zt=24&_nc_ht=scontent.cdninstagram.com&_nc_ss=786a8&oh=00_Af5wcatCoD9OjiAQW7gaTNXtoXs6BkWpWCKkBQaZT-Xrxg&oe=6A113CBA","https://www.instagram.com/silviofisioterapeuta/","silviofisioterapeuta","https://www.instagram.com/p/DXkyjneEfDp/c/18211414360335394/","3 sem","Esquerdista aqui se preocupando com fakenews é sacanagem kkkkk... O próprio lula já falou que cansou de viajar o mundo falando mal do Brasil e inventando dados que nunca existiram 🖕🏻","Responder","","Curtir"
"https://www.instagram.com/aguiar.sandr/","https://scontent.cdninstagram.com/v/t51.2885-19/82320553_175435423703179_8293725717095514112_n.jpg?stp=dst-jpg_s150x150_tt6&_nc_cat=104&ccb=7-5&_nc_sid=f7ccc5&efg=eyJ2ZW5jb2RlX3RhZyI6InByb2ZpbGVfcGljLnd3dy41NDAuQzMifQ%3D%3D&_nc_ohc=t29gua0W3lAQ7kNvwF5GBUc&_nc_oc=AdphWaUz1CZFJyUSjiedaDeBiDg1IoT3FnRVOQ7bF8jSnBVz-z3vu2VoDEJ9DO-tHOo8B2iw5IdSbMImlZSwIOUK&_nc_zt=24&_nc_ht=scontent.cdninstagram.com&_nc_ss=786a8&oh=00_Af4nHudmEpvrVOGhuVYI7q4b17WEiVLc9QL6_RcIR4Xtng&oe=6A113D22","https://www.instagram.com/aguiar.sandr/","aguiar.sandr","https://www.instagram.com/p/DXkyjneEfDp/c/17874337731596583/","3 sem","SEGUINDO 👏👏👏👏👏","Responder","","Curtir"
"https://www.instagram.com/r10vieira/","https://scontent.cdninstagram.com/v/t51.2885-19/91604567_206596743982892_783083794893635584_n.jpg?stp=dst-jpg_s150x150_tt6&_nc_cat=110&ccb=7-5&_nc_sid=f7ccc5&efg=eyJ2ZW5jb2RlX3RhZyI6InByb2ZpbGVfcGljLnd3dy42NTkuQzMifQ%3D%3D&_nc_ohc=hdjOzMf71NgQ7kNvwFnGlub&_nc_oc=Adp42Ta5HObfGrgAu1C9Nq4g8z8KLbNAKRoltZB3psJBgatZ0w276ARYwMVJ93zaCZLkFiJAQKZZBgl3zbVPW1o7&_nc_zt=24&_nc_ht=scontent.cdninstagram.com&_nc_ss=786a8&oh=00_Af78EJy-KIArghr6Ftg9vWjo9NiCCBVOHXBZCVKFyNUREQ&oe=6A1136F2","https://www.instagram.com/r10vieira/","r10vieira","https://www.instagram.com/p/DXkyjneEfDp/c/17867720361529420/","3 sem","Atacar não. Falar a verdade 😂😂😂😂😂😂😂😂","Responder","","Curtir"
"https://www.instagram.com/anderson_salata_olmo/","https://scontent.cdninstagram.com/v/t51.2885-19/153133733_263915765138413_305611021600955275_n.jpg?stp=dst-jpg_s150x150_tt6&_nc_cat=101&ccb=7-5&_nc_sid=f7ccc5&efg=eyJ2ZW5jb2RlX3RhZyI6InByb2ZpbGVfcGljLnd3dy4zMjAuQzMifQ%3D%3D&_nc_ohc=rDOv5dft7kAQ7kNvwEAW1Ri&_nc_oc=AdrqkayJ6tge-TPzgwe-Mgr0wVuVUYGtFXKyI79CwFYo-gGxF8y1ngdTeNbizGockzBfstynvADMsDHzkS8viG5C&_nc_zt=24&_nc_ht=scontent.cdninstagram.com&_nc_ss=786a8&oh=00_Af50UtH9U_3MpebTWZkP7VHz6fNt9lDvqXt9-VyrAqXuQg&oe=6A113E05","https://www.instagram.com/anderson_salata_olmo/","anderson_salata_olmo","https://www.instagram.com/p/DXkyjneEfDp/c/18011661158697355/","3 sem","Ahhh vai lamber um pen drive 1tb...!!!!😂😂😂😂😂😂","Responder","","Curtir"
"https://www.instagram.com/fabiosantanai/","https://scontent.cdninstagram.com/v/t51.82787-19/548876513_18526482217028216_2052784940641045537_n.jpg?stp=dst-jpg_s150x150_tt6&_nc_cat=101&ccb=7-5&_nc_sid=f7ccc5&efg=eyJ2ZW5jb2RlX3RhZyI6InByb2ZpbGVfcGljLnd3dy4xMDgwLkMzIn0%3D&_nc_ohc=QMM4PeyrdM4Q7kNvwGsC6u_&_nc_oc=AdqTqcrA52yTD8BmLUGMQboVm9O859ohNx2fP-9d3KvWdYTbFjjDq-H9r4cyQUChuYHdKs7F8KmN1WqyvZQwi6Js&_nc_zt=24&_nc_ht=scontent.cdninstagram.com&_nc_gid=IvA26_ey-Y5Sxl6KPbWekw&_nc_ss=786a8&oh=00_Af4L5vOeaJQq6rzIquWKMAg-4S7MIWdU5Zoy3BzmXOlWRQ&oe=6A1142E0","https://www.instagram.com/fabiosantanai/","fabiosantanai","https://www.instagram.com/p/DXkyjneEfDp/c/18061946894694092/","3 sem","A democracia do PT","Responder","","Curtir"
"https://www.instagram.com/reginaldo_e_berlinda/","https://scontent.cdninstagram.com/v/t51.2885-19/317293354_510961111079736_2791200798232372890_n.jpg?stp=dst-jpg_s150x150_tt6&_nc_cat=101&ccb=7-5&_nc_sid=f7ccc5&efg=eyJ2ZW5jb2RlX3RhZyI6InByb2ZpbGVfcGljLnd3dy40NzMuQzMifQ%3D%3D&_nc_ohc=lvWA1_Frn1EQ7kNvwFAaS4z&_nc_oc=AdqgRnOkYLVxJ5-dMEZ3QfXzL_f08Eoau9wmvdfTp2KA51MuG0YHSnXaJI_S-AHMnPjQR08c9tyMPDSx7EOKYMwB&_nc_zt=24&_nc_ht=scontent.cdninstagram.com&_nc_ss=786a8&oh=00_Af5xBjMbIIbI3piUNOOOcbE6D-6SDJGUv1rX4592GWyFmA&oe=6A113309","https://www.instagram.com/reginaldo_e_berlinda/","reginaldo_e_berlinda","https://www.instagram.com/p/DXkyjneEfDp/c/18349611145208060/","3 sem","👏👏👏👏🙌🙌🙌","Responder","","Curtir"
"https://www.instagram.com/aguiar.sandr/","https://scontent.cdninstagram.com/v/t51.2885-19/82320553_175435423703179_8293725717095514112_n.jpg?stp=dst-jpg_s150x150_tt6&_nc_cat=104&ccb=7-5&_nc_sid=f7ccc5&efg=eyJ2ZW5jb2RlX3RhZyI6InByb2ZpbGVfcGljLnd3dy41NDAuQzMifQ%3D%3D&_nc_ohc=t29gua0W3lAQ7kNvwF5GBUc&_nc_oc=AdphWaUz1CZFJyUSjiedaDeBiDg1IoT3FnRVOQ7bF8jSnBVz-z3vu2VoDEJ9DO-tHOo8B2iw5IdSbMImlZSwIOUK&_nc_zt=24&_nc_ht=scontent.cdninstagram.com&_nc_ss=786a8&oh=00_Af4nHudmEpvrVOGhuVYI7q4b17WEiVLc9QL6_RcIR4Xtng&oe=6A113D22","https://www.instagram.com/aguiar.sandr/","aguiar.sandr","https://www.instagram.com/p/DXkyjneEfDp/c/18082780346098198/","3 sem","👏👏👏👏👏👏👏👏👏👏👏🇧🇷🇧🇷🇧🇷","Responder","","Curtir"
"https://www.instagram.com/andrea_santana2201/","https://scontent.cdninstagram.com/v/t51.2885-19/435791386_1856018441547251_8551716034331607536_n.jpg?stp=dst-jpg_s150x150_tt6&_nc_cat=100&ccb=7-5&_nc_sid=f7ccc5&efg=eyJ2ZW5jb2RlX3RhZyI6InByb2ZpbGVfcGljLnd3dy45NDEuQzMifQ%3D%3D&_nc_ohc=UnSK8Q5JCNgQ7kNvwE4bb_2&_nc_oc=Adr5J30bic69zTEBbMH2FUce0-p7sbhYKqqPMf70r-zwbxJXgyBtSXYio8OF-Q9gt-9w6oWngCZooUUKL842s2q0&_nc_zt=24&_nc_ht=scontent.cdninstagram.com&_nc_ss=786a8&oh=00_Af6FqGA1wc8bv_oR8aJ0yRILxhZxJ6U3edJBdaWyjHgn2g&oe=6A11285B","https://www.instagram.com/andrea_santana2201/","andrea_santana2201","https://www.instagram.com/p/DXkyjneEfDp/c/18110773642668193/","3 sem","Nunca vi o Bolsonaro acionando o judiciário para censurar perfis que atacavam ele dia e noite. Ah, mas o Bolsonaro era ditador, democrático é o Lula🤡🤡🤪","Responder","","Curtir"
"https://www.instagram.com/eu.asamy/","https://scontent.cdninstagram.com/v/t51.82787-19/558330445_18401979538143198_964388586953723224_n.jpg?stp=dst-jpg_s150x150_tt6&_nc_cat=111&ccb=7-5&_nc_sid=f7ccc5&efg=eyJ2ZW5jb2RlX3RhZyI6InByb2ZpbGVfcGljLnd3dy4xMDgwLkMzIn0%3D&_nc_ohc=kILbw2BmPBMQ7kNvwHcL0hG&_nc_oc=AdqU2sXAPCEHjhwlei68BpmJqZjdOZ1X0qbN52253DS09VeRLsQ8dCBqVJkWHC54_6pIcgvpoABIhtuhxqKIKzc-&_nc_zt=24&_nc_ht=scontent.cdninstagram.com&_nc_gid=IvA26_ey-Y5Sxl6KPbWekw&_nc_ss=786a8&oh=00_Af6QqcFS8CVcaxA5RCeW4bKtHbkYL-rB2rIhJ3Hp0lifZg&oe=6A113CBE","https://www.instagram.com/eu.asamy/","eu.asamy","https://www.instagram.com/p/DXkyjneEfDp/c/18109984312675797/","3 sem","So os bolsominos ,e os alucinados de direita tao vendo o Brasil, nao desgraça. Brasil, acabou de voltar ao ranking das 10 maiore economias do mundo. ❤️ é Lula 2026❤️","Responder","","Curtir"
"https://www.instagram.com/siiincee92/","https://scontent.cdninstagram.com/v/t51.82787-19/616326289_18556892794043813_7502767828592308697_n.jpg?stp=dst-jpg_s150x150_tt6&_nc_cat=106&ccb=7-5&_nc_sid=f7ccc5&efg=eyJ2ZW5jb2RlX3RhZyI6InByb2ZpbGVfcGljLnd3dy4xMDgwLkMzIn0%3D&_nc_ohc=OUgzLszg4dwQ7kNvwHXRxEi&_nc_oc=Adrt0pEn64ghvRv010YYqrmT0f3DfYBmOFlva-irRg7GT2YCiN2Xm132uFLA_zHf5WxDTXQfz58FBvrQtX0OV5UJ&_nc_zt=24&_nc_ht=scontent.cdninstagram.com&_nc_gid=IvA26_ey-Y5Sxl6KPbWekw&_nc_ss=786a8&oh=00_Af6797k9lbtuMF3sI-An1oC3UorRX_ria1CZGQ_nKfBGzw&oe=6A114517","https://www.instagram.com/siiincee92/","siiincee92","https://www.instagram.com/p/DXkyjneEfDp/c/17903819397410995/","3 sem","Atacar Lula"""""" mais uma página maldita comprada pelo sistema,  igual a do assassino da choquei, por isso eles querem ficar na internet vendo quem critica kkkkkk","Responder","","Curtir"
"https://www.instagram.com/acacio_assis/","https://scontent.cdninstagram.com/v/t51.2885-19/473721876_1859861581488040_8946665452447453309_n.jpg?stp=dst-jpg_s150x150_tt6&_nc_cat=104&ccb=7-5&_nc_sid=f7ccc5&efg=eyJ2ZW5jb2RlX3RhZyI6InByb2ZpbGVfcGljLnd3dy41OTAuQzMifQ%3D%3D&_nc_ohc=V-oZptCn7nQQ7kNvwGuy5SP&_nc_oc=Adr2wrOhKtJSgekWhC7ZEe9VLLD0c3yrRttBCChQwAfFi5lTC7sRDEyp-XQkb7efyyiG2Ogs14CM1fUKJnetNapM&_nc_zt=24&_nc_ht=scontent.cdninstagram.com&_nc_ss=786a8&oh=00_Af5IUKS48e_4Zf6xpHJ4eN6Lkk-nLen0j-HUOYF9PwBYSA&oe=6A111A0E","https://www.instagram.com/acacio_assis/","acacio_assis","https://www.instagram.com/p/DXkyjneEfDp/c/18208681696327557/","3 sem","Federação Brasil Esperança..😂😂😂😂😂😂😂😂😂😂 Que desgraça é isso ?!?!","Responder","","Curtir"
"https://www.instagram.com/nodivacommarcuspereira/","https://scontent.cdninstagram.com/v/t51.82787-19/689251887_18436473334186478_3770871511762811915_n.jpg?stp=dst-jpg_s150x150_tt6&_nc_cat=107&ccb=7-5&_nc_sid=f7ccc5&efg=eyJ2ZW5jb2RlX3RhZyI6InByb2ZpbGVfcGljLnd3dy42ODguQzMifQ%3D%3D&_nc_ohc=0ag88a8HIP4Q7kNvwGmB1dn&_nc_oc=AdrxGZ4YH4zG2afdhxwo62WipAkojE9joYfzeIDvEiVlj0oM3EUu1Ze-1qtLSCskIxgo-lrOsCMB1iit9JnuT-3S&_nc_zt=24&_nc_ht=scontent.cdninstagram.com&_nc_gid=IvA26_ey-Y5Sxl6KPbWekw&_nc_ss=786a8&oh=00_Af5g_EdysBf0jKlhq-mjXDPHNN7hJbFlbIOoQUZuIx5Ckg&oe=6A111FDA","https://www.instagram.com/nodivacommarcuspereira/","nodivacommarcuspereira","https://www.instagram.com/p/DXkyjneEfDp/c/17989336562793656/","3 sem","Quero seguir","Responder","","Curtir"
"https://www.instagram.com/marcio.camargo_10/","https://scontent.cdninstagram.com/v/t51.82787-19/686829467_18318895465283484_4278284063170098371_n.jpg?stp=dst-jpg_s150x150_tt6&_nc_cat=105&ccb=7-5&_nc_sid=f7ccc5&efg=eyJ2ZW5jb2RlX3RhZyI6InByb2ZpbGVfcGljLnd3dy4xMDgwLkMzIn0%3D&_nc_ohc=ndscmnuUrRIQ7kNvwGDcYdf&_nc_oc=AdrP5SvigTsTtyS3P6XRHJKLWAv-J5Z73tf4AVvejh70BLQmJFjunz4gMlmIULeQ335Jc5JeCvzagdp-ZlPhD3UA&_nc_zt=24&_nc_ht=scontent.cdninstagram.com&_nc_gid=IvA26_ey-Y5Sxl6KPbWekw&_nc_ss=786a8&oh=00_Af4Y2_bK84E1iii-WnhATZtYnw1AWBNNe11unc-OsIG8xA&oe=6A1145F2","https://www.instagram.com/marcio.camargo_10/","marcio.camargo_10","https://www.instagram.com/p/DXkyjneEfDp/c/17996999219936138/","3 sem","😂😂😂😂👏👏👏👏 Mto bom","Responder","","Curtir"
"https://www.instagram.com/jaell_moreiray/","https://scontent.cdninstagram.com/v/t51.2885-19/467017574_1711865402719888_5652131366081511161_n.jpg?stp=dst-jpg_s150x150_tt6&_nc_cat=100&ccb=7-5&_nc_sid=f7ccc5&efg=eyJ2ZW5jb2RlX3RhZyI6InByb2ZpbGVfcGljLnd3dy40MjEuQzMifQ%3D%3D&_nc_ohc=1qliw6Elyu0Q7kNvwFScJb3&_nc_oc=AdpUZOmytRfKixU-cMKSKZ3H6w8o2-e0NJBjgE_VtisoXMq449kT8LCWsgbGusUNnlz-aUfuL3_hbtWf1JKm3Rb8&_nc_zt=24&_nc_ht=scontent.cdninstagram.com&_nc_ss=786a8&oh=00_Af4_e3Fgim3zuzF4zCmVN2uU4PLztiJIrfHLXR245fVkog&oe=6A11387D","https://www.instagram.com/jaell_moreiray/","jaell_moreiray","https://www.instagram.com/p/DXkyjneEfDp/c/18552993727067509/","3 sem","Atacar Lula, onde? Falar a verdade sobre as inconsistências de um governo e seus integrantes que vivem mentindo. Você vai na página de boulostoulo, até o projeto da escala 6x1 que refeito por Ericka Hilton vulgo Felipe, não reconhece e diz que o projeto que está correndo é do governo.","Responder","","Curtir"
"https://www.instagram.com/silvania1/","https://scontent.cdninstagram.com/v/t51.2885-19/241371022_2955063088095012_1852917628569230464_n.jpg?stp=dst-jpg_s150x150_tt6&_nc_cat=105&ccb=7-5&_nc_sid=f7ccc5&efg=eyJ2ZW5jb2RlX3RhZyI6InByb2ZpbGVfcGljLnd3dy4xMDgwLkMzIn0%3D&_nc_ohc=6Akk3NUtXB4Q7kNvwE9t-j6&_nc_oc=Adoi5ootMnbLdAj4ND8DyAvcycqz7jJGLxHESSzknR6OmqwwxIrawyvwd0-5ZRi5L7Hgm3zy7tmXfGVG0SVTM1uE&_nc_zt=24&_nc_ht=scontent.cdninstagram.com&_nc_ss=786a8&oh=00_Af5nTYiQqwgb8gKgr48CX-sywirroE_7nHpfAJO-DUs6gQ&oe=6A1135FB","https://www.instagram.com/silvania1/","silvania1","https://www.instagram.com/p/DXkyjneEfDp/c/18103131995305002/","3 sem","😂😂😂😂😂😂😂😂😂😂","Responder","","Curtir"
"https://www.instagram.com/sua.foto.livre/","https://scontent.cdninstagram.com/v/t51.2885-19/482527787_1144777227113489_4714377021991639233_n.jpg?stp=dst-jpg_s150x150_tt6&_nc_cat=101&ccb=7-5&_nc_sid=f7ccc5&efg=eyJ2ZW5jb2RlX3RhZyI6InByb2ZpbGVfcGljLnd3dy4xMDgwLkMzIn0%3D&_nc_ohc=ianKhdeuYL0Q7kNvwFssij_&_nc_oc=AdpLAM3NxzsX8S8IMxoKf2WizNoj-lvOoqpTPG86xcHYR8i6WFIrKDGfhwO1vmBCMynyJJDgbUtE0HscF1SMlynt&_nc_zt=24&_nc_ht=scontent.cdninstagram.com&_nc_ss=786a8&oh=00_Af6PtdDrAN_B0y1-HgmshHjeHY3iu_H2t9pMvf_tMi8iGw&oe=6A113C26","https://www.instagram.com/sua.foto.livre/","sua.foto.livre","https://www.instagram.com/p/DXkyjneEfDp/c/17951486253132099/","3 sem","Apoio total a Dona María por falar só verdades 👏🏿👏🏿👏🏿","Responder","Ver tradução","Curtir"
"https://www.instagram.com/jober_editora_e_academy/","https://scontent.cdninstagram.com/v/t51.82787-19/653692451_17876248377549937_4203590983385231176_n.jpg?stp=dst-jpg_s150x150_tt6&_nc_cat=104&ccb=7-5&_nc_sid=f7ccc5&efg=eyJ2ZW5jb2RlX3RhZyI6InByb2ZpbGVfcGljLnd3dy4xMDgwLkMzIn0%3D&_nc_ohc=A-bImAEXGDoQ7kNvwHsHD8-&_nc_oc=Ado-Bk0d4UW5jtuQTX2bt06ZjL6_Ntn7_4DTqFiAXpG5W5rtm0mGGnnxJgcfnJPC7J0J6dt7UtcNkpkiWy47SEqj&_nc_zt=24&_nc_ht=scontent.cdninstagram.com&_nc_gid=4dLuB4bjw_Uw8w-9zcrBPA&_nc_ss=786a8&oh=00_Af6BZnsYRKDvHZIG3kfBRHqANhOR4Fjocsoh6IZSoGe0JQ&oe=6A113B85","https://www.instagram.com/jober_editora_e_academy/","jober_editora_e_academy","https://www.instagram.com/p/DXkyjneEfDp/c/18104664658743372/","3 sem","Tá todo mundo revoltado,!😂😂😂","Responder","","Curtir"
"https://www.instagram.com/francivaldo132024/","https://scontent.cdninstagram.com/v/t51.2885-19/467319520_1648460116019194_5896374998820450068_n.jpg?stp=dst-jpg_s150x150_tt6&_nc_cat=108&ccb=7-5&_nc_sid=f7ccc5&efg=eyJ2ZW5jb2RlX3RhZyI6InByb2ZpbGVfcGljLnd3dy4zMjAuQzMifQ%3D%3D&_nc_ohc=kuk3N49FDAUQ7kNvwHcOpHX&_nc_oc=AdpRSX2GiEegIXq8IXJOS6Yh1qqG3Qk8nWmChyLqai8GRKO8Bq3qP9G6LAMx9pQYOsWTEqDEKH1MItHFtLw3drko&_nc_zt=24&_nc_ht=scontent.cdninstagram.com&_nc_ss=786a8&oh=00_Af7M5gIQGkXzRpPwlyHf8bzfz7IGLyS0J2FicbjFNKlBrQ&oe=6A113FB2","https://www.instagram.com/francivaldo132024/","francivaldo132024","https://www.instagram.com/p/DXkyjneEfDp/c/18041220590610342/","3 sem","essa  velha ai","Responder","","Curtir"
"https://www.instagram.com/aetos.cosmeticos/","https://scontent.cdninstagram.com/v/t51.2885-19/124675423_185648766514865_404066228528833847_n.jpg?stp=dst-jpg_s150x150_tt6&_nc_cat=110&ccb=7-5&_nc_sid=f7ccc5&efg=eyJ2ZW5jb2RlX3RhZyI6InByb2ZpbGVfcGljLnd3dy41MDAuQzMifQ%3D%3D&_nc_ohc=_co9Zb_xdBMQ7kNvwHYEW-M&_nc_oc=AdrEtMfNMI6SE3bI9h7ibfr68PDS8q3W7C7Y67lnPU254CRYStMCIw3r4B4oC40OPyBm2beK-9e9wslh6s93AUMd&_nc_zt=24&_nc_ht=scontent.cdninstagram.com&_nc_ss=786a8&oh=00_Af4MxD1MJZM6VRGD_eCPTvwOX_yJqDEUh6_6z0LrqPmG2Q&oe=6A11361D","https://www.instagram.com/aetos.cosmeticos/","aetos.cosmeticos","https://www.instagram.com/p/DXkyjneEfDp/c/18412748509179523/","3 sem","Dona canalha.","Responder","","Curtir"
"https://www.instagram.com/mida_guimaraes/","https://scontent.cdninstagram.com/v/t51.2885-19/474226961_2069421946799547_1855306811418296024_n.jpg?stp=dst-jpg_s150x150_tt6&_nc_cat=102&ccb=7-5&_nc_sid=f7ccc5&efg=eyJ2ZW5jb2RlX3RhZyI6InByb2ZpbGVfcGljLnd3dy4zMjAuQzMifQ%3D%3D&_nc_ohc=dABxdTDs5kQQ7kNvwFEXqo6&_nc_oc=Ado0-ugjCElQMc_cgxpOCRBr2LcsY6RNOwlEl_vo9U-dud1H-JMfDaeNmhAm8ygIi9FVloXZv2-p-39k3w0GzmRG&_nc_zt=24&_nc_ht=scontent.cdninstagram.com&_nc_ss=786a8&oh=00_Af77AQAPLho5PrcvAH8peUzbyDsf8T1VEp7xbtQYu3qNSg&oe=6A111380","https://www.instagram.com/mida_guimaraes/","mida_guimaraes","https://www.instagram.com/p/DXkyjneEfDp/c/18097874642023994/","3 sem","Cala bocaaaaaaaaaaaaaaaaaaaaaaaaaaa","Responder","","Curtir"
"https://www.instagram.com/odeciocarneiro/","https://scontent.cdninstagram.com/v/t51.2885-19/465316677_1736503290480491_4915602321323735362_n.jpg?stp=dst-jpg_s150x150_tt6&_nc_cat=102&ccb=7-5&_nc_sid=f7ccc5&efg=eyJ2ZW5jb2RlX3RhZyI6InByb2ZpbGVfcGljLnd3dy43NTAuQzMifQ%3D%3D&_nc_ohc=lMeloMB9OjMQ7kNvwEG6CB4&_nc_oc=Adp7ER6GjjeNX0e8evLy6AhE8WOQiLlp9BawicFUqZcg6fb1bS7NKa9YNPqqfwbAA_hr4nNdMUhTYRmroUuNK690&_nc_zt=24&_nc_ht=scontent.cdninstagram.com&_nc_ss=786a8&oh=00_Af6B_e9VTk-TIw4QCh0RPx3NBAbZD3arBwBeycOz6giqSg&oe=6A113395","https://www.instagram.com/odeciocarneiro/","odeciocarneiro","https://www.instagram.com/p/DXkyjneEfDp/c/17995960400949733/","3 sem","Pau na band1dagem,  🔥🔥👏👏","Responder","","Curtir"
"https://www.instagram.com/anaalmeidaa60/","https://scontent.cdninstagram.com/v/t51.82787-19/682575647_18579547252007911_7473560474813292503_n.jpg?stp=dst-jpg_s150x150_tt6&_nc_cat=102&ccb=7-5&_nc_sid=f7ccc5&efg=eyJ2ZW5jb2RlX3RhZyI6InByb2ZpbGVfcGljLnd3dy42NDAuQzMifQ%3D%3D&_nc_ohc=cBzeHwr0MqgQ7kNvwFEZ-ip&_nc_oc=Adq5YOARemvVgnXml3YsuEBf_AYxD6XUU2c648OEIzcAVcixIlT1FdN4cadz-eXb-u1QD0_AaNg0DnSHYP1vmdw8&_nc_zt=24&_nc_ht=scontent.cdninstagram.com&_nc_gid=4dLuB4bjw_Uw8w-9zcrBPA&_nc_ss=786a8&oh=00_Af7nuMdVjMgrbboab4NsyV0gWxenfEVc1pdzvaX9PsWdZw&oe=6A1145EF","https://www.instagram.com/anaalmeidaa60/","anaalmeidaa60","https://www.instagram.com/p/DXkyjneEfDp/c/18320210173254259/","3 sem","A voz é de Erica Hilton?😮","Responder","","Curtir"
"https://www.instagram.com/zedequias_nunes_/","https://scontent.cdninstagram.com/v/t51.82787-19/629720070_18329530216170827_4075512563480659442_n.jpg?stp=dst-jpg_s150x150_tt6&_nc_cat=110&ccb=7-5&_nc_sid=f7ccc5&efg=eyJ2ZW5jb2RlX3RhZyI6InByb2ZpbGVfcGljLnd3dy4xMDgwLkMzIn0%3D&_nc_ohc=zJkS0CDoKScQ7kNvwG6ihFR&_nc_oc=AdpF1u3NkA_EALpS9fCd14L0kvFX4YrGyck6waDDx2LPGStFTWpduFM_u02GoAlF3q1LxeKwbhldQCT81O0gmOPO&_nc_zt=24&_nc_ht=scontent.cdninstagram.com&_nc_gid=4dLuB4bjw_Uw8w-9zcrBPA&_nc_ss=786a8&oh=00_Af4MThT-swYhPzh-LmCH9bp9GYfoVyfoi2QMfO6zewJwsQ&oe=6A113F68","https://www.instagram.com/zedequias_nunes_/","zedequias_nunes_","https://www.instagram.com/p/DXkyjneEfDp/c/18095458001129705/","3 sem","Já que está prejudicando o PT e o Lula, vamos compartilhar porque esta página está no caminho certo! 🙌🙏🇧🇷2️⃣2️⃣","Responder","","Curtir"
"https://www.instagram.com/r.bruno30/","https://scontent.cdninstagram.com/v/t51.75761-19/503844629_18507616810025992_2525007475091846522_n.jpg?stp=dst-jpg_s150x150_tt6&_nc_cat=107&ccb=7-5&_nc_sid=f7ccc5&efg=eyJ2ZW5jb2RlX3RhZyI6InByb2ZpbGVfcGljLnd3dy4xMDgwLkMzIn0%3D&_nc_ohc=5H2QSvEcN9gQ7kNvwG9dRv7&_nc_oc=AdoL8QSs1pJpbW0wltvvbST_hOLoM5llIxs1ZEwE_1TsmnKwyzEuX-UvdF9PMGvJF87WnP8TwmuGV_Z9rASqEydC&_nc_zt=24&_nc_ht=scontent.cdninstagram.com&_nc_gid=4dLuB4bjw_Uw8w-9zcrBPA&_nc_ss=786a8&oh=00_Af7iIiSrDLk2SbzOworUvgdzJQ7ds_zLa6ZNFAreLtS-Kw&oe=6A113E98","https://www.instagram.com/r.bruno30/","r.bruno30","https://www.instagram.com/p/DXkyjneEfDp/c/18063391295395325/","3 sem","Toda a Solidariedade a Dona MarIA","Responder","","Curtir"
"https://www.instagram.com/wederpiloto/","https://scontent.cdninstagram.com/v/t51.75761-19/496612749_18503939266042443_4909370793610674849_n.jpg?stp=dst-jpg_s150x150_tt6&_nc_cat=109&ccb=7-5&_nc_sid=f7ccc5&efg=eyJ2ZW5jb2RlX3RhZyI6InByb2ZpbGVfcGljLnd3dy4xMDgwLkMzIn0%3D&_nc_ohc=Ba2uhLRR5NYQ7kNvwGQLYuW&_nc_oc=Adojg6uPu9qTszgaY_ZqR0fRFnLyLlpxD3dfLS68A655IpPmbd4lJnP73MhDe878mpxZ91sonTe4gIOho9mQIQyw&_nc_zt=24&_nc_ht=scontent.cdninstagram.com&_nc_gid=4dLuB4bjw_Uw8w-9zcrBPA&_nc_ss=786a8&oh=00_Af47RJMTHEoIYbNioG4ToCI1YrpqKYzfmYwqdXM2wiNudQ&oe=6A1127C3","https://www.instagram.com/wederpiloto/","wederpiloto","https://www.instagram.com/p/DXkyjneEfDp/c/17868538026522932/","3 sem","Já ouviu falar na Venezuela. Brasil já vive em uma ditadura. Onde o governo quer fiscalizar e rastrear a vida dos brasileiros e censurar a população brasileira ainda mais agora com a eleição.","Responder","","Curtir"
"https://www.instagram.com/itamar.lima12/","https://scontent.cdninstagram.com/v/t51.2885-19/326504873_851761049237570_4072153452343697869_n.jpg?stp=dst-jpg_s150x150_tt6&_nc_cat=105&ccb=7-5&_nc_sid=f7ccc5&efg=eyJ2ZW5jb2RlX3RhZyI6InByb2ZpbGVfcGljLnd3dy43MjAuQzMifQ%3D%3D&_nc_ohc=I96Sj5nj3F4Q7kNvwFhWALC&_nc_oc=Adpj9HjIFhgVDLGQrG9PxXWMP1rKTy7yku6oXPEY4W5H6fQ8EvGya1A8iS2YWTQHPnW8oyl_TI007pejXSCCMNqA&_nc_zt=24&_nc_ht=scontent.cdninstagram.com&_nc_ss=786a8&oh=00_Af7w5grCybHINNKK0XJHfEcv4nnv78ukzly8TzycNokExA&oe=6A113A9B","https://www.instagram.com/itamar.lima12/","itamar.lima12","https://www.instagram.com/p/DXkyjneEfDp/c/18052062239548416/","3 sem","Dito isso é uma mula do lula larápio","Responder","","Curtir"
"https://www.instagram.com/alertotal/","https://scontent.cdninstagram.com/v/t51.82787-19/539568470_18521795986032352_2639520389676438121_n.jpg?stp=dst-jpg_s150x150_tt6&_nc_cat=104&ccb=7-5&_nc_sid=f7ccc5&efg=eyJ2ZW5jb2RlX3RhZyI6InByb2ZpbGVfcGljLnd3dy4xMDgwLkMzIn0%3D&_nc_ohc=qgaSAzsimfkQ7kNvwGaj7Pi&_nc_oc=Adripip0Zvw12g_Y2EnpCa5fj09jLzuZhiG_x75ec9MDMT4VLTy8qLvJrexkdmPgUE22GTXV7nFvbASqS2ZSbvCd&_nc_zt=24&_nc_ht=scontent.cdninstagram.com&_nc_gid=4dLuB4bjw_Uw8w-9zcrBPA&_nc_ss=786a8&oh=00_Af4coLpSVVk9VInhhaWujrl_WUc19L1_Puz6WlPqyaRJkQ&oe=6A1142AA","https://www.instagram.com/alertotal/","alertotal","https://www.instagram.com/p/DXkyjneEfDp/c/17889412347352801/","3 sem","Tem acabar com palhaçada da esquerda","Responder","","Curtir"
"https://www.instagram.com/veredmarandrade10/","https://scontent.cdninstagram.com/v/t51.82787-19/624210090_18103835542888323_5901671336468218900_n.jpg?stp=dst-jpg_s150x150_tt6&_nc_cat=100&ccb=7-5&_nc_sid=f7ccc5&efg=eyJ2ZW5jb2RlX3RhZyI6InByb2ZpbGVfcGljLnd3dy4xMDgwLkMzIn0%3D&_nc_ohc=IJgN3SuK9aYQ7kNvwFsDg_t&_nc_oc=AdqJ_O_F1fFZzUdiEe4UoX06BR89p5ioJeHyFYkt2x-yWZUlGK6Oko5deagy_eYrZCutchWAMX9O7f2uIaTfnpk4&_nc_zt=24&_nc_ht=scontent.cdninstagram.com&_nc_gid=4dLuB4bjw_Uw8w-9zcrBPA&_nc_ss=786a8&oh=00_Af7XKaID_maXdRvX8mrpO2W-sCWFv5UzIvp655FnxVHonw&oe=6A113BFE","https://www.instagram.com/veredmarandrade10/","veredmarandrade10","https://www.instagram.com/p/DXkyjneEfDp/c/18101791135970077/","3 sem","Flávio  22","Responder","","Curtir"
"https://www.instagram.com/filipebenitesluz/","https://scontent.cdninstagram.com/v/t51.2885-19/434103666_1330386534319675_5694205398584410115_n.jpg?stp=dst-jpg_s150x150_tt6&_nc_cat=110&ccb=7-5&_nc_sid=f7ccc5&efg=eyJ2ZW5jb2RlX3RhZyI6InByb2ZpbGVfcGljLnd3dy42NDAuQzMifQ%3D%3D&_nc_ohc=r4OWOJe0840Q7kNvwEew1Gp&_nc_oc=AdrgsNY_lWumiUl2tZiE_VkB4yl1TAO24rMXpcZjUM8QgvY2ObcJqVgHkZ0A3fVAjQa092z4-GKKj_DJE-MITmAX&_nc_zt=24&_nc_ht=scontent.cdninstagram.com&_nc_ss=786a8&oh=00_Af6mKJtW4MtW7S83fJFOLJ1qSXHL1ruGy_nszlJpugdd8g&oe=6A113A5B","https://www.instagram.com/filipebenitesluz/","filipebenitesluz","https://www.instagram.com/p/DXkyjneEfDp/c/18050086274722891/","3 sem","CHOQUEI ?????","Responder","","Curtir"
"https://www.instagram.com/sachaandrade2022/","https://scontent.cdninstagram.com/v/t51.82787-19/625175647_18043885202710289_1451033101848548593_n.jpg?stp=dst-jpg_s150x150_tt6&_nc_cat=105&ccb=7-5&_nc_sid=f7ccc5&efg=eyJ2ZW5jb2RlX3RhZyI6InByb2ZpbGVfcGljLnd3dy4xMDgwLkMzIn0%3D&_nc_ohc=p1z65wQl7iYQ7kNvwGXkCcm&_nc_oc=AdoZ496ehR5EysG_A1rA9yn0xwwH7fQdotaS4ZyfiSV7Yprp8lNRELKpI_2NFNUkH4hA5mYYoh-7-uoPWdRPiSAM&_nc_zt=24&_nc_ht=scontent.cdninstagram.com&_nc_gid=4dLuB4bjw_Uw8w-9zcrBPA&_nc_ss=786a8&oh=00_Af4dZUuZDhP683mYZtDGNAa16ohfE-w8S5ZlHoIydwvtuQ&oe=6A1131E2","https://www.instagram.com/sachaandrade2022/","sachaandrade2022","https://www.instagram.com/p/DXkyjneEfDp/c/17850505044679686/","3 sem","Carluxo é xarope demais kkkkkkk","Responder","","Curtir"
"https://www.instagram.com/o_rafael.gomes/","https://scontent.cdninstagram.com/v/t51.82787-19/697108139_17926817490316102_2748216696666175867_n.jpg?stp=dst-jpg_s150x150_tt6&_nc_cat=111&ccb=7-5&_nc_sid=f7ccc5&efg=eyJ2ZW5jb2RlX3RhZyI6InByb2ZpbGVfcGljLnd3dy4xMDgwLkMzIn0%3D&_nc_ohc=aakrRNm9OFQQ7kNvwHDP3Jc&_nc_oc=AdruxOlTSl4-ttA3JEhxtJZjvUzE5DULMqiaJ8Ss-ReZ6PNnOyjyhCYEPaCqM_WL0IRIToWZO8CrszDOQPb79FV1&_nc_zt=24&_nc_ht=scontent.cdninstagram.com&_nc_gid=4dLuB4bjw_Uw8w-9zcrBPA&_nc_ss=786a8&oh=00_Af6Tkui9aFoUwOsH4hcON1ZAsZLNnjPRXFDHaIVi-OaOYA&oe=6A114326","https://www.instagram.com/o_rafael.gomes/","o_rafael.gomes","https://www.instagram.com/p/DXkyjneEfDp/c/18074280818247906/","3 sem","Se fosse um cartunista ou animador tava tudo QUASE certo. Agora porque é IA os caras piram. cada um faz sua arte como pode.","Responder","","Curtir"
"https://www.instagram.com/prof.rodrigor007/","https://scontent.cdninstagram.com/v/t51.2885-19/487873578_546295741393310_9170078770121801944_n.jpg?stp=dst-jpg_s150x150_tt6&_nc_cat=100&ccb=7-5&_nc_sid=f7ccc5&efg=eyJ2ZW5jb2RlX3RhZyI6InByb2ZpbGVfcGljLnd3dy4xMDgwLkMzIn0%3D&_nc_ohc=gd0Y-nZDNpgQ7kNvwFN_0ze&_nc_oc=AdpuOBE5OVDGnPr84qVTfF1QP1SWgIgsNIVC2p97dNVuyWECvijl9iiHVVr00Uko_ghGK5HRZcl0BvtRv_4botx_&_nc_zt=24&_nc_ht=scontent.cdninstagram.com&_nc_ss=786a8&oh=00_Af6NCpDEx4tCRHtA5XSJ73f3Yn1lU5q0vrbWccCEY3rQ5Q&oe=6A111CF5","https://www.instagram.com/prof.rodrigor007/","prof.rodrigor007","https://www.instagram.com/p/DXkyjneEfDp/c/17949901614135215/","3 sem","👏👏👏 Boa dona Maria!","Responder","","Curtir"
"https://www.instagram.com/williamwinkelwinkel/","https://scontent.cdninstagram.com/v/t51.89012-19/573323465_1219825463302212_7278921664109726296_n.jpg?stp=dst-jpg_s150x150_tt6&_nc_cat=1&ccb=7-5&_nc_sid=f7ccc5&efg=eyJ2ZW5jb2RlX3RhZyI6InByb2ZpbGVfcGljLnd3dy5DMyJ9&_nc_ohc=_4tC3MUfCWEQ7kNvwE16xtB&_nc_oc=AdqXylCPb_5IssA9ODsJYf_bLhThMeriY6ONIKusdLzJpr1vsqIoiTJtjP_NL9SSZW2g3O67PAO7cn_Q4MnWMlAW&_nc_zt=24&_nc_ht=scontent.cdninstagram.com&_nc_gid=7TtQSpWLw9fFl4xKmC2Rfg&_nc_ss=786a8&oh=00_Af7GTNhtWYU0jOwF2XOflPPiWOxhditGJ0lKLyN4nN5vaA&oe=6A113522","https://www.instagram.com/williamwinkelwinkel/","williamwinkelwinkel","https://www.instagram.com/p/DXkyjneEfDp/c/17921323245306083/","3 sem","Os partidos que se dizem democráticos, são os que mais gostam de calar o povo","Responder","","Curtir"
"https://www.instagram.com/wescpcar/","https://scontent.cdninstagram.com/v/t51.82787-19/675354581_18415860118135774_6721308483470251839_n.jpg?stp=dst-jpg_s150x150_tt6&_nc_cat=110&ccb=7-5&_nc_sid=f7ccc5&efg=eyJ2ZW5jb2RlX3RhZyI6InByb2ZpbGVfcGljLnd3dy4xMDgwLkMzIn0%3D&_nc_ohc=VlUbIgXZ094Q7kNvwFzB34q&_nc_oc=AdooQOkABimRQri8eu8KoG_1ZExV5v_2z18wfKd4uQqe7btP7dRW59oYcxCf_8i89-JV6DEAuzcjIvsEbIdL-AQX&_nc_zt=24&_nc_ht=scontent.cdninstagram.com&_nc_gid=7TtQSpWLw9fFl4xKmC2Rfg&_nc_ss=786a8&oh=00_Af5bTJP7WXkUFHNWAKaXxHcRJhX1hae_NK1YWNnhjBv9Aw&oe=6A113795","https://www.instagram.com/wescpcar/","wescpcar","https://www.instagram.com/p/DXkyjneEfDp/c/18220344727316103/","3 sem",".maria🇧🇷🇧🇷🇧🇷","Responder","Ver tradução","Curtir"
"https://www.instagram.com/fernandabatistasjc/","https://scontent.cdninstagram.com/v/t51.82787-19/671100660_18576089113033087_7521555855713750578_n.jpg?stp=dst-jpg_s150x150_tt6&_nc_cat=110&ccb=7-5&_nc_sid=f7ccc5&efg=eyJ2ZW5jb2RlX3RhZyI6InByb2ZpbGVfcGljLnd3dy4xMDgwLkMzIn0%3D&_nc_ohc=DroIGEVdvnEQ7kNvwEBKbq1&_nc_oc=AdrxxlbxXLwFt_L3jzpRxW3FdY7CqYvYjUyxJNQVYCBoIqSr9G55RsxLVKIDUJqBDOCow3x_Iy9kZLBDc2zBtccZ&_nc_zt=24&_nc_ht=scontent.cdninstagram.com&_nc_gid=7TtQSpWLw9fFl4xKmC2Rfg&_nc_ss=786a8&oh=00_Af5NyLMosynnAJQM-FZS5TXJ413SI7dp8iqR7ZodivDOGw&oe=6A113661","https://www.instagram.com/fernandabatistasjc/","fernandabatistasjc","https://www.instagram.com/p/DXkyjneEfDp/c/18113919985793449/","3 sem","Só rindo😂😂😂😂 fake news , na veia.","Responder","","Curtir"
"https://www.instagram.com/crsheletricons/","https://scontent.cdninstagram.com/v/t51.2885-19/478412534_921411803407233_1045256469610668519_n.jpg?stp=dst-jpg_s150x150_tt6&_nc_cat=109&ccb=7-5&_nc_sid=f7ccc5&efg=eyJ2ZW5jb2RlX3RhZyI6InByb2ZpbGVfcGljLnd3dy4xMDgwLkMzIn0%3D&_nc_ohc=zUVLGb30WiIQ7kNvwH2ILzM&_nc_oc=Adql8H3p04t2pZKvfwqeg5c0y5croGrJMUcws3wlgEbkaqdH16oYzqPY6PnvTVMy1l2OeA-34MMTFU5lFzibumou&_nc_zt=24&_nc_ht=scontent.cdninstagram.com&_nc_ss=786a8&oh=00_Af5FkRIeafaNy4HbWTOCblvlKpdtnsyry4gRbInC8DzIEw&oe=6A1111AE","https://www.instagram.com/crsheletricons/","crsheletricons","https://www.instagram.com/p/DXkyjneEfDp/c/18137791168525067/","3 sem","😂😂😂😂😂😂😂","Responder","","Curtir"
"https://www.instagram.com/suedgoleiro/","https://scontent.cdninstagram.com/v/t51.82787-19/570439509_17889580686368843_3403061455476434179_n.jpg?stp=dst-jpg_s150x150_tt6&_nc_cat=104&ccb=7-5&_nc_sid=f7ccc5&efg=eyJ2ZW5jb2RlX3RhZyI6InByb2ZpbGVfcGljLnd3dy4xMDgwLkMzIn0%3D&_nc_ohc=_mWo_kdzXXcQ7kNvwFd9iR6&_nc_oc=AdqZSob8d2hVRXativLJn1-WQ5lGygm8fSQGEk_gNuDfazAf1pX2glEgNNQBaFPfOIcZ2pMsnXkraMCw85P41VwK&_nc_zt=24&_nc_ht=scontent.cdninstagram.com&_nc_gid=7TtQSpWLw9fFl4xKmC2Rfg&_nc_ss=786a8&oh=00_Af6Rk_l8QFkw8fQ3Vq0cVKn0HvWk91O2H47mdKhyZ4ePoQ&oe=6A112390","https://www.instagram.com/suedgoleiro/","suedgoleiro","https://www.instagram.com/p/DXkyjneEfDp/c/17934614958240433/","3 sem","😂😂😂😂😂😂😂","Responder","","Curtir"
"https://www.instagram.com/elizabeth.d.neves/","https://scontent.cdninstagram.com/v/t51.2885-19/88270062_668580710614153_255466097875091456_n.jpg?stp=dst-jpg_s150x150_tt6&_nc_cat=105&ccb=7-5&_nc_sid=f7ccc5&efg=eyJ2ZW5jb2RlX3RhZyI6InByb2ZpbGVfcGljLnd3dy43MjkuQzMifQ%3D%3D&_nc_ohc=qwvvZ0yN2kYQ7kNvwHlEkfN&_nc_oc=AdpxE4QYb6btk2XSzyA61wpxvpIcFBeL9sleaysXhWQtPtRyYQhr5ogVw8dIAud497K3QRGMs6GE61N5imqSebTa&_nc_zt=24&_nc_ht=scontent.cdninstagram.com&_nc_ss=786a8&oh=00_Af7Gq-yFmm0R6ra4y-DKA1DEYZMrMOUksJOTsw--l7I43g&oe=6A112B3C","https://www.instagram.com/elizabeth.d.neves/","elizabeth.d.neves","https://www.instagram.com/p/DXkyjneEfDp/c/18585799699025301/","3 sem","Lulla com medo de D. Maria !!😂😂😂😂😂😂","Responder","","Curtir"
"https://www.instagram.com/ednagnann/","https://scontent.cdninstagram.com/v/t51.2885-19/324707134_3055743411389729_8616167836272055343_n.jpg?stp=dst-jpg_s150x150_tt6&_nc_cat=101&ccb=7-5&_nc_sid=f7ccc5&efg=eyJ2ZW5jb2RlX3RhZyI6InByb2ZpbGVfcGljLnd3dy41MzguQzMifQ%3D%3D&_nc_ohc=t5PKBGnxIiMQ7kNvwEYg54Z&_nc_oc=AdoDhmhu6K9Oi4oiuSCjBpfBcdS2ItRrsxN8qP1zXLbUstIlnBbIsMD2uy0eSi-6ZaKC5zl9H8ho5wfhnhfKqR23&_nc_zt=24&_nc_ht=scontent.cdninstagram.com&_nc_ss=786a8&oh=00_Af6si916A1pO7h7-Gg_yUMn09oIkjnqlGUyx_ADEN9kBaw&oe=6A114292","https://www.instagram.com/ednagnann/","ednagnann","https://www.instagram.com/p/DXkyjneEfDp/c/17958754074093675/","3 sem","No Brasil, falar verdade virou atacar.","Responder","","Curtir"
"https://www.instagram.com/danni_monteiiro/","https://scontent.cdninstagram.com/v/t51.2885-19/455931276_526495879726353_2900478868928949048_n.jpg?stp=dst-jpg_s150x150_tt6&_nc_cat=105&ccb=7-5&_nc_sid=f7ccc5&efg=eyJ2ZW5jb2RlX3RhZyI6InByb2ZpbGVfcGljLnd3dy4xMDgwLkMzIn0%3D&_nc_ohc=Ha6lmA6rzfAQ7kNvwFsrj9o&_nc_oc=AdqG5D-aS7YZMNrZRLWRCdY1T_1T5ggkhhrPQAx2RynAPWYVjPamF33QHKVVwbnsnHrRRvRLhDr0FIFDOwVmkT_3&_nc_zt=24&_nc_ht=scontent.cdninstagram.com&_nc_ss=786a8&oh=00_Af56zS9jO-UIdt8lrIj0ulim-PVVoc6hEmX-qrgXeEFJmw&oe=6A1133BE","https://www.instagram.com/danni_monteiiro/","danni_monteiiro","https://www.instagram.com/p/DXkyjneEfDp/c/18068653910325395/","3 sem","Quem faz montagens de ia o tempo todo é o esquerdista 😂","Responder","","Curtir"
"https://www.instagram.com/vandersonavelino/","https://scontent.cdninstagram.com/v/t51.2885-19/465763114_1293144325157907_6770041851853203617_n.jpg?stp=dst-jpg_s150x150_tt6&_nc_cat=102&ccb=7-5&_nc_sid=f7ccc5&efg=eyJ2ZW5jb2RlX3RhZyI6InByb2ZpbGVfcGljLnd3dy4xMDgwLkMzIn0%3D&_nc_ohc=UkE26gwlNFMQ7kNvwEMgtXS&_nc_oc=AdomQdu2KGXXL7U7SLwOxV4dY92MqW40ET7LhVl6JfWem_BCJDHAm-d9jwWUQfWJpovZd9j-5_lcrhgdbmh0F-1x&_nc_zt=24&_nc_ht=scontent.cdninstagram.com&_nc_ss=786a8&oh=00_Af7i_GKXbGCJlaDTCkeN5RXYKPRDnqUxP9RJFcdM9JVMFg&oe=6A111853","https://www.instagram.com/vandersonavelino/","vandersonavelino","https://www.instagram.com/p/DXkyjneEfDp/c/18011783561700528/","3 sem","Ainda bem que essa geração está se acabando","Responder","","Curtir"
"https://www.instagram.com/leipereira_oficial99/","https://scontent.cdninstagram.com/v/t51.2885-19/469234141_1812709706136231_1382459589888036381_n.jpg?stp=dst-jpg_s150x150_tt6&_nc_cat=101&ccb=7-5&_nc_sid=f7ccc5&efg=eyJ2ZW5jb2RlX3RhZyI6InByb2ZpbGVfcGljLnd3dy4xMDgwLkMzIn0%3D&_nc_ohc=SamZDgCYHdkQ7kNvwHA25sM&_nc_oc=Adq1s5Q8LuCxHa65usTCCDOs5CKW7OO0OD0FZu0PfK__HfWlZMHzjqKgh8lyLGMQPx9nwFIeIFQ9gc7lIYVz5iT0&_nc_zt=24&_nc_ht=scontent.cdninstagram.com&_nc_ss=786a8&oh=00_Af4ymSPX4LIkC5k0aY8AbA57RfW2sd45UDx_xYLQF2SNPQ&oe=6A112D97","https://www.instagram.com/leipereira_oficial99/","leipereira_oficial99","https://www.instagram.com/p/DXkyjneEfDp/c/18118695982658779/","3 sem","A voz do galego Hilton","Responder","Ver tradução","Curtir"
"https://www.instagram.com/ildachiamulerad/","https://scontent.cdninstagram.com/v/t51.89012-19/573323465_1219825463302212_7278921664109726296_n.jpg?stp=dst-jpg_s150x150_tt6&_nc_cat=1&ccb=7-5&_nc_sid=f7ccc5&efg=eyJ2ZW5jb2RlX3RhZyI6InByb2ZpbGVfcGljLnd3dy5DMyJ9&_nc_ohc=_4tC3MUfCWEQ7kNvwE16xtB&_nc_oc=AdqXylCPb_5IssA9ODsJYf_bLhThMeriY6ONIKusdLzJpr1vsqIoiTJtjP_NL9SSZW2g3O67PAO7cn_Q4MnWMlAW&_nc_zt=24&_nc_ht=scontent.cdninstagram.com&_nc_gid=7TtQSpWLw9fFl4xKmC2Rfg&_nc_ss=786a8&oh=00_Af7GTNhtWYU0jOwF2XOflPPiWOxhditGJ0lKLyN4nN5vaA&oe=6A113522","https://www.instagram.com/ildachiamulerad/","ildachiamulerad","https://www.instagram.com/p/DXkyjneEfDp/c/17928144534087630/","3 sem","Lula PCC Cachaceiro traficante drogas Colômbia Lula PCC... Traficante drogas..","Responder","","Curtir"
"https://www.instagram.com/eduardochaffin/","https://scontent.cdninstagram.com/v/t51.2885-19/11374085_680672858699348_1411142591_a.jpg?_nc_cat=108&ccb=7-5&_nc_sid=f7ccc5&efg=eyJ2ZW5jb2RlX3RhZyI6InByb2ZpbGVfcGljLnd3dy4xNTAuQzMifQ%3D%3D&_nc_ohc=lNs6PkxzKuoQ7kNvwGsXNz6&_nc_oc=AdoYukzl_UzlZEehiJjwMR7QuoriSq6DZggg8dOyOO-X6dvUGrtNor-ZKnw8mdNcZReEaH7vR4Ry5c3HwqtVnI8G&_nc_zt=24&_nc_ht=scontent.cdninstagram.com&_nc_ss=786a8&oh=00_Af6PXhIHRCNa6yI_brPeK24r2FVr6UHm5GrfN2jx6FpXRg&oe=6A111DCE","https://www.instagram.com/eduardochaffin/","eduardochaffin","https://www.instagram.com/p/DXkyjneEfDp/c/18132822370552555/","3 sem","Dona Zema 👏👏👏","Responder","","Curtir"
"https://www.instagram.com/adir_goias/","https://scontent.cdninstagram.com/v/t51.75761-19/510925874_18511686550006027_476144694646459651_n.jpg?stp=dst-jpg_s150x150_tt6&_nc_cat=108&ccb=7-5&_nc_sid=f7ccc5&efg=eyJ2ZW5jb2RlX3RhZyI6InByb2ZpbGVfcGljLnd3dy4xMDgwLkMzIn0%3D&_nc_ohc=uEazNTlyGiUQ7kNvwFJNZFU&_nc_oc=AdoCA6pWhue72cZhAY7jLBsnpO4sogS0YDvPYbVnT_yIJktxe3DsmpXlH6BY13TW45DPOrJ2RxAsQu8WvL4GGINL&_nc_zt=24&_nc_ht=scontent.cdninstagram.com&_nc_gid=7TtQSpWLw9fFl4xKmC2Rfg&_nc_ss=786a8&oh=00_Af4g79JlXL0TonogapAeJxmJyGS6Tk3EcXicRP9fobUnfg&oe=6A11459C","https://www.instagram.com/adir_goias/","adir_goias","https://www.instagram.com/p/DXkyjneEfDp/c/17970863457018487/","3 sem","Monte de gente dizendo q vai seguir a página dela. Obviamente, vcs de direita adoram uma Fake News. Ainda mais vindo de uma pessoa “falsa”","Responder","","Curtir"
"https://www.instagram.com/ivonetetillmann/","https://scontent.cdninstagram.com/v/t51.2885-19/327147697_708052714288952_7985577578178906786_n.jpg?stp=dst-jpg_s150x150_tt6&_nc_cat=102&ccb=7-5&_nc_sid=f7ccc5&efg=eyJ2ZW5jb2RlX3RhZyI6InByb2ZpbGVfcGljLnd3dy4xMDgwLkMzIn0%3D&_nc_ohc=R7-lvKGd858Q7kNvwFVSETR&_nc_oc=Adr5uJ22Mrue-IoDtds12R432EoQHQm6g9wA57pymfqAFiW-JCzfCQnc6xzOqCS4hq06_2MNZzPtnfOC1DfS7wdO&_nc_zt=24&_nc_ht=scontent.cdninstagram.com&_nc_ss=786a8&oh=00_Af65n6_okzaAQy747iH3RZVBEs3Tm0vqOGvFa00bAB7Y-A&oe=6A11108B","https://www.instagram.com/ivonetetillmann/","ivonetetillmann","https://www.instagram.com/p/DXkyjneEfDp/c/17997844157926729/","3 sem","FALOU A VDD NO MUNDO DE FAZ DE CONTA DO PT 😂😂😂😂😂 OS INTOCÁVEIS FICARAM BRAVINHOS 😂","Responder","","Curtir"
"https://www.instagram.com/jr_se01/","https://scontent.cdninstagram.com/v/t51.82787-19/631866725_18548322229017758_7993461807329721465_n.jpg?stp=dst-jpg_s150x150_tt6&_nc_cat=101&ccb=7-5&_nc_sid=f7ccc5&efg=eyJ2ZW5jb2RlX3RhZyI6InByb2ZpbGVfcGljLnd3dy4xMDgwLkMzIn0%3D&_nc_ohc=wseROCK9DUAQ7kNvwFTjdFJ&_nc_oc=Adr53rilTNP-QmlYVjiAxOeFehV4QgXt0Fg0nr1Bpjjq9RSUS6H06rOu2XhX_rULgwWwZqUlftimv9JrQ1ZpbV7Q&_nc_zt=24&_nc_ht=scontent.cdninstagram.com&_nc_gid=9bDeyAsatKePm0yPqQlb1A&_nc_ss=786a8&oh=00_Af5zPL8IReaJu2VIhJEv_7_Jg4cBBsijk4tExxGbx3iHjQ&oe=6A112ACD","https://www.instagram.com/jr_se01/","jr_se01","https://www.instagram.com/p/DXkyjneEfDp/c/18077636363170049/","3 sem","Pode falar. Mentir, o kralho a 4, é Lula até o fim!","Responder","","Curtir"
"https://www.instagram.com/marcusvscruz/","https://scontent.cdninstagram.com/v/t51.82787-19/521275291_18010977215773713_8032751425296252643_n.jpg?stp=dst-jpg_s150x150_tt6&_nc_cat=111&ccb=7-5&_nc_sid=f7ccc5&efg=eyJ2ZW5jb2RlX3RhZyI6InByb2ZpbGVfcGljLnd3dy4xMDgwLkMzIn0%3D&_nc_ohc=-ZnqzR4zn_0Q7kNvwF4lFez&_nc_oc=AdrKlprGJXxWpAacqH5vnvZhGU-sDiVJUJuM85wR9t5SkbcRj7zvOIzmKxoD1zEU6bN5zB96J3KL1bAGhJUqXDl8&_nc_zt=24&_nc_ht=scontent.cdninstagram.com&_nc_gid=9bDeyAsatKePm0yPqQlb1A&_nc_ss=786a8&oh=00_Af4lrrvYbAFZf_ZWNqhWfRlhdapV12AAoEGTcTiB4dGLAg&oe=6A110E80","https://www.instagram.com/marcusvscruz/","marcusvscruz","https://www.instagram.com/p/DXkyjneEfDp/c/18075606707207502/","3 sem","Falar a verdade nesse país agora é ""ofensa"" e ""preconceito"".. chamar L4DRÃO de L4DRÃO é proibido. imaginem se aquela lei de misoginia tivesse aprovada..","Responder","","Curtir"
"https://www.instagram.com/selmasantos3726/","https://scontent.cdninstagram.com/v/t51.2885-19/449565343_2384025915121028_8600599551496033863_n.jpg?stp=dst-jpg_s150x150_tt6&_nc_cat=103&ccb=7-5&_nc_sid=f7ccc5&efg=eyJ2ZW5jb2RlX3RhZyI6InByb2ZpbGVfcGljLnd3dy4xMDgwLkMzIn0%3D&_nc_ohc=7FFuelD6lH8Q7kNvwEdiS_w&_nc_oc=AdpoAk5p0_RcyGvjSkdOItU4uA95AQ9ifdSfEnyTkqIM_b4vJxPKMdmmdrzRunaOmrqDKZCHJl64QOZs8R63p7xQ&_nc_zt=24&_nc_ht=scontent.cdninstagram.com&_nc_ss=786a8&oh=00_Af5hRBI6ajU7Lp_SF2vmCiQAll1hLj-Nme1yQfkfI3fJKw&oe=6A112895","https://www.instagram.com/selmasantos3726/","selmasantos3726","https://www.instagram.com/p/DXkyjneEfDp/c/18121341628652656/","3 sem","FALAR VERDADE É CRIME. ACORDA BRASIL 🇧🇷🫵 ACORDA POVO BRASILEIROS 🇧🇷🫵 ACORDA JUMENTOS ANALFABETOS IGNORANTES","Responder","","Curtir"
"https://www.instagram.com/moises__amorim_/","https://scontent.cdninstagram.com/v/t51.82787-19/671770583_18098481857011163_3669814602824873133_n.jpg?stp=dst-jpg_s150x150_tt6&_nc_cat=102&ccb=7-5&_nc_sid=f7ccc5&efg=eyJ2ZW5jb2RlX3RhZyI6InByb2ZpbGVfcGljLnd3dy44MTAuQzMifQ%3D%3D&_nc_ohc=8fR0WeTjSlIQ7kNvwHrq5hb&_nc_oc=AdoPA-S-y2uPW0M4J-hQTIO9y8bVDsrVfM9frgGNMcOESw3c1DSFiQb-0nDthFUZDxh9uWvmzpi2yHbx3wpAdqMk&_nc_zt=24&_nc_ht=scontent.cdninstagram.com&_nc_gid=9bDeyAsatKePm0yPqQlb1A&_nc_ss=786a8&oh=00_Af5kQ9Dr9vckuzxG5EqY2WN_IJE9PDGyNAEorC9HnpwVbg&oe=6A111ECB","https://www.instagram.com/moises__amorim_/","moises__amorim_","https://www.instagram.com/p/DXkyjneEfDp/c/18141099319508321/","3 sem","Falou a verdade. Mais muitos vão usar pra espalhar fackniws. Então melhror barrar logo antes da eleição.","Responder","","Curtir"
"https://www.instagram.com/ivonetetillmann/","https://scontent.cdninstagram.com/v/t51.2885-19/327147697_708052714288952_7985577578178906786_n.jpg?stp=dst-jpg_s150x150_tt6&_nc_cat=102&ccb=7-5&_nc_sid=f7ccc5&efg=eyJ2ZW5jb2RlX3RhZyI6InByb2ZpbGVfcGljLnd3dy4xMDgwLkMzIn0%3D&_nc_ohc=R7-lvKGd858Q7kNvwFVSETR&_nc_oc=Adr5uJ22Mrue-IoDtds12R432EoQHQm6g9wA57pymfqAFiW-JCzfCQnc6xzOqCS4hq06_2MNZzPtnfOC1DfS7wdO&_nc_zt=24&_nc_ht=scontent.cdninstagram.com&_nc_ss=786a8&oh=00_Af65n6_okzaAQy747iH3RZVBEs3Tm0vqOGvFa00bAB7Y-A&oe=6A11108B","https://www.instagram.com/ivonetetillmann/","ivonetetillmann","https://www.instagram.com/p/DXkyjneEfDp/c/18092569247465690/","3 sem","Vai vendo 👀 Brasil..Foralula,forapt.!FLÁVIO BOLSONARO PRESIDENTE 2026🇧🇷🇧🇷💚💛🇧🇷💚💛🇧🇷💚💛🇧🇷💚💛🇧🇷💚💛🇧🇷Vai vendo 👀 Brasil..Foralula,forapt.!FLÁVIO BOLSONARO PRESIDENTE 2026🇧🇷🇧🇷💚💛🇧🇷💚💛🇧🇷💚💛🇧🇷💚💛🇧🇷💚💛🇧🇷Vai vendo 👀 Brasil..Foralula,forapt.!FLÁVIO BOLSONARO PRESIDENTE 2026🇧🇷🇧🇷💚💛🇧🇷💚💛🇧🇷💚💛🇧🇷💚💛🇧🇷💚💛🇧🇷Vai vendo 👀 Brasil..Foralula,forapt.!FLÁVIO BOLSONARO PRESIDENTE 2026🇧🇷🇧🇷💚💛🇧🇷💚💛🇧🇷💚💛🇧🇷💚💛🇧🇷💚💛🇧🇷","Responder","","Curtir"
"https://www.instagram.com/j_u_a_n_5_5_6/","https://scontent.cdninstagram.com/v/t51.82787-19/541688869_18528081778062032_700424915577392061_n.jpg?stp=dst-jpg_s150x150_tt6&_nc_cat=103&ccb=7-5&_nc_sid=f7ccc5&efg=eyJ2ZW5jb2RlX3RhZyI6InByb2ZpbGVfcGljLnd3dy4xMDgwLkMzIn0%3D&_nc_ohc=JjFqSziGrRwQ7kNvwFD_V3q&_nc_oc=AdpEBuOO0fu8zve7m-uXmlYSBrtSKN8sMVgrjcVik1gA5k4iDbvbhESWh14C8_di1S6MrZfHf5bjq4u4hwJCp379&_nc_zt=24&_nc_ht=scontent.cdninstagram.com&_nc_gid=9bDeyAsatKePm0yPqQlb1A&_nc_ss=786a8&oh=00_Af7a88qvrdLF6A5PilbzWL2QhMcJsHgYetPtzPS7qXIV4Q&oe=6A113C46","https://www.instagram.com/j_u_a_n_5_5_6/","j_u_a_n_5_5_6","https://www.instagram.com/p/DXkyjneEfDp/c/17869310304512562/","3 sem","Gostei","Responder","","Curtir"
"https://www.instagram.com/pedr0.arruda._/","https://scontent.cdninstagram.com/v/t51.82787-19/696848656_18057313445715551_5410004302630006054_n.jpg?stp=dst-jpg_s150x150_tt6&_nc_cat=101&ccb=7-5&_nc_sid=f7ccc5&efg=eyJ2ZW5jb2RlX3RhZyI6InByb2ZpbGVfcGljLnd3dy4xMDgwLkMzIn0%3D&_nc_ohc=nn9Hb1fh5HcQ7kNvwEaEaz8&_nc_oc=AdqRVCtKLZRHKaCAdwIN03mwEkxbEoowylYF3zIIJLplHqWHOIhlZ3nABClvvOa9M5OtyO-uAwdr9pck0pWhH0G7&_nc_zt=24&_nc_ht=scontent.cdninstagram.com&_nc_gid=9bDeyAsatKePm0yPqQlb1A&_nc_ss=786a8&oh=00_Af4KjbwgPgJTqEyiULjardBOMdJJaOY7X2nWTVkHnmMfPg&oe=6A11373D","https://www.instagram.com/pedr0.arruda._/","pedr0.arruda._","https://www.instagram.com/p/DXkyjneEfDp/c/18084659117620511/","3 sem","Qual o problema?","Responder","","Curtir"
"https://www.instagram.com/antoniopereirado63/","https://scontent.cdninstagram.com/v/t51.82787-19/525571629_17861856081444096_3530157767614342568_n.jpg?stp=dst-jpg_s150x150_tt6&_nc_cat=101&ccb=7-5&_nc_sid=f7ccc5&efg=eyJ2ZW5jb2RlX3RhZyI6InByb2ZpbGVfcGljLnd3dy40MDYuQzMifQ%3D%3D&_nc_ohc=Vo8yfPH56Z0Q7kNvwEJluXe&_nc_oc=AdrQBxNY_hwxeNakPOTXsbtltVYRlPN2tQjPmAfqi90xP07eusJcuz4xOo5UlPaDcFqFz0RL9gtoHPT7FmR9zzNk&_nc_zt=24&_nc_ht=scontent.cdninstagram.com&_nc_gid=9bDeyAsatKePm0yPqQlb1A&_nc_ss=786a8&oh=00_Af4zmr4uxhEP4keD5DkJRwb70X1d-2iW-NFML02cIJ-Dkw&oe=6A1137C8","https://www.instagram.com/antoniopereirado63/","antoniopereirado63","https://www.instagram.com/p/DXkyjneEfDp/c/18019568033834154/","3 sem","","Responder","","Curtir"
"https://www.instagram.com/lfsr1210/","https://scontent.cdninstagram.com/v/t51.2885-19/339281849_650029606872270_3251677133799234748_n.jpg?stp=dst-jpg_s150x150_tt6&_nc_cat=110&ccb=7-5&_nc_sid=f7ccc5&efg=eyJ2ZW5jb2RlX3RhZyI6InByb2ZpbGVfcGljLnd3dy43MDUuQzMifQ%3D%3D&_nc_ohc=L077IHoXtvIQ7kNvwE8gM9j&_nc_oc=AdrGZEYeByYD54z-9xvUFylyu6dDFmSEHZa5R15XN-QGz8uVmo8uzA0axB0YYOaC25IKqmMtIDZ0cTZFS8Bv1AzY&_nc_zt=24&_nc_ht=scontent.cdninstagram.com&_nc_ss=786a8&oh=00_Af6L1dULl35I0rQo1KRS_S-TWQGU4EeuqVdMvzMMQcDqug&oe=6A1115FC","https://www.instagram.com/lfsr1210/","lfsr1210","https://www.instagram.com/p/DXkyjneEfDp/c/18104479106313152/","3 sem","Se ta de Chico.......uhum 😂😂😂😂😂","Responder","","Curtir"
"https://www.instagram.com/sirleniltonsousa/","https://scontent.cdninstagram.com/v/t51.2885-19/263197105_1087746098661398_5958102608066796983_n.jpg?stp=dst-jpg_s150x150_tt6&_nc_cat=106&ccb=7-5&_nc_sid=f7ccc5&efg=eyJ2ZW5jb2RlX3RhZyI6InByb2ZpbGVfcGljLnd3dy44MTAuQzMifQ%3D%3D&_nc_ohc=mHo-xU1tCZ4Q7kNvwE7kniP&_nc_oc=AdoAIC21wCSORv2bt6BZnnJoFmcUNrEgjrA0osI64DphtTd-XpZ7XraCdbGTWFAsVZVPD6soSBSL-Zx0LPWW99xY&_nc_zt=24&_nc_ht=scontent.cdninstagram.com&_nc_ss=786a8&oh=00_Af5Yz-OzlW0sVHKy8t8SAZKZGUaomTYOoo752sFfWjhXYw&oe=6A1114BD","https://www.instagram.com/sirleniltonsousa/","sirleniltonsousa","https://www.instagram.com/p/DXkyjneEfDp/c/18095540555128966/","3 sem","A verdade incomoda, os ladrões que vivem explorando e roubando a população, surta com a verdade.","Responder","","Curtir"
"https://www.instagram.com/evanidemartins/","https://scontent.cdninstagram.com/v/t51.82787-19/545120579_18236097415289254_4622623037026716503_n.jpg?stp=dst-jpg_s150x150_tt6&_nc_cat=108&ccb=7-5&_nc_sid=f7ccc5&efg=eyJ2ZW5jb2RlX3RhZyI6InByb2ZpbGVfcGljLnd3dy4xMDgwLkMzIn0%3D&_nc_ohc=aFOGVjWi8HEQ7kNvwH_Aopo&_nc_oc=AdqU_awiP5B4LB1-DxF2fAzLwuLAz334GPF60-quLpqVYB8DM1kXNiatK_8B_lsr4qdHu9p4lI_bFmIMu4ufcFQF&_nc_zt=24&_nc_ht=scontent.cdninstagram.com&_nc_gid=9bDeyAsatKePm0yPqQlb1A&_nc_ss=786a8&oh=00_Af5mac3U6lt7ZIXhljLlw7eHo7DKnjmJWM-SASv1aGU_nA&oe=6A112AC3","https://www.instagram.com/evanidemartins/","evanidemartins","https://www.instagram.com/p/DXkyjneEfDp/c/18000787517746770/","3 sem","..","Responder","","Curtir"
"https://www.instagram.com/ribafotos/","https://scontent.cdninstagram.com/v/t51.82787-19/658968119_18567595453030626_892206618792998704_n.jpg?stp=dst-jpg_s150x150_tt6&_nc_cat=102&ccb=7-5&_nc_sid=f7ccc5&efg=eyJ2ZW5jb2RlX3RhZyI6InByb2ZpbGVfcGljLnd3dy44MjguQzMifQ%3D%3D&_nc_ohc=kFxihS8Mc7gQ7kNvwG0S7CT&_nc_oc=AdosI30TWQNquaKSUNm8Mr7EvlqRm3zj03T2wF4cLkoYipUk9YbeYnEbAXzlSB-OR0VhbdqW4eMlYiQrBk3XzPnk&_nc_zt=24&_nc_ht=scontent.cdninstagram.com&_nc_gid=9bDeyAsatKePm0yPqQlb1A&_nc_ss=786a8&oh=00_Af6uwFgHN4hb6nIXx0vk3_QtqLlG2Ymmjg3kL7jwlNu14A&oe=6A113002","https://www.instagram.com/ribafotos/","ribafotos","https://www.instagram.com/p/DXkyjneEfDp/c/18102763628481049/","3 sem","que bosta","Responder","","Curtir"
"https://www.instagram.com/moises__amorim_/","https://scontent.cdninstagram.com/v/t51.82787-19/671770583_18098481857011163_3669814602824873133_n.jpg?stp=dst-jpg_s150x150_tt6&_nc_cat=102&ccb=7-5&_nc_sid=f7ccc5&efg=eyJ2ZW5jb2RlX3RhZyI6InByb2ZpbGVfcGljLnd3dy44MTAuQzMifQ%3D%3D&_nc_ohc=8fR0WeTjSlIQ7kNvwHrq5hb&_nc_oc=AdoPA-S-y2uPW0M4J-hQTIO9y8bVDsrVfM9frgGNMcOESw3c1DSFiQb-0nDthFUZDxh9uWvmzpi2yHbx3wpAdqMk&_nc_zt=24&_nc_ht=scontent.cdninstagram.com&_nc_gid=9bDeyAsatKePm0yPqQlb1A&_nc_ss=786a8&oh=00_Af5kQ9Dr9vckuzxG5EqY2WN_IJE9PDGyNAEorC9HnpwVbg&oe=6A111ECB","https://www.instagram.com/moises__amorim_/","moises__amorim_","https://www.instagram.com/p/DXkyjneEfDp/c/18320751298284909/","3 sem","Eu apoio que isso seja proibido 🚫","Responder","","Curtir"
"https://www.instagram.com/estelacarvalho24/","https://scontent.cdninstagram.com/v/t51.82787-19/592460018_18387167710180667_2223788659222862441_n.jpg?stp=dst-jpg_s150x150_tt6&_nc_cat=101&ccb=7-5&_nc_sid=f7ccc5&efg=eyJ2ZW5jb2RlX3RhZyI6InByb2ZpbGVfcGljLnd3dy4xMDgwLkMzIn0%3D&_nc_ohc=6D9G9FoRDiAQ7kNvwEOsgYw&_nc_oc=AdqZKpbvfg6DCncWHsn-Bpvj7GvCSFPx6-hs1WNSCtQUGYZrP-wPo23kZrBZkmwMtf_U3BNvVeJgNMWMeZ1FFyol&_nc_zt=24&_nc_ht=scontent.cdninstagram.com&_nc_gid=9bDeyAsatKePm0yPqQlb1A&_nc_ss=786a8&oh=00_Af6NWy5nDGMmYKVMml4ZKQqHIxRrnXk_PJ_OQCgEyWqT0Q&oe=6A1113D2","https://www.instagram.com/estelacarvalho24/","estelacarvalho24","https://www.instagram.com/p/DXkyjneEfDp/c/18186897160326816/","3 sem","A pág só tem fake","Responder","","Curtir"
"https://www.instagram.com/carcara.93/","https://scontent.cdninstagram.com/v/t51.2885-19/125836116_1106130643144643_3419425338456337924_n.jpg?stp=dst-jpg_s150x150_tt6&_nc_cat=104&ccb=7-5&_nc_sid=f7ccc5&efg=eyJ2ZW5jb2RlX3RhZyI6InByb2ZpbGVfcGljLnd3dy43NzguQzMifQ%3D%3D&_nc_ohc=vsrqJEcxKzQQ7kNvwEujYQq&_nc_oc=AdqXPwCV76Ydsi9BSE9TPXQfFMUMkO2lNegrXPV-6CW2457lBc96cry7x_9FyhGQws_0w6Qkl1nkhYtu-Y8kTlQ2&_nc_zt=24&_nc_ht=scontent.cdninstagram.com&_nc_ss=786a8&oh=00_Af6sqBWagM6TYZksbBUqwGzGPsfwrQz-rw_GzcE4D4at8Q&oe=6A11314C","https://www.instagram.com/carcara.93/","carcara.93","https://www.instagram.com/p/DXkyjneEfDp/c/17922959991318378/","3 sem","Pq o criador não fez um personagem parecido com ele ???? Usar. A imagem de uma senhora negra de token faz eles acreditarem que a extrema direita não é racista ??","Responder","","Curtir"
"https://www.instagram.com/adenir_ribeiro/","https://scontent.cdninstagram.com/v/t51.2885-19/452685021_2601822083359720_2152202066094328678_n.jpg?stp=dst-jpg_s150x150_tt6&_nc_cat=110&ccb=7-5&_nc_sid=f7ccc5&efg=eyJ2ZW5jb2RlX3RhZyI6InByb2ZpbGVfcGljLnd3dy4xMDgwLkMzIn0%3D&_nc_ohc=ECpG6jm0sTAQ7kNvwGWzRtZ&_nc_oc=AdoDGXYXNjUWtATjBga_4R1KuqxwPo9gs2FMg7RGrkebr9ug_L2-TYAqzpyUKUd2nl0Ij_nby1L4myyOLVeZec2B&_nc_zt=24&_nc_ht=scontent.cdninstagram.com&_nc_ss=786a8&oh=00_Af6k4Q1DpAy1PB8uBB_elU9mlX50HozX7_ZS9bhhnk_9kw&oe=6A112E18","https://www.instagram.com/adenir_ribeiro/","adenir_ribeiro","https://www.instagram.com/p/DXkyjneEfDp/c/17870805411666070/","3 sem","O perfil da dona Maria causou mais indignação na extrema esquerda do que Frei Chico, irmão do Lula, que assaltou os aposentados.","Responder","","Curtir"
"https://www.instagram.com/arquiteto_levy/","https://scontent.cdninstagram.com/v/t51.2885-19/328328617_509044418091290_6509250488261185565_n.jpg?stp=dst-jpg_s150x150_tt6&_nc_cat=106&ccb=7-5&_nc_sid=f7ccc5&efg=eyJ2ZW5jb2RlX3RhZyI6InByb2ZpbGVfcGljLnd3dy4xMDgwLkMzIn0%3D&_nc_ohc=ypE-iBuXaHYQ7kNvwGKXIEF&_nc_oc=AdpTTGNEKgYj08cVU9z0jLR_L7AYJyMmgWIslUlK63X0TgSim6iexa648VpMQVZIOe7_DiZ1_oaZhe30Pc7YpKj2&_nc_zt=24&_nc_ht=scontent.cdninstagram.com&_nc_ss=786a8&oh=00_Af7MuVbCGQ87Bbown56IN6f2GaIzHWGQEtL1zAqKr4tgXA&oe=6A1111B8","https://www.instagram.com/arquiteto_levy/","arquiteto_levy","https://www.instagram.com/p/DXkyjneEfDp/c/17978730555007221/","3 sem","Esquerda chola demais. Estão desesperados","Responder","","Curtir"
"https://www.instagram.com/kahkah.26/","https://scontent.cdninstagram.com/v/t51.2885-19/404577865_1545746372924698_3902701347300679296_n.jpg?stp=dst-jpg_s150x150_tt6&_nc_cat=103&ccb=7-5&_nc_sid=f7ccc5&efg=eyJ2ZW5jb2RlX3RhZyI6InByb2ZpbGVfcGljLnd3dy4xMDA2LkMzIn0%3D&_nc_ohc=3zGvNL3lOF4Q7kNvwGXe-Xy&_nc_oc=Adr_z8rbCE_g1UaDp2lkiq6YvoIrEpixJTeMwE2BHS1ZwpBHjbZ4Tvp8ayhd4VSEblhBmpsdlFWKL4W3FzrZrvLV&_nc_zt=24&_nc_ht=scontent.cdninstagram.com&_nc_ss=786a8&oh=00_Af5KSaxx3Q0lcp9YcN7UAnF9by60XpvKVL6qQyiuribXRA&oe=6A112E4B","https://www.instagram.com/kahkah.26/","kahkah.26","https://www.instagram.com/p/DXkyjneEfDp/c/18099747497001577/","3 sem","😮","Responder","","Curtir"
"https://www.instagram.com/elainemarques46/","https://scontent.cdninstagram.com/v/t51.82787-19/616120655_17921964981223812_5405796234360984879_n.jpg?stp=dst-jpg_s150x150_tt6&_nc_cat=103&ccb=7-5&_nc_sid=f7ccc5&efg=eyJ2ZW5jb2RlX3RhZyI6InByb2ZpbGVfcGljLnd3dy4xMDgwLkMzIn0%3D&_nc_ohc=iIZ3kjGll8gQ7kNvwF4zQy2&_nc_oc=AdrKtse0CpmWZafp51yC-bt-PaX8HJpekVBnWhuJFWnI-EjhNMKF2i74GZywING01U1MgtDNKy2qp07PEB80II95&_nc_zt=24&_nc_ht=scontent.cdninstagram.com&_nc_gid=9pRSjxCITjvQ5ueSKJOVpQ&_nc_ss=786a8&oh=00_Af75cq69I9Havxk-eVOzyPER6KD09QIdK36Q65r5vZm8Xg&oe=6A11302A","https://www.instagram.com/elainemarques46/","elainemarques46","https://www.instagram.com/p/DXkyjneEfDp/c/18135386266553734/","3 sem","Ela só fala a verdade apesar de ser uma inteligência artificial ela mostra a verdade ...👏👏👏👏","Responder","","Curtir"
"https://www.instagram.com/juliana.svs/","https://scontent.cdninstagram.com/v/t51.82787-19/628825377_18563763469039069_4772969158111089571_n.jpg?stp=dst-jpg_s150x150_tt6&_nc_cat=109&ccb=7-5&_nc_sid=f7ccc5&efg=eyJ2ZW5jb2RlX3RhZyI6InByb2ZpbGVfcGljLnd3dy4xMDgwLkMzIn0%3D&_nc_ohc=s9mpb2XIrOAQ7kNvwGeIeh1&_nc_oc=AdoH73ncvusy4Yub29itIb2FRsK1Fnzh7CLUUR5CcJ3kV8Z7fbGOaJfs_vgAbLNjyFMl8YLbbY1VQTPnypaDYoNH&_nc_zt=24&_nc_ht=scontent.cdninstagram.com&_nc_gid=9pRSjxCITjvQ5ueSKJOVpQ&_nc_ss=786a8&oh=00_Af4IA96Abiix7CksRiZbgIaWYO92JkZ1RfczmSAyNffyxQ&oe=6A113FB2","https://www.instagram.com/juliana.svs/","juliana.svs","https://www.instagram.com/p/DXkyjneEfDp/c/18082684610409980/","3 sem","A direita sendo direita","Responder","","Curtir"
"https://www.instagram.com/cledsonxoliveira/","https://scontent.cdninstagram.com/v/t51.2885-19/472215535_1276693633536348_8476445851614739729_n.jpg?stp=dst-jpg_s150x150_tt6&_nc_cat=109&ccb=7-5&_nc_sid=f7ccc5&efg=eyJ2ZW5jb2RlX3RhZyI6InByb2ZpbGVfcGljLnd3dy4xMDgwLkMzIn0%3D&_nc_ohc=KarIiQZ1ss8Q7kNvwHHqy3w&_nc_oc=Adru5VtoBgwRgUie_kr2R6iPCtHZkdjeSs-GJ9Ik3t4_8D_g-ZuPP8A_PxX7fGubD2SnXU-vAWQqcTFSSjQvnl8z&_nc_zt=24&_nc_ht=scontent.cdninstagram.com&_nc_ss=786a8&oh=00_Af4oJkgf9kwVEHT4q2o5lQykF4L9uD8MBss-w-f21b3a9A&oe=6A1137DF","https://www.instagram.com/cledsonxoliveira/","cledsonxoliveira","https://www.instagram.com/p/DXkyjneEfDp/c/18409207378181674/","3 sem","👏👏👏","Responder","","Curtir"
"https://www.instagram.com/hffg985/","https://scontent.cdninstagram.com/v/t51.82787-19/655432774_18427466185140862_6567087528952457345_n.jpg?stp=dst-jpg_s150x150_tt6&_nc_cat=109&ccb=7-5&_nc_sid=f7ccc5&efg=eyJ2ZW5jb2RlX3RhZyI6InByb2ZpbGVfcGljLnd3dy4xMDgwLkMzIn0%3D&_nc_ohc=RUQ5BWoftLgQ7kNvwF1houX&_nc_oc=AdqIn4VpgK4erSoH-diURyt1p4ll3fmdU64fnRQvwEcH8LO7-7YqBGKYB4BjXhfV13nB00Um7QAoAhCImAMjgDRb&_nc_zt=24&_nc_ht=scontent.cdninstagram.com&_nc_gid=9pRSjxCITjvQ5ueSKJOVpQ&_nc_ss=786a8&oh=00_Af6vdXnUcL3vcDZSb1PsU6hr9GMzI6ugmp73QqWsp6s6ew&oe=6A111A18","https://www.instagram.com/hffg985/","hffg985","https://www.instagram.com/p/DXkyjneEfDp/c/18091800415949264/","3 sem","Trabalhando com mentiras e insinuações. Já tá mentindo quando fala que só fala a verdade sendo um personagem Fake 😂😂😂😂","Responder","","Curtir"
"https://www.instagram.com/48wich/","https://scontent.cdninstagram.com/v/t51.82787-19/640985816_18340159582213305_8769296201720678866_n.jpg?stp=dst-jpg_s150x150_tt6&_nc_cat=110&ccb=7-5&_nc_sid=f7ccc5&efg=eyJ2ZW5jb2RlX3RhZyI6InByb2ZpbGVfcGljLnd3dy4xMDgwLkMzIn0%3D&_nc_ohc=xj9o45n3aeIQ7kNvwGtl_BX&_nc_oc=AdqrKXw4GaWp0ZbRilkSg398rHoaGCkwEnrIFCeKXvJ4p22qup5NEPTfmQf_uEMAWV8CEUPAah4sicOoHeVqXFQg&_nc_zt=24&_nc_ht=scontent.cdninstagram.com&_nc_gid=9pRSjxCITjvQ5ueSKJOVpQ&_nc_ss=786a8&oh=00_Af6GDFsMKnLDYpftFtOk5UC2HX1kMe9GRxQoice_PUr9zw&oe=6A1142D9","https://www.instagram.com/48wich/","48wich","https://www.instagram.com/p/DXkyjneEfDp/c/18181489543378701/","3 sem","A extrema direita é nojent444...","Responder","","Curtir"
"https://www.instagram.com/angelus_moraes/","https://scontent.cdninstagram.com/v/t51.2885-19/287671391_509652717516613_4568784207871943757_n.jpg?stp=dst-jpg_s150x150_tt6&_nc_cat=109&ccb=7-5&_nc_sid=f7ccc5&efg=eyJ2ZW5jb2RlX3RhZyI6InByb2ZpbGVfcGljLnd3dy4xMDgwLkMzIn0%3D&_nc_ohc=szZdjgxrCr8Q7kNvwFF6QWN&_nc_oc=Adob7fHG7zKvzNu6H2R9z04hwadcWMbdMQAAnWJZXazdPPf4ymyFTEj3RMSov27-WE_sP2JAepZZBZWahW0B4_3g&_nc_zt=24&_nc_ht=scontent.cdninstagram.com&_nc_ss=786a8&oh=00_Af634IEkBfl4aoyJzflkstyEufE61DVfIg1ZdLnP3CkprQ&oe=6A11328D","https://www.instagram.com/angelus_moraes/","angelus_moraes","https://www.instagram.com/p/DXkyjneEfDp/c/18086796557603122/","3 sem","Verdade é crime no Brasil 😂","Responder","","Curtir"
"https://www.instagram.com/fernanda.toffoli.5/","https://scontent.cdninstagram.com/v/t51.2885-19/186833598_169786891814065_4265275874682216978_n.jpg?stp=dst-jpg_s150x150_tt6&_nc_cat=107&ccb=7-5&_nc_sid=f7ccc5&efg=eyJ2ZW5jb2RlX3RhZyI6InByb2ZpbGVfcGljLnd3dy4xMDgwLkMzIn0%3D&_nc_ohc=FyVKtMIWyx0Q7kNvwE7l2bm&_nc_oc=Adot9crghRWMcPLY8RYVhrd_yCB3-2IhtZQ_DUWTZT1PK3NlZd997fqzlw0M-IxC8vzGWXD6tAFQN1ViDs90wF-5&_nc_zt=24&_nc_ht=scontent.cdninstagram.com&_nc_ss=786a8&oh=00_Af4hOQiHl8mGyP2RxxffsO4XLFtOiV4J12Il3wUbfTDp9Q&oe=6A1145F5","https://www.instagram.com/fernanda.toffoli.5/","fernanda.toffoli.5","https://www.instagram.com/p/DXkyjneEfDp/c/18101315780048646/","3 sem","Seguindo.","Responder","","Curtir"
"https://www.instagram.com/fiassump/","https://scontent.cdninstagram.com/v/t51.2885-19/482598653_1158186299004745_7173439720787835362_n.jpg?stp=dst-jpg_s150x150_tt6&_nc_cat=105&ccb=7-5&_nc_sid=f7ccc5&efg=eyJ2ZW5jb2RlX3RhZyI6InByb2ZpbGVfcGljLnd3dy4xMDgwLkMzIn0%3D&_nc_ohc=pBu3j0KbmdEQ7kNvwEjBzTc&_nc_oc=Adpzl3lOAXsASTglR75w9_KuyRc1OZwcZeEA4slnIaXFTS4nFI1Y0mvf5sKWa4PcRM-AeVNCZ8dFAB9-prAU_avA&_nc_zt=24&_nc_ht=scontent.cdninstagram.com&_nc_ss=786a8&oh=00_Af5jzpgpxYBkqRHPaXyeSqV-jfcUtheLf-Xz32hcK2X6Gw&oe=6A114503","https://www.instagram.com/fiassump/","fiassump","https://www.instagram.com/p/DXkyjneEfDp/c/18136668931535765/","3 sem","AINDA TEM BOÇAL QUE VOTA NO PT DE LULA?","Responder","","Curtir"
"https://www.instagram.com/000__silva___/","https://scontent.cdninstagram.com/v/t51.82787-19/695773437_17867677224618009_232465131215639690_n.jpg?stp=dst-jpg_s150x150_tt6&_nc_cat=101&ccb=7-5&_nc_sid=f7ccc5&efg=eyJ2ZW5jb2RlX3RhZyI6InByb2ZpbGVfcGljLnd3dy4xMDgwLkMzIn0%3D&_nc_ohc=werZUBgo0wAQ7kNvwF-7AFO&_nc_oc=AdoHDHuLaBpvFDI27R1-pInsWST7TNxhlc6o276usoGEsKNRGjb11CAdgI3sehI-lQLl2LX6RIVlB4xm1HJoKguI&_nc_zt=24&_nc_ht=scontent.cdninstagram.com&_nc_gid=9pRSjxCITjvQ5ueSKJOVpQ&_nc_ss=786a8&oh=00_Af5ZbBJKpUvjOkEBj_BvyAwUyu9miBlEvXztT1wLQZX3BQ&oe=6A113B66","https://www.instagram.com/000__silva___/","000__silva___","https://www.instagram.com/p/DXkyjneEfDp/c/18087022448027104/","3 sem","Kd o link","Responder","","Curtir"
"https://www.instagram.com/joaobosco_81/","https://scontent.cdninstagram.com/v/t51.82787-19/696789295_18588796927042086_5926901893095058527_n.jpg?stp=dst-jpg_s150x150_tt6&_nc_cat=100&ccb=7-5&_nc_sid=f7ccc5&efg=eyJ2ZW5jb2RlX3RhZyI6InByb2ZpbGVfcGljLnd3dy4xMDgwLkMzIn0%3D&_nc_ohc=mgltLPJ8rQMQ7kNvwGYRkGt&_nc_oc=AdqAHUFiRv21MiadPCoG2cF0dpoouRiDBkWvvgxask6KTQ-cIX02Qio3CU0OKhj7COyrWDglVqdKtaFq900bR9Zb&_nc_zt=24&_nc_ht=scontent.cdninstagram.com&_nc_gid=9pRSjxCITjvQ5ueSKJOVpQ&_nc_ss=786a8&oh=00_Af69OL9XllyroQgr0uPb2sv45LSkRZOpGGBqlub5NMyO6Q&oe=6A1142A4","https://www.instagram.com/joaobosco_81/","joaobosco_81","https://www.instagram.com/p/DXkyjneEfDp/c/18137427853467331/","3 sem","Parabéns a Dona Maria","Responder","","Curtir"
"https://www.instagram.com/j_gilalmida/","https://scontent.cdninstagram.com/v/t51.2885-19/463845592_1267953161075873_1835417715533046661_n.jpg?stp=dst-jpg_s150x150_tt6&_nc_cat=109&ccb=7-5&_nc_sid=f7ccc5&efg=eyJ2ZW5jb2RlX3RhZyI6InByb2ZpbGVfcGljLnd3dy4xMDgwLkMzIn0%3D&_nc_ohc=TNx9k2BL6uAQ7kNvwFtODZp&_nc_oc=AdpjiXjnOBxmk3R8IcN0SmP2zrnf8NF6LImbavo6ZvxRnnsusjoSdWQ0kwYkplNa8URHa1I_Pweu5iG1wFGtWt87&_nc_zt=24&_nc_ht=scontent.cdninstagram.com&_nc_ss=786a8&oh=00_Af445IBCcpKxlN8JqzKe7KCBExqHamB_RKIkJfLOnEm0Mw&oe=6A1129F6","https://www.instagram.com/j_gilalmida/","j_gilalmida","https://www.instagram.com/p/DXkyjneEfDp/c/18599427892000509/","3 sem","Deixa de ser feia carniça","Responder","","Curtir"
"https://www.instagram.com/mel_roodrigues21/","https://scontent.cdninstagram.com/v/t51.82787-19/616197639_18067357778559582_3413963011966034824_n.jpg?stp=dst-jpg_s150x150_tt6&_nc_cat=109&ccb=7-5&_nc_sid=f7ccc5&efg=eyJ2ZW5jb2RlX3RhZyI6InByb2ZpbGVfcGljLnd3dy43MjAuQzMifQ%3D%3D&_nc_ohc=SoWoWziQpMEQ7kNvwE3BSqt&_nc_oc=AdrmPm3Jf8czYewPMObx0Qy9drS58E1hdXLW-SDOLT0wPuFEsB-LJfsUW0oliR7XRAkPUugSWIDSySKfOdTBZRb9&_nc_zt=24&_nc_ht=scontent.cdninstagram.com&_nc_gid=9pRSjxCITjvQ5ueSKJOVpQ&_nc_ss=786a8&oh=00_Af4Yjf1cR4a9btbOZYm6bKXkb_nYuAsuD-XL0xqJWjCuXg&oe=6A114491","https://www.instagram.com/mel_roodrigues21/","mel_roodrigues21","https://www.instagram.com/p/DXkyjneEfDp/c/18199727026350799/","3 sem","Algum bolsonarista que me conte algum projeto ou medida que o Flávio Rachadinha em 23 anos de vida política tenha que beneficiou o povo?","Responder","","Curtir"
"https://www.instagram.com/kika_dagama/","https://scontent.cdninstagram.com/v/t51.82787-19/599723919_17846818113603421_2927621497584856617_n.jpg?stp=dst-jpg_s150x150_tt6&_nc_cat=104&ccb=7-5&_nc_sid=f7ccc5&efg=eyJ2ZW5jb2RlX3RhZyI6InByb2ZpbGVfcGljLnd3dy43NTAuQzMifQ%3D%3D&_nc_ohc=MqzuJIVOe2wQ7kNvwEa5dro&_nc_oc=AdrT_AC8xbgW7hLdmi9ac8HVxlgaDr-bnERTFOyQd_NnPGEEkzdUVH9sG8n3rklTVQ2dARlHER0KboUw3vfDRBje&_nc_zt=24&_nc_ht=scontent.cdninstagram.com&_nc_gid=x9KE5-q0ZhtXoIktURGY7w&_nc_ss=786a8&oh=00_Af6Y_oAYtm3iXUQCExc-29pS6ZoGRqaxq8wyCf3qzFz66Q&oe=6A1143C4","https://www.instagram.com/kika_dagama/","kika_dagama","https://www.instagram.com/p/DXkyjneEfDp/c/18095508829930942/","3 sem","E precisava fazer IA ?","Responder","","Curtir"
"https://www.instagram.com/higogerson/","https://scontent.cdninstagram.com/v/t51.82787-19/684202345_17899321545434244_7113369398682800814_n.jpg?stp=dst-jpg_s150x150_tt6&_nc_cat=101&ccb=7-5&_nc_sid=f7ccc5&efg=eyJ2ZW5jb2RlX3RhZyI6InByb2ZpbGVfcGljLnd3dy4xMDgwLkMzIn0%3D&_nc_ohc=12kk0GW7xzQQ7kNvwHkqls4&_nc_oc=Adp8Ns3KI7Rvm58SI_dIM3lWpTL-y37w4OxKN8hhUanfJDkgVC9LjZ5RXFyV5-Q0bP-WWJPyrM1Jbp6v0LnoycaA&_nc_zt=24&_nc_ht=scontent.cdninstagram.com&_nc_gid=x9KE5-q0ZhtXoIktURGY7w&_nc_ss=786a8&oh=00_Af7K57h3rbAZXCTS2mluDLzrMSDYij-_I7oapA2-9HMQ2w&oe=6A112CE7","https://www.instagram.com/higogerson/","higogerson","https://www.instagram.com/p/DXkyjneEfDp/c/18114789040801654/","3 sem","PT É A DESGRAÇA.","Responder","","Curtir"
"https://www.instagram.com/edua7371/","https://scontent.cdninstagram.com/v/t51.2885-19/319908492_1569388620187587_3044300160690662354_n.jpg?stp=dst-jpg_s150x150_tt6&_nc_cat=109&ccb=7-5&_nc_sid=f7ccc5&efg=eyJ2ZW5jb2RlX3RhZyI6InByb2ZpbGVfcGljLnd3dy41NDAuQzMifQ%3D%3D&_nc_ohc=01LjSL9JX3oQ7kNvwF-xT9E&_nc_oc=AdpEGRlloB2kDNK-pGILzUM9WhfHqQgNbpME8nNasqNzlJuLBm8-qS71YhRxVW8pSgkEPPhQ3MVmRinC2WZ6qPaG&_nc_zt=24&_nc_ht=scontent.cdninstagram.com&_nc_ss=786a8&oh=00_Af4B_3iSoTr-sLyOGcyRc5LHtXZatuC4evKFoOgbx5u04Q&oe=6A1121B0","https://www.instagram.com/edua7371/","edua7371","https://www.instagram.com/p/DXkyjneEfDp/c/18039786314583045/","3 sem","Verdade 👏👏👏👏","Responder","","Curtir"
"https://www.instagram.com/teograymalkin/","https://scontent.cdninstagram.com/v/t51.82787-19/696031625_17902287690427528_7554301063416898725_n.jpg?stp=dst-jpg_s150x150_tt6&_nc_cat=102&ccb=7-5&_nc_sid=f7ccc5&efg=eyJ2ZW5jb2RlX3RhZyI6InByb2ZpbGVfcGljLnd3dy4xMDgwLkMzIn0%3D&_nc_ohc=2bwdYa_gaAwQ7kNvwE80RxO&_nc_oc=AdqXKtB2kbumogvCc7PGsJoaCk7HauD2zPJiglkjOksOvYzV0a4Y6TCnVZuaQ-HfoNgQlTWKp-UDCwvWrVMj57xO&_nc_zt=24&_nc_ht=scontent.cdninstagram.com&_nc_gid=x9KE5-q0ZhtXoIktURGY7w&_nc_ss=786a8&oh=00_Af61BYQZIzvdrljt2QRlICCwjnzzgYi4b1vWM65jSka2dg&oe=6A1116B9","https://www.instagram.com/teograymalkin/","teograymalkin","https://www.instagram.com/p/DXkyjneEfDp/c/17885123307484465/","3 sem","UÉ DE NOVO METRÓPOLIS 😂😂😂😂","Responder","","Curtir"
"https://www.instagram.com/fatimalucianabassi/","https://scontent.cdninstagram.com/v/t51.82787-19/672406777_17986005350991448_7714556025681270591_n.jpg?stp=dst-jpg_s150x150_tt6&_nc_cat=107&ccb=7-5&_nc_sid=f7ccc5&efg=eyJ2ZW5jb2RlX3RhZyI6InByb2ZpbGVfcGljLnd3dy4xMDgwLkMzIn0%3D&_nc_ohc=p1jE6rjpIVYQ7kNvwE3my8N&_nc_oc=AdrcXhK-nSdwpHIwHrKkJJuJwazbIzZ05jMA70Ba0Id6KTw5lj8dHVJvk9W4TDnjWddHSFFizygvOjZV7-WsDWbP&_nc_zt=24&_nc_ht=scontent.cdninstagram.com&_nc_gid=x9KE5-q0ZhtXoIktURGY7w&_nc_ss=786a8&oh=00_Af5nvRnogbDvuSOyk5UiihuTWCYUVKXUAONWIZTU_mrAtw&oe=6A114377","https://www.instagram.com/fatimalucianabassi/","fatimalucianabassi","https://www.instagram.com/p/DXkyjneEfDp/c/17848195362693383/","3 sem","Coitado do presidente Lula 😮 enfrenta um bando de almas penada contra ele 🙌 Deus é mais","Responder","","Curtir"
"https://www.instagram.com/amandoloule/","https://scontent.cdninstagram.com/v/t51.82787-19/553361982_18421881319110462_7939843044302811184_n.jpg?stp=dst-jpg_s150x150_tt6&_nc_cat=110&ccb=7-5&_nc_sid=f7ccc5&efg=eyJ2ZW5jb2RlX3RhZyI6InByb2ZpbGVfcGljLnd3dy4xMDgwLkMzIn0%3D&_nc_ohc=P-Yv5tr9K2UQ7kNvwG2fhL5&_nc_oc=AdqQye5-2J0IaGlQQb39-iCWg2IXkwSv4UlLJm3fXYr0oA8FUNj7wN8EckfkOZs6-lrXOMx0y4LqLgU1wBgftn7L&_nc_zt=24&_nc_ht=scontent.cdninstagram.com&_nc_gid=x9KE5-q0ZhtXoIktURGY7w&_nc_ss=786a8&oh=00_Af7ZdD8ESm-hpQD2m-ZTyVyay_BGmDTpmKWSeqYptg3o1w&oe=6A1138C8","https://www.instagram.com/amandoloule/","amandoloule","https://www.instagram.com/p/DXkyjneEfDp/c/18111898699630940/","3 sem","Se fosse pró-governo e contra a oposição, pra eles não teria problema algum. A liberdade de expressão só funciona quando é a favor deles.","Responder","","Curtir"
"https://www.instagram.com/mauriciocasagrandemedeiros/","https://scontent.cdninstagram.com/v/t51.82787-19/589019237_18250281106291819_5900789926186641767_n.jpg?stp=dst-jpg_s150x150_tt6&_nc_cat=108&ccb=7-5&_nc_sid=f7ccc5&efg=eyJ2ZW5jb2RlX3RhZyI6InByb2ZpbGVfcGljLnd3dy4xMDgwLkMzIn0%3D&_nc_ohc=Z76xIeoyWAAQ7kNvwEaRo3E&_nc_oc=AdoBpvCGwakTXTctnEInk58TuWM3QgRbThlq5E0cCf-04MtKjanayh-pSLiMR4EqOFPripez-qLDtZFiQRJ1hqIN&_nc_zt=24&_nc_ht=scontent.cdninstagram.com&_nc_gid=x9KE5-q0ZhtXoIktURGY7w&_nc_ss=786a8&oh=00_Af4qg8nZus-CAjWdFKoYIW7TtOBQK1PQ-SwbbOBW2uWGyg&oe=6A113AB5","https://www.instagram.com/mauriciocasagrandemedeiros/","mauriciocasagrandemedeiros","https://www.instagram.com/p/DXkyjneEfDp/c/18115101913744206/","3 sem","Mais canalha que o Lula só eleitorado dele","Responder","","Curtir"
"https://www.instagram.com/gilvangercino/","https://scontent.cdninstagram.com/v/t51.82787-19/670969483_18385846807093389_519842809988869315_n.jpg?stp=dst-jpg_s150x150_tt6&_nc_cat=111&ccb=7-5&_nc_sid=f7ccc5&efg=eyJ2ZW5jb2RlX3RhZyI6InByb2ZpbGVfcGljLnd3dy4xMDgwLkMzIn0%3D&_nc_ohc=3BRdQ23BTlgQ7kNvwFDlOHQ&_nc_oc=AdrLRkM0N6weC6YtN2WHrU8L1ImhP_5CsLfU5EmW-IwJdaJGWrK072AaWfze2x6LuKWk0zmHBQ4DaM5Q9eiVr_Yy&_nc_zt=24&_nc_ht=scontent.cdninstagram.com&_nc_gid=x9KE5-q0ZhtXoIktURGY7w&_nc_ss=786a8&oh=00_Af79BKw_--ztIh8EvszYKiMPaPbb4FqsDPr_r96IWzXo6A&oe=6A11258B","https://www.instagram.com/gilvangercino/","gilvangercino","https://www.instagram.com/p/DXkyjneEfDp/c/18102493658294295/","3 sem","22 🇧🇷","Responder","","Curtir"
"https://www.instagram.com/fabioxuh/","https://scontent.cdninstagram.com/v/t51.2885-19/462352908_1592133385051224_1505520926454326928_n.jpg?stp=dst-jpg_s150x150_tt6&_nc_cat=108&ccb=7-5&_nc_sid=f7ccc5&efg=eyJ2ZW5jb2RlX3RhZyI6InByb2ZpbGVfcGljLnd3dy4xMDQ1LkMzIn0%3D&_nc_ohc=L1hjPtdPHeIQ7kNvwGUBCDc&_nc_oc=AdqleW54K9b7Joo2ZHpxbTHYjJ45-uraNnATps-dV8JyXVaMdny0TV0QIecsETI6knC4kJoGwTtxl8rit5YgSaYp&_nc_zt=24&_nc_ht=scontent.cdninstagram.com&_nc_ss=786a8&oh=00_Af4GYiFo4OeXZZ-Ry6HdWvq4n__g8RVcCjvpOpjF4jWbcQ&oe=6A1130FF","https://www.instagram.com/fabioxuh/","fabioxuh","https://www.instagram.com/p/DXkyjneEfDp/c/17963467836075235/","3 sem","Não conhecia a página. Obrigado por apresentar","Responder","","Curtir"
"https://www.instagram.com/1809zeto/","https://scontent.cdninstagram.com/v/t51.82787-19/607325181_17878362558451046_3668542899246638795_n.jpg?stp=dst-jpg_s150x150_tt6&_nc_cat=106&ccb=7-5&_nc_sid=f7ccc5&efg=eyJ2ZW5jb2RlX3RhZyI6InByb2ZpbGVfcGljLnd3dy4xMDgwLkMzIn0%3D&_nc_ohc=Z65Plp8lgfAQ7kNvwErljOq&_nc_oc=AdrVFMdysBpE6PO0N_jTydWvUgVX2lIi_IU6AIld-nOa06ivWQ_icMKyFQB_mAJqKkN8S-fMmrtoGUR1u7O71ncT&_nc_zt=24&_nc_ht=scontent.cdninstagram.com&_nc_gid=x9KE5-q0ZhtXoIktURGY7w&_nc_ss=786a8&oh=00_Af7TnYuTCnDXCZwCUeiIJa_HNQ0PfUggkXr6SEtAP_Cq8g&oe=6A1142E0","https://www.instagram.com/1809zeto/","1809zeto","https://www.instagram.com/p/DXkyjneEfDp/c/18456843790108791/","3 sem","Sem fake news a direita não existiria ... l1x0s hum4n0s","Responder","","Curtir"
"https://www.instagram.com/paulo.stocco_sp/","https://scontent.cdninstagram.com/v/t51.2885-19/462454042_1242567013835510_5588043748151167607_n.jpg?stp=dst-jpg_s150x150_tt6&_nc_cat=111&ccb=7-5&_nc_sid=f7ccc5&efg=eyJ2ZW5jb2RlX3RhZyI6InByb2ZpbGVfcGljLnd3dy4xMDgwLkMzIn0%3D&_nc_ohc=LYsFrbBAp34Q7kNvwHiNzx9&_nc_oc=AdrdP6pkHGHUiPDXd_adkYy0KztOIZFooZrW9Kk6LyvA7SdK0pwkRppbgj3puReYQlMFRCD7AnlQp17Ooy36ll0-&_nc_zt=24&_nc_ht=scontent.cdninstagram.com&_nc_ss=786a8&oh=00_Af6nm6UxaffKtF0gHEb7xyHaLiK0NgKRU_HfPsPcmqwU3w&oe=6A1122A4","https://www.instagram.com/paulo.stocco_sp/","paulo.stocco_sp","https://www.instagram.com/p/DXkyjneEfDp/c/18102322267785878/","3 sem","IA que tenta se passar por povo para enganar o povo.","Responder","","Curtir"
"https://www.instagram.com/higogerson/","https://scontent.cdninstagram.com/v/t51.82787-19/684202345_17899321545434244_7113369398682800814_n.jpg?stp=dst-jpg_s150x150_tt6&_nc_cat=101&ccb=7-5&_nc_sid=f7ccc5&efg=eyJ2ZW5jb2RlX3RhZyI6InByb2ZpbGVfcGljLnd3dy4xMDgwLkMzIn0%3D&_nc_ohc=12kk0GW7xzQQ7kNvwHkqls4&_nc_oc=Adp8Ns3KI7Rvm58SI_dIM3lWpTL-y37w4OxKN8hhUanfJDkgVC9LjZ5RXFyV5-Q0bP-WWJPyrM1Jbp6v0LnoycaA&_nc_zt=24&_nc_ht=scontent.cdninstagram.com&_nc_gid=x9KE5-q0ZhtXoIktURGY7w&_nc_ss=786a8&oh=00_Af7K57h3rbAZXCTS2mluDLzrMSDYij-_I7oapA2-9HMQ2w&oe=6A112CE7","https://www.instagram.com/higogerson/","higogerson","https://www.instagram.com/p/DXkyjneEfDp/c/17984609615986708/","3 sem","O PT e seus eleitores são o câncer do país. Mereciam uma quimioterapia. ❤️","Responder","","Curtir"
"https://www.instagram.com/edribeiro1012/","https://scontent.cdninstagram.com/v/t51.2885-19/356942908_963102934840506_8135403153557945796_n.jpg?stp=dst-jpg_s150x150_tt6&_nc_cat=105&ccb=7-5&_nc_sid=f7ccc5&efg=eyJ2ZW5jb2RlX3RhZyI6InByb2ZpbGVfcGljLnd3dy4xMDgwLkMzIn0%3D&_nc_ohc=EsqlPDzKhKkQ7kNvwE7Cild&_nc_oc=AdpL758vDgtohn_nLtWlZlPBqxej0dO9jQjjDR7yl51N8up4xQRcTXOmhi9hQD16w-i3Edh4fBFVdvgv16Y0JjYD&_nc_zt=24&_nc_ht=scontent.cdninstagram.com&_nc_ss=786a8&oh=00_Af4YWW9yXvPygLp1rq7Y1KqC7TlAJ8NHfep_RRxczKmF-A&oe=6A114316","https://www.instagram.com/edribeiro1012/","edribeiro1012","https://www.instagram.com/p/DXkyjneEfDp/c/18007611707712535/","3 sem","Eles sentiram Dona Maria 😂😂","Responder","","Curtir"
"https://www.instagram.com/emerson702323/","https://scontent.cdninstagram.com/v/t51.2885-19/281512004_1197438501046307_4074763805661651583_n.jpg?stp=dst-jpg_s150x150_tt6&_nc_cat=100&ccb=7-5&_nc_sid=f7ccc5&efg=eyJ2ZW5jb2RlX3RhZyI6InByb2ZpbGVfcGljLnd3dy44MTYuQzMifQ%3D%3D&_nc_ohc=-ajSIH8AObEQ7kNvwF9tCaM&_nc_oc=AdrOIecXfP7JChR04jSN4Jz5maEQAWwF1gkWp38ExWyIU1D17tNHci87q6PWHROQdZl7aPH76hvTyRsBxsduHT2_&_nc_zt=24&_nc_ht=scontent.cdninstagram.com&_nc_ss=786a8&oh=00_Af60LH2Ue8x45sztU7K12o0xDZSnV5XnZf1IYlF98M_Kcg&oe=6A111B5A","https://www.instagram.com/emerson702323/","emerson702323","https://www.instagram.com/p/DXkyjneEfDp/c/18418399927133907/","3 sem","Pra cima D Maria!! Seguindo","Responder","","Curtir"
"https://www.instagram.com/uenervalter/","https://scontent.cdninstagram.com/v/t51.82787-19/689348675_18337190263217159_9151408653401812951_n.jpg?stp=dst-jpg_s150x150_tt6&_nc_cat=102&ccb=7-5&_nc_sid=f7ccc5&efg=eyJ2ZW5jb2RlX3RhZyI6InByb2ZpbGVfcGljLnd3dy43MjAuQzMifQ%3D%3D&_nc_ohc=mT3fU284I64Q7kNvwFbBZH3&_nc_oc=AdoyqUHIuSlzMcouAjRmoAi8VqTe4LdOH4iM8JLcyYZft-KMyOV7--6Pg2hEjGovUfKJbKuA4AaaayJuH5shIae8&_nc_zt=24&_nc_ht=scontent.cdninstagram.com&_nc_gid=x9KE5-q0ZhtXoIktURGY7w&_nc_ss=786a8&oh=00_Af6SneTseixrr2diNgYngqqL5QZZqS3FEGbmMBq-7P_U6g&oe=6A112B47","https://www.instagram.com/uenervalter/","uenervalter","https://www.instagram.com/p/DXkyjneEfDp/c/17897740041431866/","3 sem","Seguindo…..","Responder","","Curtir"
"https://www.instagram.com/freitas.rios.7/","https://scontent.cdninstagram.com/v/t51.2885-19/368126223_243055348139502_1043595811966888011_n.jpg?stp=dst-jpg_s150x150_tt6&_nc_cat=110&ccb=7-5&_nc_sid=f7ccc5&efg=eyJ2ZW5jb2RlX3RhZyI6InByb2ZpbGVfcGljLnd3dy4xMDgwLkMzIn0%3D&_nc_ohc=90A19fWce3kQ7kNvwFzlJpg&_nc_oc=AdpW7m5y2FiB94R4T6_hkcV-e45ST4V5-k45dFEzLmbVVlGMgoZukGPNCTowWxuAKmWq5TVitQx_5yoIZ2BVbr3A&_nc_zt=24&_nc_ht=scontent.cdninstagram.com&_nc_ss=786a8&oh=00_Af4mFu9hvV3ICHFRUrz13TcfirHNnfOdt3ADPWSBEZKaXQ&oe=6A114677","https://www.instagram.com/freitas.rios.7/","freitas.rios.7","https://www.instagram.com/p/DXkyjneEfDp/c/18338064697175648/","3 sem","😂😂😂😂😂😂😂 IA vai acabar com o mundo mesmo","Responder","","Curtir"
"https://www.instagram.com/lilian.vilanova.50/","https://scontent.cdninstagram.com/v/t51.2885-19/363498801_6531294123575668_7028972997359839817_n.jpg?stp=dst-jpg_s150x150_tt6&_nc_cat=111&ccb=7-5&_nc_sid=f7ccc5&efg=eyJ2ZW5jb2RlX3RhZyI6InByb2ZpbGVfcGljLnd3dy43MTkuQzMifQ%3D%3D&_nc_ohc=k_Ey_YCwFkwQ7kNvwGdbFI5&_nc_oc=AdrCvJqASvzsXqwAJwfrXKcvVnzjDJkg_AmbK6-NKwB00KQexXVGLFnfc16KTKYWt_kF9_0Ts3eKFgfjxrFa0Zhc&_nc_zt=24&_nc_ht=scontent.cdninstagram.com&_nc_ss=786a8&oh=00_Af6tPpuiKhTT662BMNX8PFFlFHVZEeqQNvPgtMf4F-H9sw&oe=6A111635","https://www.instagram.com/lilian.vilanova.50/","lilian.vilanova.50","https://www.instagram.com/p/DXkyjneEfDp/c/18043461695602136/","3 sem","Lula 13 o melhor presidente da história do Brasil","Responder","","Curtir"
"https://www.instagram.com/tatymma/","https://scontent.cdninstagram.com/v/t51.2885-19/448854888_1056028866040482_8593142241363593095_n.jpg?stp=dst-jpg_s150x150_tt6&_nc_cat=109&ccb=7-5&_nc_sid=f7ccc5&efg=eyJ2ZW5jb2RlX3RhZyI6InByb2ZpbGVfcGljLnd3dy4xMDQ4LkMzIn0%3D&_nc_ohc=UzSF5sjeybEQ7kNvwE2RCRt&_nc_oc=AdpNd6DYSno2gGsK19OMLVRf4doaDJDJjvipFq58x8s9pUnYp-boJlwPglfx-sKpVMY0GI27WbIROLxUq62ZqZvc&_nc_zt=24&_nc_ht=scontent.cdninstagram.com&_nc_ss=786a8&oh=00_Af5KupxGs1rXCOgXjoG9EeIAuBAq08thxXy2_iktBumCkQ&oe=6A113F91","https://www.instagram.com/tatymma/","tatymma","https://www.instagram.com/p/DXkyjneEfDp/c/18021438419658217/","3 sem","So o PT pode espalhar notícias fakes.","Responder","","Curtir"
"https://www.instagram.com/anfora_sound/","https://scontent.cdninstagram.com/v/t51.2885-19/30602857_120087415454425_3076192041391095808_n.jpg?stp=dst-jpg_s150x150_tt6&_nc_cat=106&ccb=7-5&_nc_sid=f7ccc5&efg=eyJ2ZW5jb2RlX3RhZyI6InByb2ZpbGVfcGljLnd3dy42MzkuQzMifQ%3D%3D&_nc_ohc=4bVxOqtAwAgQ7kNvwFlsDo-&_nc_oc=AdqAjTSwvYA5J2IQWvUp62rrRfUdbbOtUUQsfob6yfrIUEiLmh4Tl9NZ30AsHQZkIm3lv8O6M-bd7ZvAQg3P7yhk&_nc_zt=24&_nc_ht=scontent.cdninstagram.com&_nc_ss=786a8&oh=00_Af4Ry_HLvxvwYvs5IvfS7ErtBdmflXFGI9nsjsZT4obbqA&oe=6A112476","https://www.instagram.com/anfora_sound/","anfora_sound","https://www.instagram.com/p/DXkyjneEfDp/c/18075733391536731/","3 sem","Que massa👏👏👏","Responder","","Curtir"
"https://www.instagram.com/jackjoaquim23/","https://scontent.cdninstagram.com/v/t51.82787-19/656361438_17951041428105449_3893808249617429604_n.jpg?stp=dst-jpg_s150x150_tt6&_nc_cat=104&ccb=7-5&_nc_sid=f7ccc5&efg=eyJ2ZW5jb2RlX3RhZyI6InByb2ZpbGVfcGljLnd3dy4xMDgwLkMzIn0%3D&_nc_ohc=o2KPm1E0jgIQ7kNvwH4IkDA&_nc_oc=AdpUuRLeDDiwCahSyTXIDUsSBH64WY-utzzMMEsi6978xsxkSlsRjuLqRe6tYGXy-Nromqc0NaxkDEtkLgE_vaCQ&_nc_zt=24&_nc_ht=scontent.cdninstagram.com&_nc_gid=LepKu_KcNqSySwvaw8POEw&_nc_ss=786a8&oh=00_Af4tCqZXNkIA0MRDXjirDAMfJI3brLZEP9qmhbaH5ufEOw&oe=6A113685","https://www.instagram.com/jackjoaquim23/","jackjoaquim23","https://www.instagram.com/p/DXkyjneEfDp/c/18139340695518761/","3 sem","Tô só vendo os comentários dos jumentóides desesperados 😂😂😂😂","Responder","","Curtir"
"https://www.instagram.com/mozomozo7575/","https://scontent.cdninstagram.com/v/t51.2885-19/463303506_2006143259840249_7684478853199049052_n.jpg?stp=dst-jpg_s150x150_tt6&_nc_cat=111&ccb=7-5&_nc_sid=f7ccc5&efg=eyJ2ZW5jb2RlX3RhZyI6InByb2ZpbGVfcGljLnd3dy4xMDgwLkMzIn0%3D&_nc_ohc=TS4_UmJB4-EQ7kNvwGUPzMK&_nc_oc=Ado-KdfJEXPnVkUsEuaIY3By78ut0IsrY6VGCoEX_Sk9XrXEXgw_KwIQsbukes_Y9h-IqWx-kPZjk_HeCGC2uid-&_nc_zt=24&_nc_ht=scontent.cdninstagram.com&_nc_ss=786a8&oh=00_Af7cj-rzW5CzlGoWwD5HlcPUtgbEwG2tI34xTe5VswqG6g&oe=6A111EB0","https://www.instagram.com/mozomozo7575/","mozomozo7575","https://www.instagram.com/p/DXkyjneEfDp/c/18061311689454158/","3 sem","Qual o Instagram?","Responder","","Curtir"
"https://www.instagram.com/gomes.santos.165/","https://scontent.cdninstagram.com/v/t51.2885-19/473712448_2409092889490241_8814825892801682949_n.jpg?stp=dst-jpg_s150x150_tt6&_nc_cat=101&ccb=7-5&_nc_sid=f7ccc5&efg=eyJ2ZW5jb2RlX3RhZyI6InByb2ZpbGVfcGljLnd3dy4xMDgwLkMzIn0%3D&_nc_ohc=ylh5TT8_g1cQ7kNvwFcz5YZ&_nc_oc=AdqOpPOMNKf73Rr_kOLn-rsgUJfc0pAXcwfj-adV40j1jehlf3F5mYsXB2UO02RKDi24L90xE8wWOkrkiZBy1mNT&_nc_zt=24&_nc_ht=scontent.cdninstagram.com&_nc_ss=786a8&oh=00_Af6NHZ1XH9KIvLkuBzXT99VMQpOPk8saz6Y6jAxjbO0cog&oe=6A11156D","https://www.instagram.com/gomes.santos.165/","gomes.santos.165","https://www.instagram.com/p/DXkyjneEfDp/c/18078410465287246/","3 sem","Pq ele não bota a lata nos vídeos?","Responder","","Curtir"
"https://www.instagram.com/yeshua_lilly_hope/","https://scontent.cdninstagram.com/v/t51.75761-19/497651424_18301104601300714_538623856775654587_n.jpg?stp=dst-jpg_s150x150_tt6&_nc_cat=105&ccb=7-5&_nc_sid=f7ccc5&efg=eyJ2ZW5jb2RlX3RhZyI6InByb2ZpbGVfcGljLnd3dy4xMDgwLkMzIn0%3D&_nc_ohc=Tr6pvEERWZ8Q7kNvwGGfzT_&_nc_oc=AdqDLVEmlDidp404Nx3c_cTHqyUL51EfNF5jr1rjGcjRoO1ICutWXB2J5rQXm0UoacSEFgb6g1BKk8T7-TSOg4R4&_nc_zt=24&_nc_ht=scontent.cdninstagram.com&_nc_gid=3UQFkMwOE76A_Ov3pYah0Q&_nc_ss=786a8&oh=00_Af7cJv4Pko41FFenfICeFdTPvyFVP-WNZzKrJzJ3GgGpsQ&oe=6A110FF4","https://www.instagram.com/yeshua_lilly_hope/","yeshua_lilly_hope","https://www.instagram.com/p/DXkyjneEfDp/c/18099707599998045/","3 sem","Flávio 22 🇧🇷","Responder","","Curtir"
"https://www.instagram.com/r.batista.soares/","https://scontent.cdninstagram.com/v/t51.75761-19/494621498_17969689775894079_1647031773246353683_n.jpg?stp=dst-jpg_s150x150_tt6&_nc_cat=103&ccb=7-5&_nc_sid=f7ccc5&efg=eyJ2ZW5jb2RlX3RhZyI6InByb2ZpbGVfcGljLnd3dy4xMDgwLkMzIn0%3D&_nc_ohc=pbitLaB2a7kQ7kNvwHBYfTS&_nc_oc=AdruJ7_g6FnZnykSQDlXpfQeZ5ntfRJchEZAwZGBqJx-xU8fnascUQ69Fi4iOaPygVoukHVWZ5ZTXWttuULuAGZA&_nc_zt=24&_nc_ht=scontent.cdninstagram.com&_nc_gid=3UQFkMwOE76A_Ov3pYah0Q&_nc_ss=786a8&oh=00_Af6fz4gsy62R8esmVM-9QCUUvuQCdgI0FCdax5xRIwIZtw&oe=6A112DB8","https://www.instagram.com/r.batista.soares/","r.batista.soares","https://www.instagram.com/p/DXkyjneEfDp/c/17886118350379105/","3 sem","O povo já e roubado na realidade, agora tá f....ddo com IA.","Responder","","Curtir"
"https://www.instagram.com/josuedireito/","https://scontent.cdninstagram.com/v/t51.82787-19/557036629_18285302809277045_7241532735313214820_n.jpg?stp=dst-jpg_s150x150_tt6&_nc_cat=109&ccb=7-5&_nc_sid=f7ccc5&efg=eyJ2ZW5jb2RlX3RhZyI6InByb2ZpbGVfcGljLnd3dy40NDguQzMifQ%3D%3D&_nc_ohc=B6likZk-XOgQ7kNvwFW6knl&_nc_oc=AdqA5eyXLtV7CtthnPaMswGkACRcHJ9vloU6hbGFjoKiUbop7dlCi6VqfB38ta8HzOCmMQXv03iskVk_Gwf6tQsi&_nc_zt=24&_nc_ht=scontent.cdninstagram.com&_nc_gid=3UQFkMwOE76A_Ov3pYah0Q&_nc_ss=786a8&oh=00_Af7xLnPgVqfTd_zr6zo508ocSE6vdCxhxNzE6XoXxompIQ&oe=6A113403","https://www.instagram.com/josuedireito/","josuedireito","https://www.instagram.com/p/DXkyjneEfDp/c/18097860883851789/","3 sem","Viva a demogracinha relativa do Bostil...","Responder","","Curtir"
"https://www.instagram.com/lupaf41/","https://scontent.cdninstagram.com/v/t51.2885-19/22581763_871251369701473_9134952193672085504_n.jpg?_nc_cat=101&ccb=7-5&_nc_sid=f7ccc5&efg=eyJ2ZW5jb2RlX3RhZyI6InByb2ZpbGVfcGljLnd3dy4xNTAuQzMifQ%3D%3D&_nc_ohc=uCXklfKnCXoQ7kNvwFBEKpx&_nc_oc=AdqDL-nD9lneHI4ogdKHh-onTJNFMFKZ6C-DiLV-vHcgFXYfKpOF_fJLoPsOpgUUZuFMdewj3maTp6JacT5qbom0&_nc_zt=24&_nc_ht=scontent.cdninstagram.com&_nc_ss=786a8&oh=00_Af7Siwg5YcEWSTwnpLbfCGBCJj8vA09ul1scn9OSgwQ5JQ&oe=6A113CDD","https://www.instagram.com/lupaf41/","lupaf41","https://www.instagram.com/p/DXkyjneEfDp/c/18061183277440638/","3 sem","Lula reeleito","Responder","","Curtir"
"https://www.instagram.com/julianagomesda577/","https://scontent.cdninstagram.com/v/t51.82787-19/616236184_17842820571678952_1612971630132196560_n.jpg?stp=dst-jpg_s150x150_tt6&_nc_cat=108&ccb=7-5&_nc_sid=f7ccc5&efg=eyJ2ZW5jb2RlX3RhZyI6InByb2ZpbGVfcGljLnd3dy4xMDgwLkMzIn0%3D&_nc_ohc=M2pZDxJz2jwQ7kNvwF2m0AF&_nc_oc=Adr5gQCZ-eHVEq4WztXqlVHnwRiIajL42hQUbeNV2MwoRBS7wK_JaUsqh0sS2YQ6c4seUcQAzZLP7CMyebzf7NjX&_nc_zt=24&_nc_ht=scontent.cdninstagram.com&_nc_gid=3UQFkMwOE76A_Ov3pYah0Q&_nc_ss=786a8&oh=00_Af7-PtOqF4cnfffuf3rMP-QIiajmosqh797iXXEgql7fdA&oe=6A1129E4","https://www.instagram.com/julianagomesda577/","julianagomesda577","https://www.instagram.com/p/DXkyjneEfDp/c/18192016558368596/","3 sem","Ela falou a verdade","Responder","","Curtir"
"https://www.instagram.com/maykelloliveira/","https://scontent.cdninstagram.com/v/t51.2885-19/351766151_589538743269070_3994144706618008552_n.jpg?stp=dst-jpg_s150x150_tt6&_nc_cat=101&ccb=7-5&_nc_sid=f7ccc5&efg=eyJ2ZW5jb2RlX3RhZyI6InByb2ZpbGVfcGljLnd3dy4xMDgwLkMzIn0%3D&_nc_ohc=nzMSn9-kyUcQ7kNvwF0fiiN&_nc_oc=Adqdn_SrFbqd-66sq5Mk-y1v41d8l-T18mtF8JfabEOFibEAV3lWlAQjz-J_HFpeeHSTUItTvudrwj-3Eswl4bYa&_nc_zt=24&_nc_ht=scontent.cdninstagram.com&_nc_ss=786a8&oh=00_Af4twRGCCr5zbEFkpRqPEOEYtfjDAa3TQW-z8EVEIqZfuw&oe=6A112B4B","https://www.instagram.com/maykelloliveira/","maykelloliveira","https://www.instagram.com/p/DXkyjneEfDp/c/18115711639742543/","3 sem","Vamos ver quantas páginas de direita e de esquerdas serão bloqueadas nessas eleições 😂","Responder","","Curtir"
"https://www.instagram.com/marcelodasilva7816/","https://scontent.cdninstagram.com/v/t51.2885-19/470897958_1141295700847088_3068743920985328601_n.jpg?stp=dst-jpg_s150x150_tt6&_nc_cat=108&ccb=7-5&_nc_sid=f7ccc5&efg=eyJ2ZW5jb2RlX3RhZyI6InByb2ZpbGVfcGljLnd3dy40MDAuQzMifQ%3D%3D&_nc_ohc=uT9fwezsQ6QQ7kNvwG1uOZ-&_nc_oc=AdqPqn-mIhFm_pqjoRe2gq-QrTBeJkg_828izIVhv4C0W0STFIWY1qvgOnWhZDBlkBWyz-kGeJsdJU8aMhGh-rem&_nc_zt=24&_nc_ht=scontent.cdninstagram.com&_nc_ss=786a8&oh=00_Af76w-PZGf6Df5TGwKKuNtZLJS9XuoRy2DBHTnNvx8kcCQ&oe=6A1116D3","https://www.instagram.com/marcelodasilva7816/","marcelodasilva7816","https://www.instagram.com/p/DXkyjneEfDp/c/17951526642131494/","3 sem","Será que ela sabe o que o assessor de Tramp disse?","Responder","","Curtir"
"https://www.instagram.com/antonio.cmo/","https://scontent.cdninstagram.com/v/t51.2885-19/457377709_1211138383567552_2676118626877089602_n.jpg?stp=dst-jpg_s150x150_tt6&_nc_cat=110&ccb=7-5&_nc_sid=f7ccc5&efg=eyJ2ZW5jb2RlX3RhZyI6InByb2ZpbGVfcGljLnd3dy4xMDgwLkMzIn0%3D&_nc_ohc=ErEtvDhjv1cQ7kNvwG5fflQ&_nc_oc=AdroExYprjbkhWx7ug_ACVZYDFyUYGYg2EtnJhXZNKXOw97oLsfAhbrAh6paHbWKQrQT32E-xGkqoYEk46s3Jpfu&_nc_zt=24&_nc_ht=scontent.cdninstagram.com&_nc_ss=786a8&oh=00_Af4WhHWytWjdU0pRmSyIUgltzGBssDybV-193w6UE4tt3g&oe=6A1124C3","https://www.instagram.com/antonio.cmo/","antonio.cmo","https://www.instagram.com/p/DXkyjneEfDp/c/18314832193286358/","3 sem","Vou seguir esse perfil","Responder","","Curtir"
"https://www.instagram.com/weslleyborges77/","https://scontent.cdninstagram.com/v/t51.82787-19/618724771_17958247740024756_1168361494526212669_n.jpg?stp=dst-jpg_s150x150_tt6&_nc_cat=102&ccb=7-5&_nc_sid=f7ccc5&efg=eyJ2ZW5jb2RlX3RhZyI6InByb2ZpbGVfcGljLnd3dy4xMDgwLkMzIn0%3D&_nc_ohc=YfrhWmdBwvoQ7kNvwHQocNh&_nc_oc=AdoyDtXJPQZxYNa2IayRCEoPRxHqmPTCwjNsyfBt_Obm4RJwE0csT5uZLssigKNRMEUaAZyFFRh5ilxKdMeckZzB&_nc_zt=24&_nc_ht=scontent.cdninstagram.com&_nc_gid=LepKu_KcNqSySwvaw8POEw&_nc_ss=786a8&oh=00_Af7fE4GA5ADpvmtU0eU7MdGViMrv7gBxImw0sBSwv61RKQ&oe=6A114114","https://www.instagram.com/weslleyborges77/","weslleyborges77","https://www.instagram.com/p/DXkyjneEfDp/c/18061966748698023/","3 sem","👉🏽 TEM Q SER ASSIM MSM . PQ SE FOR UM PERFIL DE UM CIDADÃO COMUM COM TODO DIREITO DE SE IMPOR. CRITICAR L, FALAR OQ PENSA OU  FALAR A VERDADES HOJE É CRIME !! ENTÃO ARROCHA NAS PAGINAS DE IA 😌😌","Responder","","Curtir"
"https://www.instagram.com/jackjoaquim23/","https://scontent.cdninstagram.com/v/t51.82787-19/656361438_17951041428105449_3893808249617429604_n.jpg?stp=dst-jpg_s150x150_tt6&_nc_cat=104&ccb=7-5&_nc_sid=f7ccc5&efg=eyJ2ZW5jb2RlX3RhZyI6InByb2ZpbGVfcGljLnd3dy4xMDgwLkMzIn0%3D&_nc_ohc=o2KPm1E0jgIQ7kNvwH4IkDA&_nc_oc=AdpUuRLeDDiwCahSyTXIDUsSBH64WY-utzzMMEsi6978xsxkSlsRjuLqRe6tYGXy-Nromqc0NaxkDEtkLgE_vaCQ&_nc_zt=24&_nc_ht=scontent.cdninstagram.com&_nc_gid=LepKu_KcNqSySwvaw8POEw&_nc_ss=786a8&oh=00_Af4tCqZXNkIA0MRDXjirDAMfJI3brLZEP9qmhbaH5ufEOw&oe=6A113685","https://www.instagram.com/jackjoaquim23/","jackjoaquim23","https://www.instagram.com/p/DXkyjneEfDp/c/18112597177764892/","3 sem","Quero seguir qual o @? 😂😂😂","Responder","","Curtir"
"https://www.instagram.com/arlete_india04/","https://scontent.cdninstagram.com/v/t51.82787-19/696052641_18591050806005265_4294939684280812126_n.jpg?stp=dst-jpg_s150x150_tt6&_nc_cat=106&ccb=7-5&_nc_sid=f7ccc5&efg=eyJ2ZW5jb2RlX3RhZyI6InByb2ZpbGVfcGljLnd3dy4xMDc5LkMzIn0%3D&_nc_ohc=TqNdpVjhvaQQ7kNvwEP-3rh&_nc_oc=Adr1DFh14VEJ3UbmIbXRNC0Hix30Dn324Ogxs8S63njByrqQrcuva39oiq6WJxvvq_h4MqtFXC79RrAkprzF2hTj&_nc_zt=24&_nc_ht=scontent.cdninstagram.com&_nc_gid=LepKu_KcNqSySwvaw8POEw&_nc_ss=786a8&oh=00_Af4xtXuq9b6Nx8bc8tXrIIZpLud0RG2hS8RNopkJbNhluQ&oe=6A113DAC","https://www.instagram.com/arlete_india04/","arlete_india04","https://www.instagram.com/p/DXkyjneEfDp/c/18074811554648084/","3 sem","Sem fakenews a direita não vive. Pau neles!","Responder","","Curtir"
"https://www.instagram.com/marcos.neris.69/","https://scontent.cdninstagram.com/v/t51.82787-19/660101704_18042983993766005_2585409294093578742_n.jpg?stp=dst-jpg_s150x150_tt6&_nc_cat=103&ccb=7-5&_nc_sid=f7ccc5&efg=eyJ2ZW5jb2RlX3RhZyI6InByb2ZpbGVfcGljLnd3dy4xMDgwLkMzIn0%3D&_nc_ohc=r6U8eLp6AJ0Q7kNvwEbET7R&_nc_oc=AdqUSGPckryYGepc7gVSWZ73KMbxIek8ZDl5eSoiuGQQk2jB-crVLcfHFSdOCFXdbqfDXD2IktvIxxmQNSPK2wi-&_nc_zt=24&_nc_ht=scontent.cdninstagram.com&_nc_gid=LepKu_KcNqSySwvaw8POEw&_nc_ss=786a8&oh=00_Af5slcvRhhQxMs7kf1j-NgDnTRLOXSCmEGd9HC-cQ2LBBA&oe=6A113B6D","https://www.instagram.com/marcos.neris.69/","marcos.neris.69","https://www.instagram.com/p/DXkyjneEfDp/c/18007432178902185/","3 sem","Esquerdalha pirenta, Dona Maria só fala verdades.","Responder","","Curtir"
"https://www.instagram.com/aureolenza/","https://scontent.cdninstagram.com/v/t51.2885-19/267319464_146053477764602_8224957337168531308_n.jpg?stp=dst-jpg_s150x150_tt6&_nc_cat=101&ccb=7-5&_nc_sid=f7ccc5&efg=eyJ2ZW5jb2RlX3RhZyI6InByb2ZpbGVfcGljLnd3dy45NDkuQzMifQ%3D%3D&_nc_ohc=DkCFIRbvg5YQ7kNvwG3cNUF&_nc_oc=AdrKfFplUMSUHpNAhxHkX9nznf9M8i-zBioNY01ITYE2fvOVZy4VklbYH6nyaoeTem02xsJAVuMhtgwZ33zhoGcO&_nc_zt=24&_nc_ht=scontent.cdninstagram.com&_nc_ss=786a8&oh=00_Af6-ydfOF1RytntvEKkU9N9owyadofhR4sdKWcGO08stKA&oe=6A112223","https://www.instagram.com/aureolenza/","aureolenza","https://www.instagram.com/p/DXkyjneEfDp/c/18578672308011591/","3 sem","Foda-se PT dona Maria👏","Responder","","Curtir"
"https://www.instagram.com/tiago.n.p/","https://scontent.cdninstagram.com/v/t51.82787-19/649415289_18355339147232881_172436597870800499_n.jpg?stp=dst-jpg_s150x150_tt6&_nc_cat=106&ccb=7-5&_nc_sid=f7ccc5&efg=eyJ2ZW5jb2RlX3RhZyI6InByb2ZpbGVfcGljLnd3dy4xMDgwLkMzIn0%3D&_nc_ohc=vZmJFq9eVjwQ7kNvwHbB46C&_nc_oc=AdrSPx5ew3ojxm6Gvd5S83owiMhE7BDT027nbQWQP9AsYq4OZSP5L7SczfHzblvDj46RoMdhn4Ory7MgJaqqhsse&_nc_zt=24&_nc_ht=scontent.cdninstagram.com&_nc_gid=LepKu_KcNqSySwvaw8POEw&_nc_ss=786a8&oh=00_Af7NWQItOZu7ZBmInfFgH2qZNwYofrnJijZatM5aJcWipQ&oe=6A113742","https://www.instagram.com/tiago.n.p/","tiago.n.p","https://www.instagram.com/p/DXkyjneEfDp/c/18156896752453275/","3 sem","Quem é Renan Santos? - Redução da maioridadepenal- Fim das ""saidinhas"", de custódia, indultos e benefícios paracriminosos- Prisão perpétua e penade morte- Criação de presidios desegurança máxima nosmoldes do CECOT(""CECOTins"")- Desfavelização do Brasil - Inelegibilidade para políticos ineficientes- Prisão de políticos e juízes corruptos- Corte de privilégios da elite do funcionarismo público e políticos- Redução do número de ministérios- Nova Constituição- Reforma fiscal- Redução de impostos e fim do IPVA- Industrialização do Nordeste- Frentes de trabalho para reduzir drasticamente uso do bolsa família- Fim da Zona Franca de Manaus- Intervenção no Porto de Santos e Porto do Pecém- Revisão do pacto federativo e alteração dosistema de incentivos- Unificação de municípios para enxugar da máquina pública- Intervenção em estados com gestão ineficiente- Revisão das leis trabalhistas e reforma da CLT- Maior investimento em educação básica do que em educação superior- Prêmios para os melhores alunos da educacão pública e bolsas em escolas de ponta, mesmo que particulares- Maior investimento em pesquisas científicas- Investimento pesado na infraestrutura do país (rodovias, ferrovias, portos)- Parques de geração de energia limpa no Nordeste- Bomba nuclear- Retornar com o Estado da Guanabara, transformado o município do Rio de Janeiro em uma Cidade-estado- Criação de equipe brasileira de Fórmula 1, com motor da Weq- Investir na produção de fertilizantes nacionais- Vinculação do Fundo eleitoral partidário e das emendas parlamentares ao cumprimento de metas objetivasEtc...","Responder","","Curtir"
"https://www.instagram.com/guigoiano/","https://scontent.cdninstagram.com/v/t51.82787-19/683647976_17926740864291595_3504570900358670913_n.jpg?stp=dst-jpg_s150x150_tt6&_nc_cat=111&ccb=7-5&_nc_sid=f7ccc5&efg=eyJ2ZW5jb2RlX3RhZyI6InByb2ZpbGVfcGljLnd3dy4xMDgwLkMzIn0%3D&_nc_ohc=BLhRcVhzzLIQ7kNvwGUrxEt&_nc_oc=AdrVmdr9LyzovEnLOSsFTAkaHgZmidvMBKiJTZ5_kkkC4agEl--K5Ac4ZdsjvIF8hwSF3gF9HflFGWoVMRXf7frx&_nc_zt=24&_nc_ht=scontent.cdninstagram.com&_nc_gid=LepKu_KcNqSySwvaw8POEw&_nc_ss=786a8&oh=00_Af6BzfR-nBPChvjrZWrtfe70_FQD-5lXCEUa1IQgnHA52g&oe=6A113884","https://www.instagram.com/guigoiano/","guigoiano","https://www.instagram.com/p/DXkyjneEfDp/c/17886278595479046/","3 sem","Atacar lula? So fala verdade","Responder","","Curtir"
"https://www.instagram.com/leander.bat/","https://scontent.cdninstagram.com/v/t51.82787-19/643534792_18565177657004414_5917941481602278945_n.jpg?stp=dst-jpg_s150x150_tt6&_nc_cat=111&ccb=7-5&_nc_sid=f7ccc5&efg=eyJ2ZW5jb2RlX3RhZyI6InByb2ZpbGVfcGljLnd3dy4xMDgwLkMzIn0%3D&_nc_ohc=1gxnKbfs4_cQ7kNvwEaQ6FV&_nc_oc=AdqhY_WlOEBXqWMuPQxhYfEPRP3XCa51HSPqH2SY0VCyrMDUivIwpkdGGpAP7ZZT-J-8DERqAApM9lJHXxr4tR1q&_nc_zt=24&_nc_ht=scontent.cdninstagram.com&_nc_gid=LepKu_KcNqSySwvaw8POEw&_nc_ss=786a8&oh=00_Af5XGME4sh7aRJCIPeMbhbepT40VP1H_RmAXJ4hWYDhLiQ&oe=6A113D5E","https://www.instagram.com/leander.bat/","leander.bat","https://www.instagram.com/p/DXkyjneEfDp/c/17932686999238753/","3 sem","Não é defendendo nenhum lado, mas cadê a liberdade? não se pode mais usar IA pra criticar os governantes? uma coisa seria utilizar IA de forma preconceituosa contra as pessoas, agora pra falar a verdade…","Responder","","Curtir"
"https://www.instagram.com/murilosan/","https://scontent.cdninstagram.com/v/t51.82787-19/581020156_18540109657011265_7374758878530831951_n.jpg?stp=dst-jpg_s150x150_tt6&_nc_cat=106&ccb=7-5&_nc_sid=f7ccc5&efg=eyJ2ZW5jb2RlX3RhZyI6InByb2ZpbGVfcGljLnd3dy4xMDgwLkMzIn0%3D&_nc_ohc=PrvvfS3EuWkQ7kNvwGRuI4w&_nc_oc=AdqoZX2c28yux6Q3Kn8VA26pEQXrf19mBpXbC-f63ltRD3f4M2I-RlYFUQi_jsKvDCF81QG4MOVdYzmsLpeIXV_L&_nc_zt=24&_nc_ht=scontent.cdninstagram.com&_nc_gid=LepKu_KcNqSySwvaw8POEw&_nc_ss=786a8&oh=00_Af7RigfHipd4m3cmrQktpxu4BqGheSFYAOMnsanJAQqtIw&oe=6A111006","https://www.instagram.com/murilosan/","murilosan","https://www.instagram.com/p/DXkyjneEfDp/c/17866375314672413/","3 sem","É engraçado ver tanto esquerdopatas preocupados com a verdade dita por uma IA 😂😂😂","Responder","","Curtir"
"https://www.instagram.com/oscarlirasp/","https://scontent.cdninstagram.com/v/t51.82787-19/601529769_18049628342690118_4566503176303386320_n.jpg?stp=dst-jpg_s150x150_tt6&_nc_cat=109&ccb=7-5&_nc_sid=f7ccc5&efg=eyJ2ZW5jb2RlX3RhZyI6InByb2ZpbGVfcGljLnd3dy4xMDgwLkMzIn0%3D&_nc_ohc=Dc4FGxjvcLAQ7kNvwEVE3Lo&_nc_oc=AdpHJan--Z_s-kENZCsMxGy-FL8AnVxpB-Y-TbKFkmnceYCgR1Mj-AXgQTw0oSq6fMG9pSQ2e6IkdVHNJ_GM36kM&_nc_zt=24&_nc_ht=scontent.cdninstagram.com&_nc_gid=LepKu_KcNqSySwvaw8POEw&_nc_ss=786a8&oh=00_Af6b6tEpC-zA1aVveyidAbvVCXlQtx-UzmhgNdnIuzu1Eg&oe=6A11385B","https://www.instagram.com/oscarlirasp/","oscarlirasp","https://www.instagram.com/p/DXkyjneEfDp/c/18109777963891995/","3 sem","Falar a verdade é crime no Brasil.","Responder","","Curtir"
"https://www.instagram.com/jhuann_oliveira360/","https://scontent.cdninstagram.com/v/t51.82787-19/633942395_18510574588078552_1922919916003455212_n.jpg?stp=dst-jpg_s150x150_tt6&_nc_cat=107&ccb=7-5&_nc_sid=f7ccc5&efg=eyJ2ZW5jb2RlX3RhZyI6InByb2ZpbGVfcGljLnd3dy4xMDgwLkMzIn0%3D&_nc_ohc=Hr-2qSYM6L4Q7kNvwESpIzM&_nc_oc=Adqij9XxEbI14Wfm0k-60qYdjEjBuorkFCfLFTowz8g9ccUInFplxacVM2dSSF7RsB88RolcTd9BbWAwbbygBKpj&_nc_zt=24&_nc_ht=scontent.cdninstagram.com&_nc_gid=LepKu_KcNqSySwvaw8POEw&_nc_ss=786a8&oh=00_Af6tcgIQoe1OubExVeLvI8r65VzrB0Nuh2-6w_vwfZRsvQ&oe=6A112F92","https://www.instagram.com/jhuann_oliveira360/","jhuann_oliveira360","https://www.instagram.com/p/DXkyjneEfDp/c/17882181531554316/","3 sem","O PT tá achando que tá em 2002 com essas políticas ultrapassadas 😂😂😂😂","Responder","","Curtir"
"https://www.instagram.com/sheylapestana/","https://scontent.cdninstagram.com/v/t51.82787-19/655468052_18321177544267612_210012442683399680_n.jpg?stp=dst-jpg_s150x150_tt6&_nc_cat=106&ccb=7-5&_nc_sid=f7ccc5&efg=eyJ2ZW5jb2RlX3RhZyI6InByb2ZpbGVfcGljLnd3dy4xMDgwLkMzIn0%3D&_nc_ohc=Kekh-JjxJVIQ7kNvwEP7DIM&_nc_oc=AdpnPqn4SSqk8YtMIKljLyg6jYZBZKvLo8HKUIZCSARXjqUN4rVg1ISvTZITpQWl3aBFX0q-NaJSiLcSq4qorsBU&_nc_zt=24&_nc_ht=scontent.cdninstagram.com&_nc_gid=LepKu_KcNqSySwvaw8POEw&_nc_ss=786a8&oh=00_Af45uhoZ4KgnIPcxOS1q0sQ0LsJ77gITWcPKBcsh1RYWJg&oe=6A110F1E","https://www.instagram.com/sheylapestana/","sheylapestana","https://www.instagram.com/p/DXkyjneEfDp/c/18078436040532953/","3 sem","👏👏👏👏","Responder","","Curtir"
"https://www.instagram.com/lima_cavalcante_miranda/","https://scontent.cdninstagram.com/v/t51.2885-19/468324376_484768197364062_5873139859979669195_n.jpg?stp=dst-jpg_s150x150_tt6&_nc_cat=110&ccb=7-5&_nc_sid=f7ccc5&efg=eyJ2ZW5jb2RlX3RhZyI6InByb2ZpbGVfcGljLnd3dy4xMDgwLkMzIn0%3D&_nc_ohc=j5lNy0vLUW4Q7kNvwF3O2g9&_nc_oc=Adp6CHTbo1xDHBbCsX_yxBrmiv5gj6pvC9k4tUNOEj2bKFkwslqDlwPac0sV10ql5QBvSLSKazFsyVIYV8tdpdLX&_nc_zt=24&_nc_ht=scontent.cdninstagram.com&_nc_ss=786a8&oh=00_Af59PD2mTOCV0BJR8TdPz8nTHLiqAG92asdrBb_KJDKZAQ&oe=6A1115C0","https://www.instagram.com/lima_cavalcante_miranda/","lima_cavalcante_miranda","https://www.instagram.com/p/DXkyjneEfDp/c/18078891188159812/","3 sem","A esquerda não suporta a verdade.","Responder","","Curtir"
"https://www.instagram.com/edvaniocaninda/","https://scontent.cdninstagram.com/v/t51.2885-19/449448669_1160303991958587_2339090146727473616_n.jpg?stp=dst-jpg_s150x150_tt6&_nc_cat=101&ccb=7-5&_nc_sid=f7ccc5&efg=eyJ2ZW5jb2RlX3RhZyI6InByb2ZpbGVfcGljLnd3dy43MzkuQzMifQ%3D%3D&_nc_ohc=-ZQ76Ll1HrYQ7kNvwGv9lbD&_nc_oc=Adqa357YpAi_8LKufv6mZvRTkfsbNUAHUsAIxCig645b6OTcwZ-1pPtZZcjVmu2H-jedmzhqtTqi3Zah96nVwYQq&_nc_zt=24&_nc_ht=scontent.cdninstagram.com&_nc_ss=786a8&oh=00_Af5BV-lpzHZISpoO1KutUWPviFt35lRivqip4qFp0qoz-A&oe=6A111533","https://www.instagram.com/edvaniocaninda/","edvaniocaninda","https://www.instagram.com/p/DXkyjneEfDp/c/17985419345812753/","3 sem","👏👏👏👏👏👏👏","Responder","","Curtir"
"https://www.instagram.com/professorinaciocarvalho/","https://scontent.cdninstagram.com/v/t51.2885-19/361134538_1201171790565037_7736039643292752887_n.jpg?stp=dst-jpg_s150x150_tt6&_nc_cat=100&ccb=7-5&_nc_sid=f7ccc5&efg=eyJ2ZW5jb2RlX3RhZyI6InByb2ZpbGVfcGljLnd3dy43MjAuQzMifQ%3D%3D&_nc_ohc=e_l7a4ej-koQ7kNvwHkkwyr&_nc_oc=Adps_75l5KGrx4FTjX5jYT-gitSdXMvrFvFk5hfiYlxKBzi_5qGwrMAbVkKXpu-XQ4LGOODaSoV1r5ikBXcO55sj&_nc_zt=24&_nc_ht=scontent.cdninstagram.com&_nc_ss=786a8&oh=00_Af69KmZ7gp4vXWoYk2SQ9HuSQGnwRF0DsCH0833bK6kZPA&oe=6A11429C","https://www.instagram.com/professorinaciocarvalho/","professorinaciocarvalho","https://www.instagram.com/p/DXkyjneEfDp/c/18068850446319953/","3 sem","Lula reeleito pode criar a personagem  a IA que fizer. 🔥","Responder","","Curtir"
"https://www.instagram.com/telmacampossantos/","https://scontent.cdninstagram.com/v/t51.82787-19/608657994_18502123615072011_4883104831605656589_n.jpg?stp=dst-jpg_s150x150_tt6&_nc_cat=101&ccb=7-5&_nc_sid=f7ccc5&efg=eyJ2ZW5jb2RlX3RhZyI6InByb2ZpbGVfcGljLnd3dy4xMDgwLkMzIn0%3D&_nc_ohc=M7RLvtVhP24Q7kNvwHX_dDh&_nc_oc=Ado95VeOp5zHMvwNzRZMiWYDicIkugCPrE9udln01BXV54Uk0pcirYHJEYISQUDq-ONaX5BEXUirQMxLIXxTcZd-&_nc_zt=24&_nc_ht=scontent.cdninstagram.com&_nc_gid=iLFAQkUNUJx1sYqr8RLcEw&_nc_ss=786a8&oh=00_Af7drNlCfxYt4doot_9UGrf6n1p3guSKLh0GBue_0SW34Q&oe=6A112E72","https://www.instagram.com/telmacampossantos/","telmacampossantos","https://www.instagram.com/p/DXkyjneEfDp/c/18588998587010644/","3 sem","A facção chamada de PL e bolsonarismo vão sobreviver sem fake news","Responder","","Curtir"
"https://www.instagram.com/euprecisodissso/","https://scontent.cdninstagram.com/v/t51.82787-19/629132619_18309714184282572_5076724664769477015_n.jpg?stp=dst-jpg_s150x150_tt6&_nc_cat=101&ccb=7-5&_nc_sid=f7ccc5&efg=eyJ2ZW5jb2RlX3RhZyI6InByb2ZpbGVfcGljLnd3dy4xMDgwLkMzIn0%3D&_nc_ohc=MnOk2Qt_hsUQ7kNvwHn9NQv&_nc_oc=Ado9iX4oyxeH9nFZfE2lsKW9duCDZ1ZHYBxCsckqGvGdugA-0dLzLjen_TRTxOiOnIfDLP6eSvvYHdXzORVECM1l&_nc_zt=24&_nc_ht=scontent.cdninstagram.com&_nc_gid=iLFAQkUNUJx1sYqr8RLcEw&_nc_ss=786a8&oh=00_Af6B1VKW0WjhH7bPIIyNGDB8JG2oURFl6kraB3AKDzht5g&oe=6A112061","https://www.instagram.com/euprecisodissso/","euprecisodissso","https://www.instagram.com/p/DXkyjneEfDp/c/18134707807534470/","3 sem","Vai chupar um 🦃","Responder","","Curtir"
"https://www.instagram.com/marleidelopespdf/","https://scontent.cdninstagram.com/v/t51.2885-19/80131402_462338501322342_3327217078657613824_n.jpg?stp=dst-jpg_s150x150_tt6&_nc_cat=110&ccb=7-5&_nc_sid=f7ccc5&efg=eyJ2ZW5jb2RlX3RhZyI6InByb2ZpbGVfcGljLnd3dy41NDAuQzMifQ%3D%3D&_nc_ohc=47NOh1tdgXUQ7kNvwH5K-80&_nc_oc=AdrF0DeqHCay_8MWLkLqhxDjgrp-mLvbAQl8RkrwCDwqdloSS0zs__PmuNCPjcJTZwB1LEQf7HF6LaFAh4bd3ZpV&_nc_zt=24&_nc_ht=scontent.cdninstagram.com&_nc_ss=786a8&oh=00_Af4KO7Fqvheovijr_drCxyS7S7jbkjPtgGQSND_uZxKYSQ&oe=6A112E81","https://www.instagram.com/marleidelopespdf/","marleidelopespdf","https://www.instagram.com/p/DXkyjneEfDp/c/18582176473014478/","3 sem","👏👏👏👏","Responder","","Curtir"
"https://www.instagram.com/parquesitinerantesbr/","https://scontent.cdninstagram.com/v/t51.2885-19/242356384_233719945373181_1836250104937986937_n.jpg?stp=dst-jpg_s150x150_tt6&_nc_cat=110&ccb=7-5&_nc_sid=f7ccc5&efg=eyJ2ZW5jb2RlX3RhZyI6InByb2ZpbGVfcGljLnd3dy4xMDgwLkMzIn0%3D&_nc_ohc=jHR2Zl9LolYQ7kNvwGlAHOi&_nc_oc=AdqoA-n0290CmoYIgpPhSjQHP9ayn-gmLwZrX3VdA9Ke8aMogBH_J3fS2TRHefJSOYbFy_3bmoC1QSyZ5WEIJoE3&_nc_zt=24&_nc_ht=scontent.cdninstagram.com&_nc_ss=786a8&oh=00_Af7xr8d7e1nfM-vPr7iiMNSQU07_ALZ4Rw4nttWs4r64lg&oe=6A1129B9","https://www.instagram.com/parquesitinerantesbr/","parquesitinerantesbr","https://www.instagram.com/p/DXkyjneEfDp/c/18127488772596099/","3 sem","😮","Responder","","Curtir"
"https://www.instagram.com/doraluciadelaurentis/","https://scontent.cdninstagram.com/v/t51.82787-19/587798916_18167374486380245_599010921560285162_n.jpg?stp=dst-jpg_s150x150_tt6&_nc_cat=104&ccb=7-5&_nc_sid=f7ccc5&efg=eyJ2ZW5jb2RlX3RhZyI6InByb2ZpbGVfcGljLnd3dy4xMDgwLkMzIn0%3D&_nc_ohc=BvS1pSoyhqUQ7kNvwE4CJU4&_nc_oc=AdoUpDFUfFsWMjQz49OF8CEdnkjJjRgqYhfmMhcCxWgHYZ8JaOCTHdT4xbKmepP1Ficc9Ipb3YBuh79kQGpO_wWU&_nc_zt=24&_nc_ht=scontent.cdninstagram.com&_nc_gid=iLFAQkUNUJx1sYqr8RLcEw&_nc_ss=786a8&oh=00_Af4UYJF8l4pzi1Ejwk4nGJRMJshmXlorz-i_Da63T2M0-A&oe=6A113FD1","https://www.instagram.com/doraluciadelaurentis/","doraluciadelaurentis","https://www.instagram.com/p/DXkyjneEfDp/c/18092165336237358/","3 sem","Vai lamber sabão vai","Responder","","Curtir"
"https://www.instagram.com/nielrochabr/","https://scontent.cdninstagram.com/v/t51.82787-19/669771241_18313738972274815_8488199266740670871_n.jpg?stp=dst-jpg_s150x150_tt6&_nc_cat=103&ccb=7-5&_nc_sid=f7ccc5&efg=eyJ2ZW5jb2RlX3RhZyI6InByb2ZpbGVfcGljLnd3dy4xMDc5LkMzIn0%3D&_nc_ohc=Di343eq3bfEQ7kNvwGnBM1B&_nc_oc=AdqG42ff9babEaP5Id56pgjS49UO3gok9dNF0OFh2YGKO_6nVVCHkY7n8i-Z8kYXUWG6A-ltPos0Q4TzdfDSPPcy&_nc_zt=24&_nc_ht=scontent.cdninstagram.com&_nc_gid=iLFAQkUNUJx1sYqr8RLcEw&_nc_ss=786a8&oh=00_Af76zXdI7aVCnbsnQ0yVCjV5VHx24V5iFQXzutRInVCCWw&oe=6A113DBD","https://www.instagram.com/nielrochabr/","nielrochabr","https://www.instagram.com/p/DXkyjneEfDp/c/18580533040052014/","3 sem","O PT tá de Chico com essa matéria","Responder","","Curtir"
"https://www.instagram.com/candidowarlley/","https://scontent.cdninstagram.com/v/t51.82787-19/584447139_18159282349400985_7002786605810235352_n.jpg?stp=dst-jpg_s150x150_tt6&_nc_cat=105&ccb=7-5&_nc_sid=f7ccc5&efg=eyJ2ZW5jb2RlX3RhZyI6InByb2ZpbGVfcGljLnd3dy4xMDgwLkMzIn0%3D&_nc_ohc=r5NBWB4dSAgQ7kNvwGgaFap&_nc_oc=AdpoY830OZoZBNxnN2DeyFEuJHXYjn8-EG6f49SwUHNFlaVCysmSR5kr_EH87jYyei6t9qHPDjpE3qm4jL4UwGuI&_nc_zt=24&_nc_ht=scontent.cdninstagram.com&_nc_gid=iLFAQkUNUJx1sYqr8RLcEw&_nc_ss=786a8&oh=00_Af4VyLlKSHdSQi5UxaZKeRNTXXBs_1sOsOmlrtEG5q7kFQ&oe=6A113B49","https://www.instagram.com/candidowarlley/","candidowarlley","https://www.instagram.com/p/DXkyjneEfDp/c/17891188350464078/","3 sem","Se trouxer informações verdadeiras, não vejo problema em manter a ""dona maria"" da I.A, mais uma uma vez a liberdade de expressão nessas eleições será relativa","Responder","","Curtir"
"https://www.instagram.com/marcelopaulino1822/","https://scontent.cdninstagram.com/v/t51.82787-19/695783998_17879764254591132_8971174352103105674_n.jpg?stp=dst-jpg_s150x150_tt6&_nc_cat=106&ccb=7-5&_nc_sid=f7ccc5&efg=eyJ2ZW5jb2RlX3RhZyI6InByb2ZpbGVfcGljLnd3dy4xMDgwLkMzIn0%3D&_nc_ohc=XVargUXVe10Q7kNvwHNqiWd&_nc_oc=AdqzSgQU6NL2JFkIYRLtFqYEeTMePMLYw6YA6c4MMNKKiuuCBDWhw-x2JkwWNYSru4c1LNpGD0vF2J4_0ASBI0Yh&_nc_zt=24&_nc_ht=scontent.cdninstagram.com&_nc_gid=iLFAQkUNUJx1sYqr8RLcEw&_nc_ss=786a8&oh=00_Af6uC2oQzUGxJSo_wHAaW8zh04t0C3hjzwqBWZ8LWehUpg&oe=6A112A8D","https://www.instagram.com/marcelopaulino1822/","marcelopaulino1822","https://www.instagram.com/p/DXkyjneEfDp/c/18100831451101408/","3 sem","Qual é a IA que usa pra fazer esses vídeos?","Responder","","Curtir"
"https://www.instagram.com/will_hoffs/","https://scontent.cdninstagram.com/v/t51.2885-19/473724841_1082723593658800_25286021901569493_n.jpg?stp=dst-jpg_s150x150_tt6&_nc_cat=108&ccb=7-5&_nc_sid=f7ccc5&efg=eyJ2ZW5jb2RlX3RhZyI6InByb2ZpbGVfcGljLnd3dy43MTIuQzMifQ%3D%3D&_nc_ohc=fe9Xm020kr8Q7kNvwHMwKx0&_nc_oc=AdrqiJYEiHuGRDpC2KFIrXH-H92v-ni-QXIP0mo4MVoBFgBJdpfO75S_MhGy5aVL5X-9qc8uKqrcSv1q2CSHY_4e&_nc_zt=24&_nc_ht=scontent.cdninstagram.com&_nc_ss=786a8&oh=00_Af6Iu3edhoIxN4vj0RW6Pqf0_BJBbiK9a7sm8OF0nzVX4A&oe=6A112647","https://www.instagram.com/will_hoffs/","will_hoffs","https://www.instagram.com/p/DXkyjneEfDp/c/18101295685792565/","3 sem","Falo a verdade PT é contra","Responder","","Curtir"
"https://www.instagram.com/joao13141313/","https://scontent.cdninstagram.com/v/t51.82787-19/624852140_17862498432583073_4570525352307619912_n.jpg?stp=dst-jpg_s150x150_tt6&_nc_cat=107&ccb=7-5&_nc_sid=f7ccc5&efg=eyJ2ZW5jb2RlX3RhZyI6InByb2ZpbGVfcGljLnd3dy45NjguQzMifQ%3D%3D&_nc_ohc=YwijeTUlBaIQ7kNvwGIBqwF&_nc_oc=AdqPz7iyqqySPbW_CbQOTlo-N1piQCc1-SZKSGxN9VExF7FWJ1k8ldFXiTAbHWrf08nIveTyNtuZG0jDlqQDD67T&_nc_zt=24&_nc_ht=scontent.cdninstagram.com&_nc_gid=iLFAQkUNUJx1sYqr8RLcEw&_nc_ss=786a8&oh=00_Af7cVsTf_yW8_0d44bqEalq9CqfGnwBHDB9AccSmo4Ea_g&oe=6A111D61","https://www.instagram.com/joao13141313/","joao13141313","https://www.instagram.com/p/DXkyjneEfDp/c/18339085567169764/","3 sem","Sem mentiras o bolsonarismo acaba","Responder","","Curtir"
"https://www.instagram.com/95sammuel/","https://scontent.cdninstagram.com/v/t51.82787-19/615149450_18382296724145238_1072648974534166389_n.jpg?stp=dst-jpg_s150x150_tt6&_nc_cat=106&ccb=7-5&_nc_sid=f7ccc5&efg=eyJ2ZW5jb2RlX3RhZyI6InByb2ZpbGVfcGljLnd3dy4xMDgwLkMzIn0%3D&_nc_ohc=AST4ZMboOo0Q7kNvwGKpILm&_nc_oc=AdpjO38nozoWOXCBcBoyx4mJgyVhCF235J_RgbBJ1ygc8uHuC14iZvhM51iWZQEu02YX0U5qpe53yzfMv1JQhynt&_nc_zt=24&_nc_ht=scontent.cdninstagram.com&_nc_gid=iLFAQkUNUJx1sYqr8RLcEw&_nc_ss=786a8&oh=00_Af4qFRWGV7B4Ya4uAGwj6wX_tFDnXi_1kkTmsrX7-qawwg&oe=6A1110EC","https://www.instagram.com/95sammuel/","95sammuel","https://www.instagram.com/p/DXkyjneEfDp/c/17910003594203910/","3 sem","O cara usar IA pra manipular opinião publica, em prol de um lado politico que ele diz que acredita ser bom, mas não consegue convencer com fatos, então têm que mentir…. Realmente… a gente ta no fundo do poço","Responder","","Curtir"
"https://www.instagram.com/renato_anderson__/","https://scontent.cdninstagram.com/v/t51.89012-19/573323465_1219825463302212_7278921664109726296_n.jpg?stp=dst-jpg_s150x150_tt6&_nc_cat=1&ccb=7-5&_nc_sid=f7ccc5&efg=eyJ2ZW5jb2RlX3RhZyI6InByb2ZpbGVfcGljLnd3dy5DMyJ9&_nc_ohc=_4tC3MUfCWEQ7kNvwE16xtB&_nc_oc=AdqXylCPb_5IssA9ODsJYf_bLhThMeriY6ONIKusdLzJpr1vsqIoiTJtjP_NL9SSZW2g3O67PAO7cn_Q4MnWMlAW&_nc_zt=24&_nc_ht=scontent.cdninstagram.com&_nc_gid=iLFAQkUNUJx1sYqr8RLcEw&_nc_ss=786a8&oh=00_Af5JzFaANWCINntDje9f5_eaPBeQOQOBJeTQgsD08HAiAA&oe=6A113522","https://www.instagram.com/renato_anderson__/","renato_anderson__","https://www.instagram.com/p/DXkyjneEfDp/c/18071548637294883/","3 sem","Vixi... Já vai aparecer muita gente com a blusa da Dona Maria, chorando e pedindo socorro.","Responder","","Curtir"
"https://www.instagram.com/marciofatioli/","https://scontent.cdninstagram.com/v/t51.2885-19/314550256_3308581792715503_6901157043766659173_n.jpg?stp=dst-jpg_s150x150_tt6&_nc_cat=111&ccb=7-5&_nc_sid=f7ccc5&efg=eyJ2ZW5jb2RlX3RhZyI6InByb2ZpbGVfcGljLnd3dy4xMDgwLkMzIn0%3D&_nc_ohc=lawgoUacrfwQ7kNvwHEUj55&_nc_oc=Adq7nP_P4LNlI-BJUWHpJQNxi-R6-QEqSAUurC0H0CnWV61qY4BlFA_q-6MeC1q1mn6OnQgelzdVnx_qm-2Bbkwv&_nc_zt=24&_nc_ht=scontent.cdninstagram.com&_nc_ss=786a8&oh=00_Af5ns8T2n2fhyWn9sUFVIZBpLiXZ3FUqr1x1euqShFTaPQ&oe=6A1121C0","https://www.instagram.com/marciofatioli/","marciofatioli","https://www.instagram.com/p/DXkyjneEfDp/c/18101738020798365/","3 sem","Se essa cambada reclamou, é porque é bom!","Responder","","Curtir"
"https://www.instagram.com/lobo.brasileiro/","https://scontent.cdninstagram.com/v/t51.2885-19/436254495_462430036433887_142814459269617801_n.jpg?stp=dst-jpg_s150x150_tt6&_nc_cat=104&ccb=7-5&_nc_sid=f7ccc5&efg=eyJ2ZW5jb2RlX3RhZyI6InByb2ZpbGVfcGljLnd3dy4zMjAuQzMifQ%3D%3D&_nc_ohc=e9RGXNFOE8EQ7kNvwEvyc9J&_nc_oc=AdpFqgq1usUY1oxXgWyL6t-v8vfcQDKL1dKv9MxwVbxzmDpwLdBIvMi2K4b8O62IGYnPxVSN3S7sJNbr3VBDJja2&_nc_zt=24&_nc_ht=scontent.cdninstagram.com&_nc_ss=786a8&oh=00_Af7f9QsPJ2FKamjyYDfhvSvvfqMyGGU1cykxQNL--Xi2uw&oe=6A112AF8","https://www.instagram.com/lobo.brasileiro/","lobo.brasileiro","https://www.instagram.com/p/DXkyjneEfDp/c/17950023809982028/","3 sem","Sai da IA Bananinha 👀🤣","1 curtida","Responder","Curtir"
"https://www.instagram.com/_rairabello/","https://scontent.cdninstagram.com/v/t51.82787-19/522710706_18516153952047854_580942737830398320_n.jpg?stp=dst-jpg_s150x150_tt6&_nc_cat=104&ccb=7-5&_nc_sid=f7ccc5&efg=eyJ2ZW5jb2RlX3RhZyI6InByb2ZpbGVfcGljLnd3dy4xMDgwLkMzIn0%3D&_nc_ohc=kO5l69unAUAQ7kNvwFvu0p-&_nc_oc=AdoM9bsyOaF9U8a-zxxSJT25w2oL6HsEb7PN2JzZtaPMZVJc_cHoAZHxostLjbgzm32e_aTY25bSlgSWnJyPqMuP&_nc_zt=24&_nc_ht=scontent.cdninstagram.com&_nc_gid=iLFAQkUNUJx1sYqr8RLcEw&_nc_ss=786a8&oh=00_Af5z7Kd8IKxTwd5lIK9Ic5vfmW7jB_bys5LO2mIOvnK-dQ&oe=6A11248A","https://www.instagram.com/_rairabello/","_rairabello","https://www.instagram.com/p/DXkyjneEfDp/c/17895811476441338/","3 sem","Onde mentiu??? 😂😂😂","Responder","","Curtir"
"https://www.instagram.com/rod.andrade/","https://scontent.cdninstagram.com/v/t51.2885-19/162402917_1134861176984442_3623445711213758123_n.jpg?stp=dst-jpg_s150x150_tt6&_nc_cat=106&ccb=7-5&_nc_sid=f7ccc5&efg=eyJ2ZW5jb2RlX3RhZyI6InByb2ZpbGVfcGljLnd3dy4xMDgwLkMzIn0%3D&_nc_ohc=2MQIDg-0NysQ7kNvwHiRHKx&_nc_oc=Adr1kpbZK3SRoEIW5Ds7uKg1Iibr51gHK6XB5frJaZsiy0z_oi18HObq0qTh7s3xAs4_OcS8t9aC0uTUB-nstZqU&_nc_zt=24&_nc_ht=scontent.cdninstagram.com&_nc_ss=786a8&oh=00_Af5mjxxM3SKtHflji_-Rt85IYRyKmIyLfcF6nr-SERv7dA&oe=6A113AFA","https://www.instagram.com/rod.andrade/","rod.andrade","https://www.instagram.com/p/DXkyjneEfDp/c/18016050707836383/","3 sem","👏👏👏👏👏👏👏👏👏👏👏👏👏","Responder","","Curtir"
"https://www.instagram.com/jorge651531/","https://scontent.cdninstagram.com/v/t51.82787-19/610825864_17849157729621009_916900996756013951_n.jpg?stp=dst-jpg_s150x150_tt6&_nc_cat=111&ccb=7-5&_nc_sid=f7ccc5&efg=eyJ2ZW5jb2RlX3RhZyI6InByb2ZpbGVfcGljLnd3dy4zMjAuQzMifQ%3D%3D&_nc_ohc=0SyQy4YhxyIQ7kNvwG-2rhs&_nc_oc=AdpdC79tQRU3GR1ppLMPzVGX9Wn6WznCwsdkYX4fZvXVx91gSO0dbKfYIN5MG007CSeIh-rdpT3iYumxsb1DXPIt&_nc_zt=24&_nc_ht=scontent.cdninstagram.com&_nc_gid=IzFPauyJS3Tq6eE0OZe_mg&_nc_ss=786a8&oh=00_Af7PK-fRXman49Fh2zza1lLxvTf-bZ_sXDu4HldiCzZuOg&oe=6A114534","https://www.instagram.com/jorge651531/","jorge651531","https://www.instagram.com/p/DXkyjneEfDp/c/18315069811272935/","3 sem","Fake criminosa.....","Responder","","Curtir"
"https://www.instagram.com/silvaelinalrodossantos/","https://scontent.cdninstagram.com/v/t51.82787-19/670635082_17954327739105138_8179185795744072076_n.jpg?stp=dst-jpg_s150x150_tt6&_nc_cat=105&ccb=7-5&_nc_sid=f7ccc5&efg=eyJ2ZW5jb2RlX3RhZyI6InByb2ZpbGVfcGljLnd3dy4xMDgwLkMzIn0%3D&_nc_ohc=IC2GzdO3m7EQ7kNvwHrcrPq&_nc_oc=AdorxmQhX0Drz1Q2-WOUKp9SHURy03vCuWeti24pp9B_jTA7xZucJU0lZKMyCq2ZNigaEyL6rNA5tmohCFNhdoBP&_nc_zt=24&_nc_ht=scontent.cdninstagram.com&_nc_gid=IzFPauyJS3Tq6eE0OZe_mg&_nc_ss=786a8&oh=00_Af7JD_QJITYV3diPGtziFJs6ADLnoQaljwX9IZFJ8MGK8A&oe=6A111D48","https://www.instagram.com/silvaelinalrodossantos/","silvaelinalrodossantos","https://www.instagram.com/p/DXkyjneEfDp/c/17897188332429440/","3 sem","😂😂😂😂😂😂😂😂","Responder","","Curtir"