post_id,shortcode,post_url,taken_at,media_type,product_type,owner_username,owner_full_name,owner_is_verified,caption,like_count,comment_count,play_count,video_duration_sec,has_audio,is_paid_partnership,original_width,original_height,collected_at
3860655486760136186,DWTzbXogC36,https://www.instagram.com/p/DWTzbXogC36/,2026-03-25 13:41:18,video,clips,fepal_brasil,Federação Árabe Palestina,False,"Irã rejeita negociação ""ilógica"" com EUA e atinge área industrial ligada ao programa nuclear ""secreto"" israelense no deserto do Naqab (Neveg)",12050,753,86178,21.87,True,False,720,1280,2026-05-18 21:27:07
3860805651701716544,DWUVkjogFZA,https://www.instagram.com/p/DWUVkjogFZA/,2026-03-25 18:39:09,video,clips,fepal_brasil,Federação Árabe Palestina,False,Irã abate caça F-18 dos EUA. É o quarto avião de guerra estadunidense abatido pelos iranianos.,6338,319,73322,18.72,True,False,720,1280,2026-05-18 21:27:25
3900007710239033131,DYfnFluFQcr,https://www.instagram.com/p/DYfnFluFQcr/,2026-05-18 20:46:10,carousel,carousel_container,fepal_brasil,Federação Árabe Palestina,False,"Exército israelense sequestra palestino com esquizofrenia e o coloca “à venda” na Internet  Mohammed Shorrab continua desaparecido e ""israel"" se recusa a investigar o caso e encontrar o refém. ""Nós realmente nos tornamos tão sem valor? Nós somos seres humanos"", implora a mãe de Mohammed  🗞️ Na íntegra no site da FEPAL",1786,134,,,,False,1440,1800,2026-05-18 21:27:44
3899955986013876724,DYfbU5yA_H0,https://www.instagram.com/p/DYfbU5yA_H0/,2026-05-18 19:04:57,video,clips,fepal_brasil,Federação Árabe Palestina,False,"""Vão embora ou vamos matá-los"": Israelenses pedem extermínio de palestinos e muçulmanos na Jerusalém Ocupada.  Reportagem da ABC News documenta marcha supremacista israelense na Jerusalém Ocupada e conversa com Atara, uma ""israelense"" do Texas, EUA,  que defende o extermínio de palestinos, afirma que o Islã é ""um câncer"" e que todos os muçulmanos devem ser ""reeducados ou mortos"".  Reportagem de James Longman gravada em 14 de maio de 2026 pela rede de TV dos EUA ABC News na Jerusalém Oriental, Palestina Ocupada.",1994,346,,,True,False,720,1280,2026-05-18 21:27:44
3899856349978210503,DYfErAfgLDH,https://www.instagram.com/p/DYfErAfgLDH/,2026-05-18 15:46:35,video,clips,fepal_brasil,Federação Árabe Palestina,False,"Família palestina procura idosa e filha sequestradas por ""israel"" e desaparecidas há mais de dois anos.  Mãe e filha, Aisha e Huda Al-Aqqad, 77 e 41 anos, desapareceram em dezembro de 2023 após invasão israelense em Gaza. A família acreditou que elas estariam mortas e soterradas sob escombros.  Porém, uma foto publicada em maio de 2024 por um soldado israelense mostra Aisha e Huda sequestradas dentro de um veículo militar. Essa é a última imagem das duas que se tem conhecimento.  A família soube da fotografia em 2026. ""israel"" diz ter libertado Aisha em Huda e se recusa a dar mais informações sobre o caso. Mãe e filha seguem desaparecidas até hoje.",4094,299,,,True,False,720,1280,2026-05-18 21:27:44
3899050015017237195,DYcNVSilXrL,https://www.instagram.com/p/DYcNVSilXrL/,2026-05-17 13:03:23,carousel,carousel_container,fepal_brasil,Federação Árabe Palestina,False,"Tribunal Penal Internacional pede mandados de prisão contra políticos e militares israelenses, diz jornal.  Entre os alvos estariam os ministros e colonos judeus supremacistas Itamar Ben-Gvir e Bezalel Smotrich. Arraste para o lado e entenda. História em desenvolvimento.",4256,349,,,,False,1440,1800,2026-05-18 21:27:44
3899018336838680586,DYcGIT8AQAK,https://www.instagram.com/p/DYcGIT8AQAK/,2026-05-17 12:01:46,video,clips,fepal_brasil,Federação Árabe Palestina,False,"Em Cannes, Javier Bardem denúncia Holocausto Palestino e masculinidade tóxica: ""O genocídio é um fato. Se você justifica, com seu silêncio ou seu apoio, você é pró-genocídio"".  O ator espanhol reflete ainda sobre violência contra a mulher e responsabiliza a masculinidade violenta de figuras políticas como Trump e Netanyahu pela morte de milhares de pessoas.",4004,147,,,True,False,720,1280,2026-05-18 21:27:44
3898382142576553008,DYZ1ed3AGww,https://www.instagram.com/p/DYZ1ed3AGww/,2026-05-16 14:57:17,video,clips,fepal_brasil,Federação Árabe Palestina,False,"""Vamos matar os árabes e est*prar as esposas deles"": Israelenses aterrorizam Jerusalém Ocupada em marcha supremacista.  Colonos judeus marcham pelas ruas da Jerusalém Ocupada na infame ""Marcha da Bandeira"" entoando gritos racistas e pedindo por mais genocídio e limpeza étnica de palestinos, 14 de maio de 2026.",28671,6606,,,True,False,720,1280,2026-05-18 21:27:44
3897912694358005261,DYYKvGIsdYN,https://www.instagram.com/p/DYYKvGIsdYN/,2026-05-15 23:23:46,photo,feed,edinhosilvapt,Edinho Silva,True,"A Nakba não ficou no passado. Ela, infelizmente, continua até hoje. O que vemos em Gaza é a continuação dessa tragédia histórica.   Hoje, quero reafirmar meu compromisso com um mundo mais justo, solidário e com respeito a todos os povos e às suas histórias.",769,30,,,,False,1440,1800,2026-05-18 21:27:44
3897875559121012684,DYYCStQFcfM,https://www.instagram.com/p/DYYCStQFcfM/,2026-05-15 22:09:57,carousel,carousel_container,fepal_brasil,Federação Árabe Palestina,False,“Aniquile cada árabe que você ver”: novos arquivos expõem as atrocidades israelenses na Nakba  Milhares de documentos israelenses recém-descobertos agora tornam impossível a negação da expulsão dos palestinos pelas forças sionistas em 1947-1948.  Leia a reportagem de Adam Raz no site da Fepal.,5886,275,,,,False,1080,1350,2026-05-18 21:27:44
3897826328275089913,DYX3GTdAHn5,https://www.instagram.com/p/DYX3GTdAHn5/,2026-05-15 20:32:40,video,clips,fepal_brasil,Federação Árabe Palestina,False,"Israelenses esp*ncam cachorros de família palestina em ataque de colonos judeus na região de Ramallah, Cisjordânia Ocupada.  A publicação tem caráter jornalístico e propósito de documentar e denunciar a violência em questão e pode ser sensível para alguns espectadores.",9993,3153,,,True,False,720,1280,2026-05-18 21:27:44
3897794082096963396,DYXvxD3Al9E,https://www.instagram.com/p/DYXvxD3Al9E/,2026-05-15 19:29:38,video,clips,fepal_brasil,Federação Árabe Palestina,False,"Colonos judeus torturam e humilham palestino sob proteção do exército israelense em Bayt Iksa, Cisjordânia Ocupada.",8996,1691,,,True,False,720,1280,2026-05-18 21:27:44
3897694690993366488,DYXZKurleXY,https://www.instagram.com/p/DYXZKurleXY/,2026-05-15 16:10:36,carousel,carousel_container,fepal_brasil,Federação Árabe Palestina,False,"Nakba e Palestina: 78 anos de colonialismo  Uma análise sobre a continuidade do colonialismo israelense de povoamento: por que a Nakba não é um evento do passado, mas uma estrutura viva de resistência e luta de libertação nacional palestina.  Leia a coluna de opinião de Emir Mourad no site da Fepal.",2040,67,,,,False,1080,1350,2026-05-18 21:27:44
3897653920864135602,DYXP5cig-my,https://www.instagram.com/p/DYXP5cig-my/,2026-05-15 14:50:20,video,clips,fepal_brasil,Federação Árabe Palestina,False,"Manifestantes pró-""israel"" (e pró-est*pro) protestam contra o jornal The New York Times por reportagem denunciando o est*pro de reféns palestinos nas masmorras israelenses.  A reportagem ""O silêncio que acompanha o est*pro de palestinos"", traduzida na íntegra pela FEPAL, denuncia o uso de violência sexual sistêmica pelos israelenses contra palestinos sequestrados nos campos de tortura sionistas.  ""israel"" acusa o jornal de ""libelo de sangue"" e promete processar o The New York Times, mesmo que o uso de tortura e violência sexual contra palestinos seja amplamente documentado por relatórios, testemunhos de sobreviventes e até registrado em vídeo.",6814,1203,,,True,False,720,1280,2026-05-18 21:27:44
3896271877127068640,DYSVqEAgNvg,https://www.instagram.com/p/DYSVqEAgNvg/,2026-05-13 17:04:23,video,clips,fepal_brasil,Federação Árabe Palestina,False,"""Meu cachorro deu conta dos terroristas na prisão""  Em programa de televisão israelense, soldado israelense Elkana Federman se gaba de usar cachorro para torturar reféns palestinos em prisão. Membros da bancada do programa fazem alusão ao est*pro de palestinos e riem.  O uso de cachorros por ""israel"" na tortura de palestinos é amplamente documentado por relatórios e testemunhos de sobreviventes, inclusive o uso de cachorros em violência s*xual contra palestinos sequestrados nas masmorras israelenses.  Vídeo: Canal 14 da TV israelense.",3479,897,,,True,False,720,1280,2026-05-18 21:27:50
3895615211859683675,DYQAWU0gSlb,https://www.instagram.com/p/DYQAWU0gSlb/,2026-05-12 19:20:01,video,clips,fepal_brasil,Federação Árabe Palestina,False,"Hayley Willians (Paramore) pede Palestina Livre 🇵🇸 em show nos EUA; Artista faz parte da campanha de boicote ""No Music for Genocide"" (Sem Música para Genocídio) e bloqueou seu catálogo musical em ""israel"" em protesto contra o Holocausto Palestino.",19188,241,,,True,False,720,1280,2026-05-18 21:27:50
3895473352386600044,DYPgF_5ANxs,https://www.instagram.com/p/DYPgF_5ANxs/,2026-05-12 14:37:43,video,clips,fepal_brasil,Federação Árabe Palestina,False,"Júri do Festival de Cannes condena Hollywood por perseguir artistas que se manifestam contra o Holocausto Palestino: ""Vergonha!""  Paul Laverty, roteirista multipremiado e jurado do Festival de Cannes 2026, condena Hollywood por perseguir artistas que se manifestam contra o genocídio em Gaza e ironiza: ""Espero que não sejamos bombardeados agora por nos manifestarmos""",3559,69,,,True,False,720,1280,2026-05-18 21:27:50
3894883285494644279,DYNZ7ZRg743,https://www.instagram.com/p/DYNZ7ZRg743/,2026-05-11 19:06:07,video,clips,fepal_brasil,Federação Árabe Palestina,False,🇵🇸 Estrela do Barcelona Lamine Yamal exibe bandeira da Palestina em celebração do título do Campeonato Espanhol,33565,780,,,True,False,720,1280,2026-05-18 21:27:50
3894831620393342383,DYNOLkZgRWv,https://www.instagram.com/p/DYNOLkZgRWv/,2026-05-11 17:23:13,video,clips,fepal_brasil,Federação Árabe Palestina,False,"Filme sobre genocídio em Gaza censurado pela BBC vence maior premiação da TV britânica e cineastas desafiam emissora: ""Não seremos silenciados""  Originalmente encomendado pela BBC, o documentário ""Gaza: Doctors Under Attack"" registra os ataques deliberados de ""israel"" contra profissionais de saúde e infraestrutura médica em Gaza. Mais de 1700 profissionais de saúde foram assassinados pelos israelenses em Gaza e ao menos 80 estão sequestrados por ""israel"" hoje.  A emissora britânica, porém, engavetou o filme em ato de censura. Os direitos do filme foram adquiridos pelo canal britânico Channel 4 e o documentário levou o maior prêmio da TV do Reino Unido.  Ao aceitar o prêmio, os cineastas desafiaram a emissora, responsável por exibir a premiação ontem, 10: ""A BBC censurou nosso filme. Vão nos tirar da premiação também?""",16650,505,,,True,False,720,1280,2026-05-18 21:27:50
3897050888515464087,DYVGyK5lauX,https://www.instagram.com/p/DYVGyK5lauX/,2026-05-14 18:51:29,carousel,carousel_container,fepal_brasil,Federação Árabe Palestina,False,"“Sofrimento silencioso”: por que crianças em Gaza estão perdendo a capacidade de falar  Estima-se que 1,1 milhão de crianças em Gaza precisem agora de apoio em saúde mental e psicossocial, à medida que um número crescente perde a capacidade de falar devido a traumas e ferimentos causados pelos ataques israelenses.  Leia a reportagem no site da Fepal.",17793,855,,,,False,1080,1350,2026-05-18 21:27:55
3896398487454324495,DYSycfEFZcP,https://www.instagram.com/p/DYSycfEFZcP/,2026-05-13 21:15:17,carousel,carousel_container,fepal_brasil,Federação Árabe Palestina,False,"O silêncio com que se depara o estupro de palestinos  Homens e mulheres palestinos descrevem abusos sexuais brutais nas mãos de guardas prisionais, soldados, colonos e interrogadores israelenses.  Leia a reportagem de Nicholas Kristof no site da Fepal.",29994,1694,,,,False,1080,1350,2026-05-18 21:27:55
3894031790519685742,DYKYUgyARJu,https://www.instagram.com/p/DYKYUgyARJu/,2026-05-10 14:53:34,video,clips,fepal_brasil,Federação Árabe Palestina,False,"Colonos judeus invadem campo de futebol e intimidam crianças palestinas em Masafer Yatta, Cisjordânia Ocupada.  No vídeo, os israelenses impedem que as crianças joguem futebol e as provocam cantando em hebraico.",7781,1794,,,True,False,720,1280,2026-05-18 21:27:55
3893295500627039161,DYHw6FYgFO5,https://www.instagram.com/p/DYHw6FYgFO5/,2026-05-09 14:30:58,video,clips,fepal_brasil,Federação Árabe Palestina,False,"""Você é um terrorista! Fora da minha universidade!""  Estudantes rasgam bandeira de ""israel"" e confrontam soldado israelense que fazia propaganda pró-genocídio em universidade dos EUA.",11677,619,,,True,False,720,1280,2026-05-18 21:27:55
3892731500505167296,DYFwqzVlXXA,https://www.instagram.com/p/DYFwqzVlXXA/,2026-05-08 19:49:38,carousel,carousel_container,fepal_brasil,Federação Árabe Palestina,False,"Mostra da artista plástica Lígia Borba reúne esculturas e desenhos inspirados em Gaza  Exposição ocorre até o dia 29 de maio na Galeria Ybakatu, em Curitiba  Leia a reportagem no site da Fepal.  ERRATA: Nos cards 8 e 9 escrevemos o sobrenome da artista como ""Borges"", sendo o correto ""Borba"". Pedimos desculpas pelo equívoco",325,15,,,,False,1080,1350,2026-05-18 21:27:55
3892565053827944287,DYFK0ryg49f,https://www.instagram.com/p/DYFK0ryg49f/,2026-05-08 14:21:01,video,clips,fepal_brasil,Federação Árabe Palestina,False,"Vereadora palestina sofre racismo de judeus-israelenses em assembleia legislativa e rebate: ""Haifa fala árabe!""  Sally Abed falou em árabe em discurso no Conselho Municipal de Haifa, Palestina Histórica, e foi alvo de racismo de vereadores judeus-israelenses que a mandaram ""Ir para Gaza"" e afirmaram que ""Haifa não é árabe, é uma [cidade] judaica"".  A vereadora palestina não se intimidou e desafiou o racismo dos israelenses em discurso memorável.",17599,558,,,True,False,720,1280,2026-05-18 21:27:55
3892481408064661351,DYE3zemgadn,https://www.instagram.com/p/DYE3zemgadn/,2026-05-08 11:33:27,video,clips,fepal_brasil,Federação Árabe Palestina,False,Israelense assedia Greta Thunberg nas ruas da Suécia por ativismo pró-Palestina.  O israelense se aproxima de Greta em Estocolmo e começa a ofendê-la. O vídeo foi publicado pelo canal de notícias israelense i24News já com beep de censura.,8453,643,,,True,False,720,1280,2026-05-18 21:27:55
3892025573070208578,DYDQKNLlf5C,https://www.instagram.com/p/DYDQKNLlf5C/,2026-05-07 20:27:05,carousel,carousel_container,fepal_brasil,Federação Árabe Palestina,False,"Fepal exige expulsão de lobista pró-Holocausto Palestino do quadro de professores da USP  Samuel Feldberg, da StandWithUs Brasil, chamou o sequestro, prisão e tortura de ativista humanitário por ""israel"" de ""benevolente"", sugerindo que ele próprio faria muito pior  🗞️ Leia a reportagem na íntegra no site da Fepal.",18828,1578,,,,False,1440,1800,2026-05-18 21:28:02
3891916890994264490,DYC3crHDkmq,https://www.instagram.com/p/DYC3crHDkmq/,2026-05-07 16:51:12,photo,feed,xideagosto.usp,Centro Acadêmico XI de Agosto,False,"No próximo dia 15 de maio, quando datam 78 anos desde a expulsão de mais de 800 mil palestinos de suas terras, a Sala dos Estudantes da FDUSP recebe o evento ""Nakba: memória e resistência"" como forma de relembrar a grande catástrofe, que continua até os dias de hoje.    Soma-se também a necessidade da crítica ao PL 1424/2026, de autoria da Dep. Tabata Amaral, que na prática busca censurar toda forma de crítica legítima ao Estado de Israel.   O evento é organizado pelo Centro Acadêmico XI de Agosto, Núcleo Palestina do PT, Federação Árabe Palestina do Brasil (FEPAL), Sindicato dos Jornalistas do Estado de São Paulo, Central Única dos Trabalhadores de São Paulo e Global Sumud Flotilla Brasil.",443,51,,,,False,1440,1800,2026-05-18 21:28:02
3891133482038151132,DYAFUkqg0fc,https://www.instagram.com/p/DYAFUkqg0fc/,2026-05-06 14:55:50,video,clips,fepal_brasil,Federação Árabe Palestina,False,"Diretor Acadêmico da ""ONG"" sionista StandWithUs Brasil e inacreditavelmente professor da USP Samuel Feldberg sugere que ""israel"" deveria matar ativistas da Flotilha.  Se referindo ao sequestro do brasileiro Thiago Ávila em águas internacionais, Feldberg afirma que considera a ação israelense ""benevolente"" e que ""israel"" deveria garantir que uma eventual nova tentativa de levar ajuda humanitária a Gaza seja ""a última"".  A declaração foi dada no podcast ""Levante"", da agência de lobby sionista StandWithUs Brasil, no qual Feldberg é coapresentador junto com Caio Blinder e Felipe Moura Brasil.",9787,3549,,,True,False,720,1280,2026-05-18 21:28:02
3890559505956957831,DX-C0HyFW6H,https://www.instagram.com/p/DX-C0HyFW6H/,2026-05-05 19:54:16,carousel,carousel_container,fepal_brasil,Federação Árabe Palestina,False,"Fotojornalista palestino Saher Alghorra vence prêmio Pulitzer 2026 na categoria ""Fotografias de Notícias de Última Hora"" como registros do Holocausto Palestino para o The New York Times. Arraste para o lado e veja fotos.",10961,352,,,,False,1440,1800,2026-05-18 21:28:02
3890402010083876979,DX9fAQUg-Bz,https://www.instagram.com/p/DX9fAQUg-Bz/,2026-05-05 14:42:16,video,clips,fepal_brasil,Federação Árabe Palestina,False,"Mãe palestina se despede do filho assassinado por ""israel"" em massacre em Gaza.",2830,393,,,True,False,720,1280,2026-05-18 21:28:02
3889720112403701798,DX7D9Vng-Am,https://www.instagram.com/p/DX7D9Vng-Am/,2026-05-04 16:07:17,video,clips,fepal_brasil,Federação Árabe Palestina,False,"Israelenses expulsam família palestina e destroem casa em Masafer Yatta, Cisjordânia Ocupada.",2359,481,,,True,False,720,1280,2026-05-18 21:28:02
3889589448920341250,DX6mP7xARsC,https://www.instagram.com/p/DX6mP7xARsC/,2026-05-04 11:47:40,video,clips,fepal_brasil,Federação Árabe Palestina,False,"""israel"" assassina pai palestino com tiro na cabeça enquanto esperava nascimento do filho.  Naif Samaro, 26, foi assassinado pelos israelenses com tiro na cabeça durante invasão em Nablus, Cisjordânia Ocupada, e foi declarado morto no mesmo hospital em sua esposa dava à luz ao primeiro filho do casal.",12221,1375,,,True,False,720,1280,2026-05-18 21:28:02
3887551478776462978,DXzW3kKg_6C,https://www.instagram.com/p/DXzW3kKg_6C/,2026-05-01 16:18:44,video,clips,fepal_brasil,Federação Árabe Palestina,False,"Emicida dedica show à Palestina e meninas iranianas assassinadas por ""israel"" e EUA em escola: ""Não parem de falar da Palestina""  No telão de show em São Paulo, o rapper exibiu a mensagem: ""Dedicado às 168 meninas assassinadas em uma escola do Irã pelos amigos de Epstein""",16888,395,,,True,False,720,1280,2026-05-18 21:28:02
3887465275771078616,DXzDRJXAEfY,https://www.instagram.com/p/DXzDRJXAEfY/,2026-05-01 13:29:59,video,clips,fepal_brasil,Federação Árabe Palestina,False,"Presidente da FIFA Gianni Infantino tenta forçar dirigente palestino a apertar de israelense; Palestino recusa: ""Estamos sofrendo!""  O presidente da FIFA é alvo de queixa-crime no Tribunal Penal Internacional por cumplicidade em crimes de guerra e de lesa-humanidade cometidos por ""israel"" contra palestinos.  O presidente da Federação Palestina de Futebol, Jibril Rajoub, explica o porquê de se recusar a cumprimentar o israelense: ""Não posso apertar a mão de um representante de um governo fascista e racista"".",17944,796,,,True,False,720,1280,2026-05-18 21:28:02
3886926154153774284,DXxIr5OgszM,https://www.instagram.com/p/DXxIr5OgszM/,2026-04-30 19:35:56,video,clips,fepal_brasil,Federação Árabe Palestina,False,"Israelense agride freira cristã na Jerusalém Ocupada.  Um relatório divulgado no mês passado pelo Rossing Center for Education and Dialogue, uma organização inter-religiosa sediada em Jerusalém, documentou o que descreveu como um ""padrão contínuo e crescente de intimidação e agressão"" contra comunidades cristãs — mais visivelmente contra o clero e propriedades da igreja.  Foram registrados 155 incidentes em 2025, incluindo 61 agressões físicas, 52 ataques a propriedades da igreja, 28 casos de assédio e 14 incidentes de vandalismo em placas e letreiros.  O relatório afirmou que esses casos provavelmente representam apenas uma fração do total de incidentes, descrevendo-os como a ""ponta do iceberg"".  O relatório acrescentou que o assédio contra o cristianismo ocorre em um “clima sociopolítico cada vez mais intolerante à diversidade e mais assertivo em reivindicações nacional-religiosas exclusivistas”, com os cristãos palestinos sendo particularmente afetados.",18942,2897,,,True,False,720,1280,2026-05-18 21:28:02
3886861657917695166,DXw6BWbRSS-,https://www.instagram.com/p/DXw6BWbRSS-/,2026-04-30 17:28:26,video,clips,ualidrabah,Ualid Rabah,False,"Assassinatos de brasileiro-libaneses pelos israelenses no Líbano e a criminalização da crítica a ""israel"" pelo lobby sionista no Brasil são parte da agenda de limpeza étnica do Líbano e ataque contra a maior diáspora árabe do mundo, a brasileira.  Sionizar o Brasil é uma agenda estratégica para ""israel"", portanto, o enfrentamento antissionista no país é fundamental e urgente.  Comento o tema no TV Democracia",3207,255,,,True,False,720,1280,2026-05-18 21:28:02
3886830118835858468,DXwy2ZXgCwk,https://www.instagram.com/p/DXwy2ZXgCwk/,2026-04-30 16:27:51,video,clips,fepal_brasil,Federação Árabe Palestina,False,"Soldados israelenses agridem e prendem criança palestina com Síndrome de Down, Mahdi al-Arabi, em Shuafat, Jerusalém Ocupada.",10957,1617,,,True,False,720,1280,2026-05-18 21:28:02
3886781959812358873,DXwn5lyAyLZ,https://www.instagram.com/p/DXwn5lyAyLZ/,2026-04-30 14:51:05,video,clips,fepal_brasil,Federação Árabe Palestina,False,"""Eca, fede à mulher árabe!"": Soldados israelenses vandalizam roupa íntima de mulher libanesa em casa invadida no sul do Líbano.",6936,1579,,,True,False,720,1280,2026-05-18 21:28:05
3886108897877967439,DXuO3QAgEJP,https://www.instagram.com/p/DXuO3QAgEJP/,2026-04-29 16:32:21,video,clips,fepal_brasil,Federação Árabe Palestina,False,"""israel"" extermina crianças libanesas em suposto ""cessar-fogo""  Libaneses carregam corpo da menina Mila Abbas Zayyat, 3 anos, assassinada por ""israel"" junto com a mãe em massacre no sul do Líbano.",3124,336,,,True,False,720,1280,2026-05-18 21:28:05
3885402708911350957,DXruS2SAGSt,https://www.instagram.com/p/DXruS2SAGSt/,2026-04-28 17:09:19,video,clips,fepal_brasil,Federação Árabe Palestina,False,"Pai palestino carrega o corpo do filho, Adel Lafi Al-Najar, 9 anos, assassinado por ""israel"" com ataque de drone hoje (28) em Gaza.",4313,598,,,True,False,720,1280,2026-05-18 21:28:05
3885271855057120528,DXrQirIgK0Q,https://www.instagram.com/p/DXrQirIgK0Q/,2026-04-28 12:49:19,video,clips,fepal_brasil,Federação Árabe Palestina,False,"""Minha mãe foi uma sobrevivente do Holocausto. Me sinto envergonhado de ser judeu aqui hoje""  Ex-diretor do Mossad israelense Tamir Pardo compara violência de israelenses contra palestinos ao Holocausto em visita à Cisjordânia Ocupada.   Vídeo do Canal 13 da TV israelense.",11482,381,,,True,False,720,1280,2026-05-18 21:28:05
3884856904182197886,DXpyMWBAO5-,https://www.instagram.com/p/DXpyMWBAO5-/,2026-04-27 23:04:15,photo,feed,fepal_brasil,Federação Árabe Palestina,False,"""israel"" assassina família brasileira no Líbano. Mãe e filha de 11 anos, cidadãs brasileiras, assassinadas junto com o pai.  Assassinato da família foi executado pelos israelenses durante o dito ""cessar-fogo"" no Líbano. A informação foi confirmada pelo Itamaraty.",10161,806,,,,False,1440,1800,2026-05-18 21:28:05
3884696393679414966,DXpNsm9gKa2,https://www.instagram.com/p/DXpNsm9gKa2/,2026-04-27 17:46:18,video,clips,fepal_brasil,Federação Árabe Palestina,False,"Colonos judeus atacam casa de palestino com proteção do exército israelense em Hebron, Cisjordânia Ocupada.  Vídeo: @the.andrey.x",16684,1804,,,True,False,720,1280,2026-05-18 21:28:05
3883949476410344494,DXmj3iDAMQu,https://www.instagram.com/p/DXmj3iDAMQu/,2026-04-26 17:03:14,video,clips,fepal_brasil,Federação Árabe Palestina,False,"Israelenses destroem painéis solares em vilarejo cristão no sul do Líbano.  Os painéis solares servem para fornecimento de eletricidade e são fundamentais no sistema de distribuição de água no vilarejo de Debel, sul do Líbano.  Destruição de infraestrutura civil configura crime de guerra e tem por objetivo a limpeza étnica da população libanesa por ""israel"".",11962,1567,,,True,False,720,1280,2026-05-18 21:28:05
3883847810868595468,DXmMwGogEsM,https://www.instagram.com/p/DXmMwGogEsM/,2026-04-26 13:40:10,video,clips,fepal_brasil,Federação Árabe Palestina,False,"Estudante judeu interrompe palestra de militar israelense em universidade nos EUA: ""Israel mata crianças""  A palestra do criminoso de guerra israelense Yossi Hertz aconteceu na Universidade de Rutgers, a convite do grupo Students Supporting Israel (SSI, Estudantes que apoiam Israel), organização internacional pró-""israel"" para normalização do Holocausto Palestino, em que militares israelenses palestram em universidades falando sobre sua ""experiência em combate"" exterminando palestinos em Gaza.  Vídeo: @felipe_.rendall",96897,4293,,,True,False,720,1280,2026-05-18 21:28:05
3882617011133545187,DXh05nDgPrj,https://www.instagram.com/p/DXh05nDgPrj/,2026-04-24 20:54:38,video,clips,fepal_brasil,Federação Árabe Palestina,False,"""israel"" extermina crianças palestinas em bombardeio próximo a hospital em Gaza.  No vídeo, a tia se despede da menina Naya Tanani, assassinada junto com a mãe e irmão em ataque próximo ao hospital Kamal Adwan, norte de Gaza, hoje, 24.",6239,788,,,True,False,720,1280,2026-05-18 21:28:05
3882395547201490468,DXhCi4sgM4k,https://www.instagram.com/p/DXhCi4sgM4k/,2026-04-24 13:35:44,video,clips,fepal_brasil,Federação Árabe Palestina,False,"Israelenses usam cachorros para est*prar palestinos em campos de tortura.  O uso de violência s*xual por ""israel"" contra palestinos como método de tortura é amplamente documentado por organizações de direitos humanos, incluindo ONGs israelenses, e ao menos um caso de est*pro coletivo executado por soldados israelenses contra um refém palestino foi documentado em vídeo.  No vídeo, a jornalista Krystal Ball exibe depoimento de um sobrevivente palestino nos campos de tortura sionistas, que descreve o uso de cães como parte da violência s*xual executada contra palestinos nas prisões israelenses. Conteúdo jornalístico e de interesse público.",8488,1106,,,True,False,720,1280,2026-05-18 21:28:05
3881729899328754080,DXerMbzgNGg,https://www.instagram.com/p/DXerMbzgNGg/,2026-04-23 15:32:38,video,clips,fepal_brasil,Federação Árabe Palestina,False,"""Vamos cortar sua cabeça"": Jornalista libanesa assassinada por ""israel"" relata ameaças.  Assassinada ontem, 22, por ""israel"" no sul do Líbano, a jornalista libanesa Amal Khalil havia recebido diversas ameaças dos israelenses, afirmando que se ela não parasse de documentar a agressão genocida feita por ""israel"" no Líbano, seria assassinada.",13228,1109,,,True,False,720,1280,2026-05-18 21:28:05
3881680948026152520,DXegEGWgBZI,https://www.instagram.com/p/DXegEGWgBZI/,2026-04-23 13:54:58,video,clips,fepal_brasil,Federação Árabe Palestina,False,"Bebês palestinas se despedem do pai, assassinado a tiros pelos israelenses.  As gêmeas Qamar e Aya, um mês de vida, se despedem do pai, assassinado com tiro nas costas por colonos judeus na Cisjordânia Ocupada.",3564,279,,,True,False,720,1280,2026-05-18 21:28:05
3881251805690113539,DXc-fQaAK4D,https://www.instagram.com/p/DXc-fQaAK4D/,2026-04-22 23:41:33,photo,feed,fepal_brasil,Federação Árabe Palestina,False,"""israel"" mata jornalista libanesa Amal Khalil no Líbano.  Khalil foi assassinada pelos israelenses, os maiores assassinos de profissionais de imprensa da história, enquanto reportava ataques israelenses no dito ""cessar-fogo"" no sul do Líbano. Ela estava junto com a colega Zeinab Faraj, que está internada.  De acordo com o ministério da saúde libanês, Khalil foi perseguida pelos israelenses em ataques seguidos, sendo por fim assassinada em uma casa que buscou abrigo junto à colega.  Ambas ficaram presas sob escombros enquanto os israelenses impediram o acesso de ambulâncias e equipes de resgate, abrindo fogo direto contra profissionais de saúde e defesa civil.",6193,505,,,,False,1440,1800,2026-05-18 21:28:09
3881044036378749761,DXcPP0KAOtB,https://www.instagram.com/p/DXcPP0KAOtB/,2026-04-22 16:50:01,video,clips,fepal_brasil,Federação Árabe Palestina,False,"""Sionistas nos EUA desfrutam do privilégio branco, mas falam como se fossem negros oprimidos na escravidão"", diz líder do The Strokes  Julian Casablanca, vocalista do The Strokes, reflete sobre mentalidade vitimista sionista em participação no programa ""Subway Takes"".",56402,817,,,True,False,720,1280,2026-05-18 21:28:09
3880245394432642753,DXZZqC4gM7B,https://www.instagram.com/p/DXZZqC4gM7B/,2026-04-21 14:23:20,video,clips,fepal_brasil,Federação Árabe Palestina,False,"""israel"" mata mãe palestina grávida com tiro na nuca enquanto preparava comida para os filhos em Gaza.  Rasha Abu Jazar, 40, grávida de 7 meses e mãe de quatro filhos, foi assassinada pelos israelenses com tiro na nunca enquanto preparava comida para a família em sua tenda na região do Al-Mawasi, Gaza. No vídeo, uma das filhas se despede da mãe.",20529,3231,,,True,False,720,1280,2026-05-18 21:28:09
3879516736470404182,DXWz-rRgExW,https://www.instagram.com/p/DXWz-rRgExW/,2026-04-20 14:14:15,carousel,carousel_container,latinofuturarte,Resistência Latinofuturista,False,"Latinofuturista é aquele que se entende como cidadão do mundo. Estamos às margens diferentes de um mesmo sistema, portanto, uma vez marginalizados, tornemos nossa luta uma só. Se juntarmos as margens, cercamos o sistema! #LatinosPróPalestinos",2693,41,,,,False,1080,1350,2026-05-18 21:28:09
3879466200475922175,DXWofR9gG7_,https://www.instagram.com/p/DXWofR9gG7_/,2026-04-20 12:34:52,video,clips,fepal_brasil,Federação Árabe Palestina,False,"Polícia alemã prende manifestantes por exibirem imagens de crianças palestinas famintas por ""israel"" em protesto contra o genocídio em Gaza.",6454,811,,,True,False,720,1280,2026-05-18 21:28:09
3878921815662625741,DXUstcGFYPN,https://www.instagram.com/p/DXUstcGFYPN/,2026-04-19 18:32:15,carousel,carousel_container,fepal_brasil,Federação Árabe Palestina,False,Soldado israelense destrói estátua de Jesus Cristo no sul do Líbano.  Registro divulgado pelo jornalista Younis Tirawi.,15245,1521,,,,False,1440,1800,2026-05-18 21:28:09
3878754342957789239,DXUGoY_ALA3,https://www.instagram.com/p/DXUGoY_ALA3/,2026-04-19 13:00:19,video,clips,fepal_brasil,Federação Árabe Palestina,False,"The Strokes protesta contra Holocausto Palestino em show histórico no Coachella.  A banda nova-iorquina encerrou sua apresentação no festival Coachella exibindo mensagem sobre a destruição de universidades no Irã por ""israel"" e EUA e mostrando a destruição da última universidade em Gaza, destruída pelos israelenses.  Apresentação também denunciou o envolvimento dos EUA em golpes de estado e assassinatos de líderes políticos, como Patrice Lumumba, Omar Torrijos, Mohammad Mosaddegh, Juan José Torres, Martin Luther King, Jacobo Árbenz e Salvador Allende.",34069,474,,,True,False,720,1280,2026-05-18 21:28:09
3878061718521255982,DXRpJYNgBgu,https://www.instagram.com/p/DXRpJYNgBgu/,2026-04-18 14:03:59,video,clips,fepal_brasil,Federação Árabe Palestina,False,Militares israelenses confiscam e furam bolas de futebol de crianças palestinas na Jerusalém Ocupada.,20539,4986,,,True,False,720,1280,2026-05-18 21:28:09
3877299032321747741,DXO7u1VgOsd,https://www.instagram.com/p/DXO7u1VgOsd/,2026-04-17 12:50:28,video,clips,fepal_brasil,Federação Árabe Palestina,False,"Estudantes palestinos restauram biblioteca da Grande Mesquita Al-Omari, a mais antiga de Gaza, cuja história remonta ao período Bizantino, no século V, bombardeada e destruída por ""israel"".  Vídeo: @kareem_vo_dr",18784,407,,,True,False,720,1280,2026-05-18 21:28:09
3876913813022928076,DXNkJJ6CWzM,https://www.instagram.com/p/DXNkJJ6CWzM/,2026-04-17 00:04:09,video,clips,ualidrabah,Ualid Rabah,False,"""israel"" e EUA são os maiores assassinos de crianças da história e a cara feia do sionismo apareceu.  Estive na última sexta-feira, 10, na Mesquita Iman Ali ibn Abi Talib, de Curitiba, onde tivemos a oportunidade, após as orações, de falar sobre a Palestina, o genocídio em Gaza e as agressões genocidárias ao Líbano e ao Irã.",2616,164,,,True,False,720,1280,2026-05-18 21:28:09
3876773596718185378,DXNEQvTADui,https://www.instagram.com/p/DXNEQvTADui/,2026-04-16 19:24:56,video,clips,fepal_brasil,Federação Árabe Palestina,False,"BARBÁRIE: Libanês abandona carro após receber ligação dos israelenses e é assassinado: ""Morre sozinho ou morre com a família""  A ""ligação da morte"" é uma prática conhecida e regular dos israelenses, em que militares israelenses ligam para a vítima ""oferecendo"" a opção de assassiná-lo sozinho ou com a família.  A prática, além de bárbara e terrorista, configura crime de guerra. Mesmo que se trate de um combatente, ele não pode ser assassinado fora do campo de batalha e/ou sem estar diretamente engajado em atividade militar.",15652,1364,,,True,False,720,1280,2026-05-18 21:28:09
3876664177888117075,DXMrYfEgMFT,https://www.instagram.com/p/DXMrYfEgMFT/,2026-04-16 15:47:32,video,clips,fepal_brasil,Federação Árabe Palestina,False,"Secretário ""de Guerra"" dos EUA, Pete Hegseth, recita versículo falso da Bíblia, que na realidade é parte do roteiro do filme ""Pulp Fiction"" (1994), de Quentin Tarantino, em sermão no Pentágono.",25714,2078,,,True,False,720,1280,2026-05-18 21:28:09
3876526751274298191,DXMMIqkAOtP,https://www.instagram.com/p/DXMMIqkAOtP/,2026-04-16 11:14:11,video,clips,fepal_brasil,Federação Árabe Palestina,False,"""israel"" explode escola no sul do Líbano, repetindo padrão de extermínio e limpeza étnica usado no genocídio em Gaza.",12578,2276,,,True,False,720,1280,2026-05-18 21:28:11
3876145926171008507,DXK1i7jAB37,https://www.instagram.com/p/DXK1i7jAB37/,2026-04-15 22:40:00,video,clips,fepal_brasil,Federação Árabe Palestina,False,Turistas britânicas confrontam soldados israelenses da reserva em restaurante no Vietnã.,42552,3567,,,True,False,720,1280,2026-05-18 21:28:11
3875511797444265258,DXIlXJJgEUq,https://www.instagram.com/p/DXIlXJJgEUq/,2026-04-15 01:38:01,video,clips,fepal_brasil,Federação Árabe Palestina,False,"""Jesus Cristo não apoia genocídio! Vocês estão matando crianças!""  Vice-Presidente dos EUA, JD Vance é vaiado por manifestantes protestando contra Holocausto Palestino.",6143,527,,,True,False,720,1280,2026-05-18 21:28:11
3875343300743409024,DXH_DMXgC2A,https://www.instagram.com/p/DXH_DMXgC2A/,2026-04-14 20:02:52,video,clips,fepal_brasil,Federação Árabe Palestina,False,"Vídeo mostra aniquilação integral da cidade de Al-Khiyam, sul do Líbano, por ""israel"" em um mês.",13311,1153,,,True,False,720,1280,2026-05-18 21:28:11
3875272342674388718,DXHu6nhALbu,https://www.instagram.com/p/DXHu6nhALbu/,2026-04-14 17:41:53,video,clips,fepal_brasil,Federação Árabe Palestina,False,"Itália suspende acordo de cooperação militar com ""israel"" em meio protestos contra Holocausto Palestino, agressão genocida ao Líbano e guerra ilegal contra o Irã.",6999,482,,,True,False,720,1280,2026-05-18 21:28:11
3875222938110162055,DXHjrr7gHSH,https://www.instagram.com/p/DXHjrr7gHSH/,2026-04-14 16:03:56,video,clips,fepal_brasil,Federação Árabe Palestina,False,"CONTEÚDO JORNALÍSTICO: ""israel"" executa libanês ferido com drone em bombardeio duplo.  Ferido do primeiro bombardeio, o homem tenta se proteger quando o drone israelense se aproxima e o mata, configurando crime de guerra e violação grosseira da Convenção de Genebra.",3731,405,,,True,False,720,1280,2026-05-18 21:28:11
3875146764029807969,DXHSXNSgE1h,https://www.instagram.com/p/DXHSXNSgE1h/,2026-04-14 13:32:40,video,clips,fepal_brasil,Federação Árabe Palestina,False,"Pai palestino se despede do filho assassinado por ""israel"" em massacre em Gaza.  O menino se chama Yahya Al-Mallahi, 3 anos, e foi assassinado junto a outros palestinos por bombardeio israelense hoje, 14, em Gaza.",8712,1285,,,True,False,720,1280,2026-05-18 21:28:11
3874613890784477864,DXFZM4aAMKo,https://www.instagram.com/p/DXFZM4aAMKo/,2026-04-13 19:54:31,video,clips,fepal_brasil,Federação Árabe Palestina,False,"Holandeses protestam contra o Holocausto Palestino em memorial em Amsterdã.  Milhares de pares de sapatos infantis simbolizando crianças palestinas assassinadas por ""israel"" foram colocados em praça na capital holandesa. Ato também fez homenagem às centenas de jornalistas palestinos assassinados pelos israelenses.",51269,2623,,,True,False,720,1280,2026-05-18 21:28:11
3874516286964814829,DXFDAjxANPt,https://www.instagram.com/p/DXFDAjxANPt/,2026-04-13 16:40:17,video,clips,fepal_brasil,Federação Árabe Palestina,False,"Chamado de ""fraco"" e ""terrível"" por Trump, Papa Leão XIV responde presidente dos EUA: ""Não tenho medo do governo Trump. Há pessoas que estão abusando do Evangelho para promover guerras"".",10708,437,,,True,False,720,1280,2026-05-18 21:28:11
3873845102434617600,DXCqZidgIkA,https://www.instagram.com/p/DXCqZidgIkA/,2026-04-12 18:26:38,video,clips,fepal_brasil,Federação Árabe Palestina,False,"Ativistas invadem e destroem instalações da Keysight Technologies, fornecedora de armas para ""israel"" e EUA, em Hampshire, Reino Unido, e são presos  Três ativistas do grupo ""People Against Genocide"" invadiram uma instalação da Keysight Technologies empresa dos EUA que fornece sistemas de radar e guerra eletrônica para o exército dos EUA e para a maior fabricante de armas de ""israel"", a Elbit Systems  A Keysight fornece equipamentos para a fabricante de drones britânica UAV Tactical Systems (U-TacS), subsidiária da Elbit Systems, a maior fabricante de armas israelense. A Keysight também trabalha com a Lockheed Martin em tecnologia militar 5G e possui uma unidade de vendas estabelecida em ""israel"".",5260,257,,,True,False,720,1280,2026-05-18 21:28:11
3873225423789781148,DXAdgBwAHCc,https://www.instagram.com/p/DXAdgBwAHCc/,2026-04-11 21:55:07,video,clips,fepal_brasil,Federação Árabe Palestina,False,"Vídeo mostra o momento em que ""israel"" utiliza fósforo branco, proibido internacionalmente, contra área residencial no sul do Líbano.  Uso de fósforo branco é parte do padrão genocidário israelense. De acordo com a Human Rights Watch, ""israel"" utilizou fósforo branco em 3 de março contra a cidade de Yohmor, sul do Líbano. Em relatório de 2024, a organização denunciou que ""israel"" fez ""uso indiscriminado"" de fósforo branco no Líbano entre outubro de 2023 e maio de 2024.",14943,1454,,,True,False,720,1280,2026-05-18 21:28:11
3872961548565614291,DW_hgIzAA7T,https://www.instagram.com/p/DW_hgIzAA7T/,2026-04-11 13:11:17,video,clips,fepal_brasil,Federação Árabe Palestina,False,"Espanhóis ""explodem"" boneco de Netanyahu, simbolizando a ""derrota do mal"", em tradicional celebração do Domingo de Ressurreição em Málaga.  Vídeo: @fonsiloaiza",14491,843,,,True,False,720,1280,2026-05-18 21:28:11
3872547080664808928,DW-DQ1fAH3g,https://www.instagram.com/p/DW-DQ1fAH3g/,2026-04-10 23:27:24,video,clips,fepal_brasil,Federação Árabe Palestina,False,"Delegação iraniana leva mochilas e fotos de crianças assassinadas pelos EUA em escola para rodada de negociações sobre fim da guerra em Islamabade, Paquistão.",9569,310,,,True,False,720,1280,2026-05-18 21:28:16
3872437042193401473,DW9qPkLAIaB,https://www.instagram.com/p/DW9qPkLAIaB/,2026-04-10 19:49:17,video,clips,fepal_brasil,Federação Árabe Palestina,False,"Espanha pede que União Europeia rompa acordo com ""israel"" e Netanyahu ameaça: ""Vão pagar caro""  Primeiro-Ministro espanhol Pedro Sánchez pede que União Europeia suspenda acordo de associação com ""israel"", que garante livre comércio entre o bloco europeu e a ocupação sionista. Mais de 800 mil cidadãos europeus já assinaram petição para que a União Europeia rompa com ""israel"".",11157,1663,,,True,False,720,1280,2026-05-18 21:28:16
3872223322481635580,DW85piLgDD8,https://www.instagram.com/p/DW85piLgDD8/,2026-04-10 12:44:09,video,clips,fepal_brasil,Federação Árabe Palestina,False,Polícia alemã agride e prende mulher em protesto contra genocídio em Gaza e ataque israelense contra o Líbano.,12554,1171,,,True,False,720,1280,2026-05-18 21:28:16
3871767311846541819,DW7R9tLlQn7,https://www.instagram.com/p/DW7R9tLlQn7/,2026-04-09 21:37:32,carousel,carousel_container,fepal_brasil,Federação Árabe Palestina,False,"Fotógrafos palestinos são premiados no World Press Photo, o mais prestigiado concurso de fotojornalismo do mundo, por registros do Holocausto Palestino.  Arraste para o lado e veja fotos de Saber Nuraldin (EPA) e Saher Alghorra (NY Times)",14508,311,,,,False,1440,1800,2026-05-18 21:28:16
3871598919918079384,DW6rrR-gM2Y,https://www.instagram.com/p/DW6rrR-gM2Y/,2026-04-09 16:04:05,video,clips,fepal_brasil,Federação Árabe Palestina,False,"""Me senti andando em Berlim nos anos 1930. Israel é o 4º Reich""  Jornalista Abby Martin relembra série de entrevistas que fez com israelenses em 2016 e afirma que sociedade israelense é ""orgulhosamente fascista, racista e maníaco-genocida"".  Vídeo: Double Down News",33741,1769,,,True,False,720,1280,2026-05-18 21:28:16
3871579360646490036,DW6nOp_EWe0,https://www.instagram.com/p/DW6nOp_EWe0/,2026-04-09 15:25:53,video,clips,radiobrasildefato,Rádio Brasil de Fato,False,"Em entrevista ao #ConexãoBdF, o presidente da Fepal, Ualid Rabah, analisou o impacto das declarações do presidente dos EUA, Donald Trump, sobre o conflito no Oriente Médio. Segundo Rabah, ainda não fomos capazes de avaliar o impacto da declaração de Trump, que dizia que “acabaria com toda uma civilização”. Para ele, “o mundo se viu diante da guerra entre civilização e barbárie”.  Ele contextualiza a ameaça de Trump com as ações anteriores de Benjamin Netanyahu, primeiro-ministro de Israel: “Por mais que o carniceiro de plantão em Israel, Netanyahu, tenha dito, quando inicia o extermínio em Gaza, que aplicaria a destruição de tudo e que todos ali eram animais e que todos poderiam ser mortos, apenas um gângster havia dito isso. Não o presidente de uma nação com direito a veto no Conselho de Segurança, como o Donald Trump”.  Essa desumanização, segundo o analista, remete à invocação bíblica feita por Netanyahu ao citar Amaleque — trecho do Velho Testamento que ordena “destruição de tudo quanto houver”, incluindo “homens e mulheres, crianças e recém-nascidos”. O secretário da Guerra dos EUA, ainda conforme Rabah, referiu-se ao mesmo texto e classificou Trump como “o mensageiro de Deus para isso”.  Para o entrevistado, essa visão de mundo representa o uso instrumental da religião e da fé cristã para implementar no mundo o totalitarismo. Por fim, Rabah conecta a conjuntura internacional ao cenário político brasileiro, afirmando que derrotar Trump significa derrotar “os seus sicários no processo eleitoral vindouro”.  “Resta agora a derrota final da raça humana contra a barbárie, da civilização contra o totalitarismo”, referindo-se ao “regime sanguinário, totalitário, fascista de novo tipo, o regime de apartheid e genocidário de Israel”.  📍 O Conexão BdF vai ao ar em duas edições, de segunda a sexta-feira: uma às 12h e outra às 17h. Você confere as principais notícias na Rádio #BrasildeFato pela 98.9 FM na Grande São Paulo, no site e no YouTube do #BdF",3864,123,,,True,False,720,1280,2026-05-18 21:28:16
3871473484618035637,DW6PJ9QAHG1,https://www.instagram.com/p/DW6PJ9QAHG1/,2026-04-09 11:54:34,video,clips,fepal_brasil,Federação Árabe Palestina,False,"Soldados israelenses matam menina palestina Ritaj Rehan, 9 anos, a tiros dentro de escola no norte de Gaza.",20782,3690,,,True,False,720,1280,2026-05-18 21:28:16
3871019006521538452,DW4n0bigHeU,https://www.instagram.com/p/DW4n0bigHeU/,2026-04-08 20:51:22,video,clips,bruno_lima_rocha,Bruno Lima Rocha Beaklini,False,"A VITÓRIA DO IRÃ E O NÓ TÁTICO NO IMPERIALISMO  Pouco antes das 20 horas da terça 07 de abril (fuso horário de Washington), o presidente dos Estados Unidos Donald Trump, recua de sua ameaça de ""liquidar a civilização persa"" e aceita negociar um cessar-fogo permanente sobre os 10 pontos exigidos pelo Irã. A vitória de Teerã diante da guerra de agressão promovida por estadunidenses e isr4elens3s foi fruto do ""nó tático"" imposto pela República Islâmica ao imperialismo. É o tema da coluna semanal e Bruno Lima Rocha.  SIGA A GENTE NO 🔷 TELEGRAM | 🔴 INSTAGRAM | ⚫️ X | 🟣 UPSCROLLED | 🟥 YOUTUBE  Se sai na @HispanTVBrasil é verdade!",363,21,,,True,False,720,1280,2026-05-18 21:28:16
3870965372304328517,DW4bn8yCYdF,https://www.instagram.com/p/DW4bn8yCYdF/,2026-04-08 19:05:22,video,clips,ualidrabah,Ualid Rabah,False,"Derrota de ""israel""-EUA é vitória da humanidade contra projeto supremacista e totalitarista.  Comento o ""cessar-fogo"" — já violado unilateralmente por ""israel"" e EUA — em entrevista na manhã de hoje, 8, ao @brasildefato",8612,551,,,True,False,720,1280,2026-05-18 21:28:16
3870903650041747622,DW4NlxcgFim,https://www.instagram.com/p/DW4NlxcgFim/,2026-04-08 17:02:16,video,clips,fepal_brasil,Federação Árabe Palestina,False,"Enquanto gravava vídeo, menina libanesa documenta massacre cometido por ""israel"" no Líbano, com centenas de mortos e feridos, em blitz de bombardeios por todo o país logo após anúncio de ""cessar-fogo"".",5204,308,,,True,False,720,1280,2026-05-18 21:28:16
3870843754894068462,DW3_-LvgAru,https://www.instagram.com/p/DW3_-LvgAru/,2026-04-08 15:03:18,video,clips,fepal_brasil,Federação Árabe Palestina,False,"""israel"" mata mais de 300 libaneses em 10 minutos e colapsa cessar-fogo; Irã afirma que sairá do cessar-fogo caso ataques ao Líbano continuem e oficiais iranianos falam em ""resposta decisiva"" e ""punir regime sionista"".",20749,2748,,,True,False,720,1280,2026-05-18 21:28:16
3870765127775084846,DW3uGAiAOEu,https://www.instagram.com/p/DW3uGAiAOEu/,2026-04-08 12:27:02,video,clips,fepal_brasil,Federação Árabe Palestina,False,"""israel"" rejeita cessar-fogo no Líbano e executa mais de 100 bombardeios em 10 minutos em diversas regiões do Líbano.",9405,1266,,,True,False,720,1280,2026-05-18 21:28:16
3870420230282947379,DW2frFtgCsz,https://www.instagram.com/p/DW2frFtgCsz/,2026-04-08 01:01:32,video,clips,fepal_brasil,Federação Árabe Palestina,False,"""israel"" mata e fere mais de 30 libaneses em massacre no sul do Líbano após anúncio de ""cessar-fogo"" entre EUA e Irã.",13802,1421,,,True,False,720,1280,2026-05-18 21:28:33
3870302271221297966,DW2E2jxiHMu,https://www.instagram.com/p/DW2E2jxiHMu/,2026-04-07 21:22:15,video,clips,souzajuliana13,Juliana de Souza,True,"Genocídio não é só sobre matar, é também sobre apagar HISTÓRIAS, CULTURAS e RESISTÊNCIAS.  No dia 28 de março, participei da I Conferência Internacional Antifascista. Trago para o centro dessa conversa o povo palestino e, em especial, as mulheres palestinas: guardiãs de um saber ancestral e linha de frente de uma resistência que atravessa gerações.  Também é fundamental destacar o papel do Brasil nesse cenário. Desde o reconhecimento do Estado palestino em 2010, até a defesa recente por um cessar-fogo e ajuda humanitária, há posicionamentos que precisam ser lembrados.  Falar sobre isso é não aceitar o apagamento. É manter viva a memória, a denúncia e a luta.",542,86,,,True,False,720,1280,2026-05-18 21:28:33
3870282866793421797,DW2AcL_gJvl,https://www.instagram.com/p/DW2AcL_gJvl/,2026-04-07 20:28:36,video,clips,fepal_brasil,Federação Árabe Palestina,False,"Em vídeo viral, menina iraniana pede ""míssil rosa"" para bombardear Tel Aviv e é atendida: ""Atendendo ao pedido da pequena revolucionária""",36276,892,,,True,False,720,1280,2026-05-18 21:28:33
3870209015082390989,DW1vpgOgBXN,https://www.instagram.com/p/DW1vpgOgBXN/,2026-04-07 18:02:56,video,clips,fepal_brasil,Federação Árabe Palestina,False,"Pelo segundo dia consecutivo, músico iraniano Ali Ghamsari toca em usina elétrica de Damavand, Irã, para tentar impedir que ""israel""-EUA bombardeiem local vital para vida civil da sociedade iraniana — um crime de guerra.  No vídeo, ele toca a canção Vatan (Pátria).",14900,569,,,True,False,720,1280,2026-05-18 21:28:33
3870168797428117762,DW1mgQngPEC,https://www.instagram.com/p/DW1mgQngPEC/,2026-04-07 16:42:22,video,clips,fepal_brasil,Federação Árabe Palestina,False,"""Regime sionista ataca sem misericórdia até a comunidade judaica iraniana""  Líder da comunidade judaica e parlamentar no Irã, Dr. Homayoun Sameyah visita sinagoga bombardeada e destruída por ""israel"" em Teerã durante o feriado judaico do Pessach: ""Os pergaminhos da Torá estão sob escombros, o que certamente deve entristecer a comunidade judaica no mundo"".",14393,522,,,True,False,720,1280,2026-05-18 21:28:33
3870096017396750273,DW1V9K7llfB,https://www.instagram.com/p/DW1V9K7llfB/,2026-04-07 14:16:58,carousel,carousel_container,revistabadaro,Revista Badaró,False,"A Badaró conversou com @ualidrabah, presidente da Federação Árabe-Palestina do Brasil (@fepal_brasil), sobre o PL 1424 (PL da ""mordaça si0nista"") e suas possíveis implicações.   A entrevista completa pode ser conferida em revistabadaro.com.br",1895,81,,,,False,1080,1350,2026-05-18 21:28:33
3870043325268546781,DW1J-ZkANTd,https://www.instagram.com/p/DW1J-ZkANTd/,2026-04-07 12:33:21,video,clips,fepal_brasil,Federação Árabe Palestina,False,"""israel"" bombardeia e destrói sinagoga judaica no Irã.  ""israel"" bombardeou e aniquilou a sinagoga Rafie Nia, Teerã. No vídeo, o rabino iraniano Younes Hammami Lalezar, liderança da comunidade judaica no Irã, impeciona a sinagoga destruída pelos israelenses.  O Irã é lar de uma das maiores comunidades judaicas no Oriente Médio, com representantes no parlamento iraniano e uma presença contínua milenar no país, que remonta ao período babilônico.",6072,447,,,True,False,720,1280,2026-05-18 21:28:33
3869631299779417620,DWzsSo7FdYU,https://www.instagram.com/p/DWzsSo7FdYU/,2026-04-06 22:53:39,carousel,carousel_container,fepal_brasil,Federação Árabe Palestina,False,"✍️ Opinião: Dos bares da Lapa aos muros do apartheid na Palestina: Quem tem direito de ter direitos?  ""Quando a maioria dos judeus-israelenses renunciarem ao culto de supremacia judaica chamado sionismo, abolirem o sistema de apartheid e extermínio feito em seu benefício e aceitarem viver lado a lado e como iguais aos palestinos, este será um momento não apenas de libertação para palestinos, mas para todos naquela terra, cristãos, judeus e muçulmanos, entre o Rio Jordão e o Mar Mediterrâneo chamada Palestina. Neste dia, que há de chegar em breve, seremos todos bem-vindos no mesmo bar, no Rio de Janeiro ou em Jerusalém""  Arraste para o lado e leia artigo de opinião de Marcos Feres, secretário de Comunicação da FEPAL. Disponível também em nosso site.",6455,295,,,,False,1440,1800,2026-05-18 21:28:33
3869430241243973488,DWy-k2kgEdw,https://www.instagram.com/p/DWy-k2kgEdw/,2026-04-06 16:14:45,video,clips,fepal_brasil,Federação Árabe Palestina,False,"Palestino colapsa ao encontrar irmão assassinado por ""israel"" em bombardeio hoje, 6, em Gaza.",4898,419,,,True,False,720,1280,2026-05-18 21:28:33
3868543957663242120,DWv1DuqgFeI,https://www.instagram.com/p/DWv1DuqgFeI/,2026-04-05 10:54:10,video,clips,fepal_brasil,Federação Árabe Palestina,False,"Vídeo e fotos mostram aeronaves dos EUA destruídas pelo Irã em tentativa de resgate de piloto de caça abatido.   Trump afirmou que os EUA conseguiram resgatar o piloto vivo e classificou como uma ""vitória"". Lista de aeronaves militares dos EUA destruídas pelo Irã:  — Um F-15E Strike Eagle destruído  — Dois helicópteros HH-60 danificados  — Um MH-6 Little Bird destruído   — 1× A-10 Thunderbolt II destruído   — Dois C-130 Hercules destruídos   — Dois MQ-9 Reapers destruídos  A confirmar:  — Um F-16 Fighting Falcon  — Um KC-135 Stratotanker   — Um A-10 Thunderbolt II",6899,448,,,True,False,720,1280,2026-05-18 21:28:33
3867929258898802359,DWtpSr1AMa3,https://www.instagram.com/p/DWtpSr1AMa3/,2026-04-04 14:33:13,video,clips,fepal_brasil,Federação Árabe Palestina,False,Soldados israelenses usam cachorro para atacar palestino indefeso dentro de Mesquita na Cisjordânia Ocupada.,4241,749,,,True,False,720,1280,2026-05-18 21:28:33
3867416652782021843,DWr0vSLgKzT,https://www.instagram.com/p/DWr0vSLgKzT/,2026-04-03 21:34:24,video,clips,fepal_brasil,Federação Árabe Palestina,False,Irã divulga vídeo abatendo avião militar A-10 Warthog dos EUA hoje (3) no Estreito de Ormuz.,6431,392,,,True,False,720,1280,2026-05-18 21:28:33
3867373999814119435,DWrrCmggJAL,https://www.instagram.com/p/DWrrCmggJAL/,2026-04-03 20:09:24,video,clips,fepal_brasil,Federação Árabe Palestina,False,"Policiais iranianos abrem fogo contra helicóptero dos EUA; Ao menos dois aviões militares estadunidenses foram atingidos hoje pelo Irã.  Um caça F-15E dos EUA foi abatido pelos iranianos e um A-10 Warthog ""caiu"" no Estreito de Ormuz. Ambos confirmados pelo The New York Times. Um caça F-16 e um helicóptero Black Hawk também teriam sido supostamente atingidos pelas defesas aéreas iranianas.",5429,250,,,True,False,720,1280,2026-05-18 21:28:40
3867362996426750133,DWroiezgbi1,https://www.instagram.com/p/DWroiezgbi1/,2026-04-03 19:52:38,video,clips,vozesjudaicasporlibertacao,Coletivo Vozes Judaicas por Libertação,False,"Antissionismo não é antissemitismo.  Na última semana, Tabata Amaral (PSB-SP) apresentou o PL 1424/2026, que pretende definir o conceito de antissemitismo no Brasil com base na IHRA, uma definição contestada internacionalmente. A proposta surge após a rejeição técnica de um projeto anterior do deputado Eduardo Pazuello (PL/RJ), que equiparava antissionismo a antissemitismo.  Em outubro de 2024, participamos de audiência pública na Câmara dos Deputados e protocolamos oposição ao projeto anterior e à adoção da definição da IHRA no Brasil.  Nunca mais significa nunca mais para ninguém.",1640,135,,,True,False,720,1280,2026-05-18 21:28:40
3867220270553023629,DWrIFi-gMSN,https://www.instagram.com/p/DWrIFi-gMSN/,2026-04-03 15:03:54,video,clips,fepal_brasil,Federação Árabe Palestina,False,Irã abate caça F-15 dos EUA e teria abatido helicóptero enviado para tentar resgatar piloto.  Aeronaves de resgate dos EUA são vistos nos céus do Irã em baixa altitude em busca da tripulação do caça F-15 abatido pelos iranianos hoje. Relatos iniciais falam que um helicóptero de resgate também teria sido abatido pelo Irã. História em desenvolvimento.,16699,777,,,True,False,720,1280,2026-05-18 21:28:40
3867155249017960327,DWq5TW9ALeH,https://www.instagram.com/p/DWq5TW9ALeH/,2026-04-03 12:54:49,video,clips,fepal_brasil,Federação Árabe Palestina,False,"Criminoso de guerra israelense perde a perna e pede aniquilação do Líbano ""como fizemos em Gaza""  Maníaco genocida israelense Boaz Tamam perdeu a perna em combate e pede que seus colegas de batalhão aniquilem ""o Líbano inteiro como fizeram em Gaza"".  Boaz Tamam foi vice-comandante de batalhão. Abaixo uma lista de alguns crimes de guerra em que ele está envolvido em Gaza, documentados pelo jornalista palestino Younis Tirawi.  Em 2024, comandou o Batalhão Tzabar e esteve envolvido no ataque ao Hospital Al-Awda, onde o proeminente médico palestino Dr. Adnan Al-Bursh foi sequestrado e posteriormente torturado até a morte na prisão.  Boaz Taam foi um dos comandantes de campo diretamente responsáveis ​​pelo massacre de dezenas de pessoas no Hospital Kamal Adwan em 25 de outubro de 2024.  Ele também foi um dos comandantes responsáveis ​​pelo assassinato de 10 palestinos que tentavam fugir de Jabalia em 25 de novembro de 2024.  Ele esteve envolvido no assassinato de 33 palestinos na Escola Awni Al-Harthani em Jabalia em 27 de novembro de 2024.  Tamam também esteve envolvido no assassinato de 60 palestinos na Escola Khalil Al-Weida em Beit Hanoun em 15 de dezembro de 2024.  E na queima de complexos escolares como Hamad bin Khalifa, Escola Aleppo e Escola Kuwait em Jabalia.  Boaz pessoalmente ordenou o uso de civis palestinos como escudos humanos em Jabalia, Gaza, sendo reconhecido por sobreviventes após a divulgação deste vídeo.",4762,2351,,,True,False,720,1280,2026-05-18 21:28:40
3866647205440477498,DWpFyWgCVk6,https://www.instagram.com/p/DWpFyWgCVk6/,2026-04-02 20:05:53,video,clips,ualidrabah,Ualid Rabah,False,"""Palestina Livre do Rio ao Mar"" é ""antissemitismo""?  Ao contrário do que promovem os propagandistas e criminosos de guerra sionistas, ""Do Rio ao Mar"" é o fim do apartheid, da ocupação, do genocídio e da ideologia racista e supremacista sionista. Do Rio ao Mar 🇵🇸   Trecho de entrevista ao TV Democracia desta quinta, 2.",8314,557,,,True,False,720,1280,2026-05-18 21:28:40
3866557584966182095,DWoxaM7gGTP,https://www.instagram.com/p/DWoxaM7gGTP/,2026-04-02 17:07:26,video,clips,fepal_brasil,Federação Árabe Palestina,False,"Mísseis iranianos atingem Tel Aviv em 90ª onda de retaliação do Irã contra ""israel"".",5681,496,,,True,False,720,1280,2026-05-18 21:28:40
3866495197764410836,DWojOWUgF3U,https://www.instagram.com/p/DWojOWUgF3U/,2026-04-02 15:08:41,video,clips,fepal_brasil,Federação Árabe Palestina,False,"""Não temos medo do lobby sionista no Brasil""  Trecho da intervenção do secretário de Comunicação da FEPAL, Marcos Feres, em atividade contra a tentativa de intimidação do lobby sionista no Brasil em maio de 2025, na Universidade do Estado do Rio de Janeiro (UERJ)  À época, se discutia no Congresso Nacional o PL 472/25, do Deputado Eduardo Pazuello (PL-RJ), o PL da Mordaça Sionista.  Hoje, o lobby sionista tenta novamente intimidar, perseguir e criminalizar a causa palestina no Brasil através do PL 1424/26, apresentado pela deputada Tabata Amaral (PSB-SP), amplamente rejeitado pela sociedade brasileira e que deve ser derrotado no Congresso Nacional.  Vídeo: @anovademocracia_br",13156,1340,,,True,False,720,1280,2026-05-18 21:28:40
3866039466325967948,DWm7mlWAARM,https://www.instagram.com/p/DWm7mlWAARM/,2026-04-02 00:00:30,video,clips,fepal_brasil,Federação Árabe Palestina,False,"Conselheira Espiritual da Casa Branca e televangelista Paula White compara Trump a Jesus: ""Você foi traído, preso e falsamente acusado. É um padrão familiar que nosso Senhor e Salvador nos mostrou. Graças à ressurreição Dele, você se reergueu.""",9102,7805,,,True,False,720,1280,2026-05-18 21:28:40
3865883791360809320,DWmYNNvAFlo,https://www.instagram.com/p/DWmYNNvAFlo/,2026-04-01 18:48:37,video,clips,fepal_brasil,Federação Árabe Palestina,False,"Bebê palestino de três meses agoniza em Gaza devido a bloqueio israelense.  Bebê palestino Jamal Mohammad Qutash, 3 meses, agoniza em Gaza devido a destruição integral do sistema de saúde por ""israel"" no enclave palestino e o bloqueio israelense que impede sua evacuação e acesso à tratamento médico adequado.  Jamal nasceu com Epidermólise Bolhosa. De acordo com o Ministério da Saúde brasileiro, a Epidermólise Bolhosa é uma doença genética e hereditária rara, que provoca a formação de bolhas na pele por conta de mínimos atritos ou traumas e se manifesta já no nascimento. As crianças com Epidermólise Bolhosa são conhecidas como “Crianças Borboletas”, porque a pele se assemelha às asas de uma borboleta devido à fragilidade provocada pela alteração nas proteínas responsáveis pela união das camadas da pele.",9942,1823,,,True,False,720,1280,2026-05-18 21:28:40
3865809694308227986,DWmHW9egNuS,https://www.instagram.com/p/DWmHW9egNuS/,2026-04-01 16:22:30,video,clips,fepal_brasil,Federação Árabe Palestina,False,"""Trump e Netanyahu seriam enforcados em um Tribunal de Nuremberg hoje. Não foi o que fizemos com os alemães que executaram um genocídio na Europa?""  Cientista político e professor da Universidade de Chicago John Mearsheimer aponta semelhanças entre políticas dos EUA e ""israel"" com as da Alemanha nazista e afirma que líderes dos dois ""países"" seriam julgados e condenados se um ""Tribunal de Nuremberg"" fosse estabelecido hoje.",9582,308,,,True,False,720,1280,2026-05-18 21:28:40
3865755126421552368,DWl685LAHzw,https://www.instagram.com/p/DWl685LAHzw/,2026-04-01 14:33:46,video,clips,fepal_brasil,Federação Árabe Palestina,False,"Deputado israelense ""de centro"" debate com ""direita"" supremacista sobre pena de morte para palestinos: ""Mando executar com tiro na cabeça""  Em competição genocida, deputado israelense de ""centro"" Mickey Levy debate com membros do partido supremacista ""Poder Judaico"" afirmando que, ao contrário dos que apresentaram a lei de pena de morte para palestinos em prisões israelenses, ele prefere ""executar palestinos algemados pelas costas com tiro na cabeça"" no ato da prisão.  Levy se refere ao episódio em que, exatamente como descreve, mandou executar um palestino algemado com tiro na cabeça em 2002, quando ocupava cargo de comandante de polícia em Jerusalém.  Como assassinar palestinos rende carreira política em ""israel"", Levy cresceu na vida pública como deputado, vice-ministro e até presidente do parlamento israelense.  Em 2002, após ordenar a execução de um palestino rendido, Levy recebeu prêmio de ""Cavaleiro da Qualidade Governamental"" e ""Personalidade do Ano"" por um canal de TV israelense.",1910,822,,,True,False,720,1280,2026-05-18 21:28:40
3865667097510049383,DWlm753AHZn,https://www.instagram.com/p/DWlm753AHZn/,2026-04-01 11:38:06,video,clips,fepal_brasil,Federação Árabe Palestina,False,Seleção sub20 da Bósnia se recusa a cumprimentar jogadores israelenses em partida válida pelas Eliminatórias da Euro sub20.,21493,1017,,,True,False,720,1280,2026-05-18 21:28:40
3865326606704768319,DWkZhHFgPU_,https://www.instagram.com/p/DWkZhHFgPU_/,2026-04-01 00:21:28,video,clips,fepal_brasil,Federação Árabe Palestina,False,Vídeo mostra o momento em que míssil iraniano atinge base militar dos EUA no Oriente Médio a poucos metros dos soldados estadunidenses,9502,602,,,True,False,720,1280,2026-05-18 21:28:42
3865273154209344713,DWkNXRkgGzJ,https://www.instagram.com/p/DWkNXRkgGzJ/,2026-03-31 22:35:16,video,clips,fepal_brasil,Federação Árabe Palestina,False,"Polícia israelense ataca idosa judia que protestava contra aprovação de lei de pena de morte para reféns palestinos sequestrados por ""israel"" hoje em Jerusalém.",31788,5130,,,True,False,720,1280,2026-05-18 21:28:42
3865217654239857221,DWkAvpMiQpF,https://www.instagram.com/p/DWkAvpMiQpF/,2026-03-31 20:45:55,video,clips,ualidrabah,Ualid Rabah,False,"PL de Tabata Amaral instrumentaliza ""antissemitismo"" para blindar apoiadores do genocídio palestino.  Se alguém ainda tinha dúvida sobre a real intenção do escandaloso PL 1424/26, apresentado pela capanga do sionismo Tabata Amaral, basta observar a redação do PL: Tabata quer blindar não apenas ""israel"", mas também todos os apoiadores ""não-judeus"" do extermínio de palestinos por ""israel"". Especialmente os que ganham economica e politicamente com o apoio a ""israel""  Comento o tema em entrevista ao DCM desta terça, 31.",11206,931,,,True,False,720,1280,2026-05-18 21:28:42
3865093172212275894,DWjkcMRgBq2,https://www.instagram.com/p/DWjkcMRgBq2/,2026-03-31 16:38:06,video,clips,fepal_brasil,Federação Árabe Palestina,False,"Pai de soldado israelense morto invadindo o Líbano chora em funeral: ""Você voltou em um caixão""  O soldado israelense foi morto ontem, 30, por combatentes libaneses junto com outros três militares israelenses na invasão genocida contra o Líbano.",4766,3140,,,True,False,720,1280,2026-05-18 21:28:42
3864456695405120997,DWhTuPDgI3l,https://www.instagram.com/p/DWhTuPDgI3l/,2026-03-30 19:34:56,video,clips,fepal_brasil,Federação Árabe Palestina,False,"Parlamento israelense aprova lei de pena de morte para reféns palestinos sequestrados nas masmorras sionistas.  Capitaneado pelo ministro supremacista e colono judeu Itamar Ben-Gvir — que aparece no vídeo tentando abrir um champanhe —, lei prevê enforcamento de palestinos ""condenados por terrorismo"" em tribunais ilegais do apartheid israelense.  A taxa de condenação de palestinos nos tribunais militares da ocupação israelense é superior aos 99%.  Lei entra em vigência em até 90 dias.",17258,6259,,,True,False,720,1280,2026-05-18 21:28:42
3864391184218614112,DWhE07AgGlg,https://www.instagram.com/p/DWhE07AgGlg/,2026-03-30 17:23:34,video,clips,fepal_brasil,Federação Árabe Palestina,False,"Capanga de ""israel"", deputada Tabata Amaral requenta projeto da Mordaça Sionista no Brasil.  Uma espécie de ""office boy VIP"" do sionismo no Brasil, Tabata Amaral (PSB-SP) protocolou o projeto de lei 1424/26, uma versão recauchutada da PL da Mordaça Sionista, a mando de ""israel"".  O projeto propõe adoção da definição de ""antissemitismo"" da organização de lobby sionista ""Aliança Internacional Para Memória do Holocausto"" (IHRA), criticada no mundo inteiro por alargar o conceito de antijudaísmo para blindar ""israel"" e suas políticas genocidas de críticas.  No Brasil, o Conselho Nacional de Direitos Humanos, em nota técnica, já condenou a definição da IHRA, a qual classificou como ""inconstitucional"" e que ""introduz conceitos distorcidos de antissemitismo para perseguir e condenar quem se manifesta contrário às políticas do Estado de Israel"".  A FEPAL lamenta que entre os signatários do Projeto de Lei estejam parlamentares progressistas, que já denunciaram o genocídio em Gaza, e esperamos que retirem suas assinaturas, sob pena de manchar as mãos com o sangue das crianças palestinas exterminadas por ""israel"".  Trecho de entrevista ao Brasil 247 em 28 de março de 2026.",22372,2398,,,True,False,720,1280,2026-05-18 21:28:42
3864311324536245748,DWgyqz4gI30,https://www.instagram.com/p/DWgyqz4gI30/,2026-03-30 14:47:52,video,clips,fepal_brasil,Federação Árabe Palestina,False,"Iraniano desafia Trump após ter casa destruída por ""israel""-EUA: ""Nunca vai conseguir nos derrotar. Seremos vitoriosos ao final""",5087,393,,,True,False,720,1280,2026-05-18 21:28:42
3863638752756793145,DWeZvmmgH85,https://www.instagram.com/p/DWeZvmmgH85/,2026-03-29 16:28:26,video,clips,fepal_brasil,Federação Árabe Palestina,False,"Irã atinge e destrói complexo químico-industrial israelense em retaliação contra ""israel""  Mísseis iranianos atingiram a zona industrial Neot Hovav, próximo a Beersheba, sul da Palestina Histórica.  Complexo é o principal polo químico-industrial  israelense e abriga de indústrias de armas à usinas de manejo de resíduos tóxicos, colocando região em estado de alerta para possíveis vazamento de materiais perigosos.",24927,1845,,,True,False,720,1280,2026-05-18 21:28:42
3863561100654027201,DWeIFncgCHB,https://www.instagram.com/p/DWeIFncgCHB/,2026-03-29 13:54:13,video,clips,fepal_brasil,Federação Árabe Palestina,False,"Irã destrói aviões de guerra dos EUA em ataque à Base Aérea Príncipe Sultan, Arábia Saudita, e impõe prejuízo bilionário aos EUA.  Uma aeronave de comando dos EUA, de custo de reposição superior a US$ 1 bilhão, foi destruída e o ataque possivelmente destruiu três aviões-tanque Stratotanker, cada um avaliado em US$ 80 milhões.  As imagens mostram um Boeing E-3 Sentry destruído na base na Arábia Saudita, com a fuselagem aberta e completamente queimada — danos que provavelmente indicam perda total.  O E-3 é um AWACS (Sistema de Alerta e Controle Aerotransportado) — um radar voador e centro de comando aéreo que rastreia ameaças e direciona as operações aéreas dos EUA em regiões inteiras. Os EUA possuem apenas cerca de 16 aeronaves restantes, tornando cada perda crítica.  A frota de E-3 está sobrecarregada, com apenas cerca de metade das aeronaves disponíveis para missões. Repor essa capacidade custa atualmente mais de US$ 1 bilhão por aeronave, com base nos programas de substituição em andamento.  O ataque também atingiu aeronaves de reabastecimento em voo.  Até seis aeronaves KC-135 Stratotanker estariam na base, com relatos de que três foram destruídas e outras danificadas.  Sem o sistema AWACS, os EUA correm o risco de ter sua capacidade de rastreamento prejudicada, ciclos de direcionamento de alvos mais lentos e coordenação mais fraca em todo o campo de batalha.",15442,947,,,True,False,720,1280,2026-05-18 21:28:42
3863008599768863621,DWcKdq5gJOF,https://www.instagram.com/p/DWcKdq5gJOF/,2026-03-28 19:36:28,video,clips,fepal_brasil,Federação Árabe Palestina,False,"""Continuaremos a transmitir a realidade dos crimes da ocupação israelense até nosso último suspiro""  Assassinada hoje (28) por ""israel"", jornalista libanesa Fatima Ftouni havia sobrevivido à outra tentativa de assassinato pelos israelenses em outubro de 2024 no sul do Líbano.",18715,864,,,True,False,720,1280,2026-05-18 21:28:42
3862939528926872660,DWb6wjqgERU,https://www.instagram.com/p/DWb6wjqgERU/,2026-03-28 17:19:01,video,clips,fepal_brasil,Federação Árabe Palestina,False,"Bebê iraniano é retirado dos escombros de bombardeio ""israel""-EUA em vídeo do Cresceste Vermelho do Irã.",6773,526,,,True,False,720,1280,2026-05-18 21:28:42
3862866875075582470,DWbqPTfgNoG,https://www.instagram.com/p/DWbqPTfgNoG/,2026-03-28 14:55:19,video,clips,fepal_brasil,Federação Árabe Palestina,False,"Jornalista libanês Jamal Ghourabi se revolta noticiando o assassinato de seus colegas jornalistas Fátima Ftouni e Ali Sheaib em massacre cometido por ""israel"": ""Onde estão as leis que protegem jornalistas?! Isso é Israel!""",5843,333,,,True,False,720,1280,2026-05-18 21:28:42
3862781898644275162,DWbW6vBgD_a,https://www.instagram.com/p/DWbW6vBgD_a/,2026-03-28 12:05:55,video,clips,fepal_brasil,Federação Árabe Palestina,False,"""israel"" acaba de assassinar a jornalista libanesa Fatima Ftouni, da rede Al-Mayadeen, e o jornalista Ali Shuaib, da Al-Manar, em bombardeio ao carro em que eles estavam no sul do Líbano.  Pouco menos de um mês, em 2 de março de 2026, publicamos este vídeo da jornalista Fatima Ftouni dando ao vivo a notícia do assassinato da própria família cometido também pelos israelenses nesta agressão genocidária contra o Líbano.",44860,2181,,,True,False,720,1280,2026-05-18 21:28:46
3862372054301536843,DWZ5utvCfJL,https://www.instagram.com/p/DWZ5utvCfJL/,2026-03-27 22:32:26,video,clips,ualidrabah,Ualid Rabah,False,"Guerra ilegal dos EUA e ""israel"" contra o Irã prejudica vida econômica brasileira — e não é por acaso.  Os EUA não estão sendo prejudicados pelo fechamento do Estreito de Ormuz. Pelo contrário, lucram com a especulação. Quem está sendo prejudicado é você, cidadão brasileiro.   E ainda há quem defenda vender o Brasil aos EUA.",3078,122,,,True,False,720,1280,2026-05-18 21:28:46
3862339356958177324,DWZyS59gLgs,https://www.instagram.com/p/DWZyS59gLgs/,2026-03-27 21:26:24,video,clips,fepal_brasil,Federação Árabe Palestina,False,"Mísseis iranianos atingem Tel Aviv em 85ª onda de retaliação contra ""israel"".",10092,762,,,True,False,720,1280,2026-05-18 21:28:46
3862168351073668467,DWZLacUgI1z,https://www.instagram.com/p/DWZLacUgI1z/,2026-03-27 15:46:45,video,clips,fepal_brasil,Federação Árabe Palestina,False,"Seleção masculina de futebol do Irã homenageia as mais de 160 meninas iranianas assassinadas por ""israel""-EUA em escola antes de partida amistosa contra a Nigéria.",77434,1980,,,True,False,720,1280,2026-05-18 21:28:46
3861569046226981596,DWXDJaMANLc,https://www.instagram.com/p/DWXDJaMANLc/,2026-03-26 19:56:07,video,clips,fepal_brasil,Federação Árabe Palestina,False,"""EUA criam guerras sem fim para distrair do fato que seu presidente é um p*dófilo do c*ralho"".  Rapper estadunidense-canadense Grandson protesta contra Guerra ao Irã: ""Morte à máquina de guerra imperial dos EUA""  Vídeo: @grandson",41658,729,,,True,False,720,1280,2026-05-18 21:28:46
3861552626667629466,DWW_aeSACua,https://www.instagram.com/p/DWW_aeSACua/,2026-03-26 19:23:23,video,clips,fepal_brasil,Federação Árabe Palestina,False,"Irã afirma ter destruído todas as bases militares dos EUA e pede que população dos países da região reportem onde militares estadunidenses estão se escondendo: ""Estamos procurando por eles""  A informação confere com relato do The New York Times que afirmou que muitos militares dos EUA na região estão trabalhando em hotéis e espaços de trabalho coletivos devido à destruição das bases militares. Oficiais estadunidenses relataram ao NYT que destruição de bases militares reflete ""erro de cálculo"" e oficiais iranianos acusam os EUA de usar ""escudos humanos"" ao alocar militares em áreas civis dos países da região.",12648,829,,,True,False,720,1280,2026-05-18 21:28:46
3861403171226178670,DWWdbnDgNRu,https://www.instagram.com/p/DWWdbnDgNRu/,2026-03-26 14:26:36,video,clips,fepal_brasil,Federação Árabe Palestina,False,"""Não há crianças inocentes"": Deputado israelense defende extermínio de mulheres e crianças palestinas.  Ytizhak Kroizer, do partido ""Poder Judaico"", afirma ""não ter misericórdia"" de palestinos e que ""não interessa"" se mulheres e crianças são assassinadas. Ele se refere em particular à chacina de uma família palestina fuzilada no carro por soldados israelenses na Cisjordânia Ocupada em 15 de março de 2026.",21353,7699,,,True,False,720,1280,2026-05-18 21:28:46
3860132507232829018,DWR8hA_jP5a,https://www.instagram.com/p/DWR8hA_jP5a/,2026-03-24 21:00:38,video,clips,operamundi,Opera Mundi,False,"Quem é a maior liderança anti-imperialista do mundo árabe? 🌍✊  Neste ""mano a mano"", Gamal Abdel Nasser e Yasser Arafat são colocados frente a frente. De um lado, o líder egípcio que projetou uma nação; do outro, o homem que transformou a causa dos refugiados em uma questão nacional global — mesmo sem exército ou Estado oficial.  E para você: qual desses nomes teve o maior impacto no mundo? Deixe sua opinião nos comentários! 👇  Veja a entrevista de Ualid Rabah no 20Minutos: https://www.youtube.com/watch?v=59I5PJHnRd0  #Geopolítica #MundoÁrabe #YasserArafat #História #OperaMundi #AntiImperialismo",5666,171,,,True,False,720,1280,2026-05-18 21:28:46
3860114320796960001,DWR4YXjgEUB,https://www.instagram.com/p/DWR4YXjgEUB/,2026-03-24 19:45:43,video,clips,fepal_brasil,Federação Árabe Palestina,False,"Trump diz que Irã está ""desesperado por acordo"" enquanto mísseis iranianos passeiam pelos céus da Palestina Histórica e atingem Tel Aviv.",5299,1236,,,True,False,720,1280,2026-05-18 21:28:46
3860013647426235784,DWRhfYLAC2I,https://www.instagram.com/p/DWRhfYLAC2I/,2026-03-24 16:26:15,video,clips,fepal_brasil,Federação Árabe Palestina,False,"""Seus governos deram autorização para Israel torturar e est*prar palestinos enquanto as autoridades israelenses se gabam do tratamento sádico que infligem aos palestinos""  Francesca Albanese, Relatora Especial da ONU para Direitos Humanos nos Territórios Palestinos Ocupados, apresenta relatório inédito sobre tortura sistemática contra prisioneiros palestinos por ""israel"" ao Conselho de Direitos Humanos da ONU.  Albanese lê trechos de testemunhos de palestinos sobreviventes que integram o relatório. A publicação deste conteúdo tem propósito jornalístico e pode ser considerado sensível para alguns espectadores.",18226,1817,,,True,False,720,1280,2026-05-18 21:28:46
3859498953728903589,DWPsdmUAMml,https://www.instagram.com/p/DWPsdmUAMml/,2026-03-23 23:23:06,video,clips,fepal_brasil,Federação Árabe Palestina,False,"Mísseis do Irã evadem defesas israelense e atingem Haifa, Palestina Histórica, em 78ª onda de retaliação iraniana.",8766,685,,,True,False,720,1280,2026-05-18 21:28:48
3859350574278721281,DWPKuZLlT8B,https://www.instagram.com/p/DWPKuZLlT8B/,2026-03-23 18:27:41,carousel,carousel_container,fepal_brasil,Federação Árabe Palestina,False,"Soldados israelenses sequestraram e torturaram uma criança de um ano de idade em Gaza para tentar obter confissões forçadas do pai do bebê  Os israelenses torturaram a criança na frente do pai, queimando a perna do bebê com cigarros e furando a perna da criança, identificada como Karim, com pregos e objetos metálicos, aponta laudo médico. O pai segue sequestrado por ""israel"".  Arraste para o lado e leia mais.",17373,1377,,,,False,1440,1800,2026-05-18 21:28:48
3859173494151452343,DWOididgBa3,https://www.instagram.com/p/DWOididgBa3/,2026-03-23 12:37:06,video,clips,fepal_brasil,Federação Árabe Palestina,False,"FBC (@fbctadoido) exibe bandeira da Palestina no palco do Lollapalooza e público queima bandeira de ""israel"".",26637,1018,,,True,False,720,1280,2026-05-18 21:28:48
3858598823425807617,DWMfy-pCRUB,https://www.instagram.com/p/DWMfy-pCRUB/,2026-03-22 17:36:34,video,clips,ualidrabah,Ualid Rabah,False,"Irã faz demonstração histórica de soberania e Brasil deve ser capaz de se defender dos EUA  Por sua capacidade bélica dissuasiva, o Irã está desmontando o mito da ""invencibilidade"" de ""israel"" e dando lição histórica de soberania. O Brasil deve também ser capaz de se defender dos EUA.  Comento o tema em entrevista a Breno Altman (@altmanbreno) no Opera Mundi (@operamundi)",26952,1479,,,True,False,720,1280,2026-05-18 21:28:49
3858477545787778614,DWMEOKCgGY2,https://www.instagram.com/p/DWMEOKCgGY2/,2026-03-22 13:36:18,video,clips,fepal_brasil,Federação Árabe Palestina,False,Genocida israelense com ordem de prisão por crimes de guerra e de lesa-humanidade Netanyahu pede que mais países se juntem à agressão contra o Irã e tenta arrastar humanidade para guerra mundial.,6917,5319,,,True,False,720,1280,2026-05-18 21:28:49
3858146665886127759,DWK4_OHgBaP,https://www.instagram.com/p/DWK4_OHgBaP/,2026-03-22 02:36:26,video,clips,fepal_brasil,Federação Árabe Palestina,False,"""Você é um judeu-nazista! Você é culpado por todas as mortes! Vá embora da nossa cidade!""  Israelense grita com ministro supremacista israelense Itamar Ben-Gvir, que visita cidade de Arad, atingida pela retaliação iraniana. O termo ""judeo-nazi"" foi cunhado pelo intelectual israelense Yeshayahu Leibowitz nos 1980 em reflexo às semelhanças das políticas israelenses com o nazismo.",11123,555,,,True,False,720,1280,2026-05-18 21:28:49
3858084272359349796,DWKqzRngB4k,https://www.instagram.com/p/DWKqzRngB4k/,2026-03-22 00:37:03,video,clips,fepal_brasil,Federação Árabe Palestina,False,"Consternado, ministro israelense e supremacista judaico Itamar Ben-Gvir visita local destruído por retaliação iraniana e pode continuação de guerra, que classifica como ""batalha contra o diabo"".  Principal defensor do projeto para executar reféns palestinos sequestrados em campos de tortura sionistas, Ben-Gvir visitou Arad, sul da Palestina Histórica. Outro alvo atingindo pelo Irã foi a cidade de Dimona, que hospeda o programa nuclear ilegal de ""israel"".",8589,2837,,,True,False,720,1280,2026-05-18 21:28:49
3857885260763158533,DWJ9jRoANgF,https://www.instagram.com/p/DWJ9jRoANgF/,2026-03-21 17:56:57,video,clips,fepal_brasil,Federação Árabe Palestina,False,"Míssil iraniano supera defesa israelense e atinge ""israel""  O impacto foi na cidade de Dimona, sul da Palestina Histórica. Cidade hospeda e dá nome ao programa nuclear ilegal israelense.",9187,663,,,True,False,720,1280,2026-05-18 21:28:49
3857804443596675547,DWJrLOxgNnb,https://www.instagram.com/p/DWJrLOxgNnb/,2026-03-21 15:16:40,video,clips,fepal_brasil,Federação Árabe Palestina,False,"""Países que hospedam bases militares dos EUA não são países soberanos""  Economista, professor da Universidade de Columbia e consultor de Desenvolvimento da ONU Jeffrey Sachs expõe hipocrisia que testemunhou no Conselho de Segurança da ONU quando ""israel""-EUA lançaram agressão contra o Irã, afirmando que países que hospedam bases militares dos EUA em seu território não são realmente soberanos.",45195,1474,,,True,False,720,1280,2026-05-18 21:28:49
3857206543935030451,DWHjOpUj0Sz,https://www.instagram.com/p/DWHjOpUj0Sz/,2026-03-20 19:27:53,photo,feed,jornalnota,Jornal Nota,True,"O Conselho Central de Certificação Cinematográfica da Índia (CBFC) está bloqueando o lançamento do filme indicado ao Oscar ""The Voice of Hind Rajab"" devido ao risco que ele poderia representar para as relações entre Índia e Israel, segundo reportagem da Variety.  O docudrama da diretora tunisiana Kaouther Ben Hania conta a história de Hind Rajab, uma menina palestina de cinco anos em Gaza que foi deliberadamente morta por soldados israelenses após eles dispararem 335 balas dentro do carro onde ela aguardava resgate.  O distribuidor do filme na Índia, Manoj Nandwana, informou ao Middle East Eye que submeteu o longa para aprovação central em fevereiro, com previsão de lançamento em março.  No entanto, o CBFC vetou o filme, alegando, segundo a Variety, que ""se for lançado, isso romperia a relação entre Índia e Israel"".  Nandwana disse ao MEE que o momento da negativa foi ""péssimo"", já que o filme foi exibido ao CBFC em 27 de fevereiro, apenas um dia após a visita de Estado do primeiro-ministro indiano Narendra Modi a Israel.  O distribuidor afirmou não estar surpreso com a decisão, pois o filme já havia sido proibido de ser exibido em festivais de cinema em várias partes da Índia, incluindo Goa, Bangalore, Pune e Kerala.  Badie Ali, cofundador da Watermelon Pictures, empresa palestino-americana que apoiou a produção do filme, declarou ao MEE:   ""Quando ouvimos a justificativa do conselho indiano, de que lançar este filme poderia prejudicar as relações Índia-Israel, nosso primeiro pensamento foi: desde quando o grito de socorro de uma menina de cinco anos é uma ameaça diplomática?""  ""O público indiano não precisa ser protegido de uma história verdadeira"", acrescentou Ali.  ""Censurar este filme não serve aos interesses da Índia. Só mostra ao mundo que a história de Hind ainda assusta quem está no poder.""  A diretora Ben Hania reagiu à decisão do conselho indiano no Instagram: ""O romance entre a 'maior democracia do mundo' e a 'única democracia do Oriente Médio' é tão frágil que um filme pode rompê-lo?""  Mais um absurdo cometido por medo do regime sionista que vem devastando as democracias ao redor do mundo.   Até quando as potências vão assistir caladas? 🇵🇸✊",4319,129,,,,False,1080,1350,2026-05-18 21:28:49
3857023503307949053,DWG5nDdAMP9,https://www.instagram.com/p/DWG5nDdAMP9/,2026-03-20 13:25:17,video,clips,fepal_brasil,Federação Árabe Palestina,False,"AÇÃO DIRETA: Grupo de ativistas invade e ateia fogo em fábrica de armas israelense na República Tcheca.  Ativistas de grupo internacional ""Earthquake Faction"" invadiram e colocaram fogo no ""Centro de Excelência"" da Elbit Systems, maior fabricante de armas israelense, em Pardubice, República Tcheca. Local é considerado epicentro da política de expansão da indústria de armamentos de ""israel"" na Europa e é (era) usado para desenvolver armas que exterminam palestinos, libaneses, iranianos e demais povos no Oriente Médio e no mundo. Inclusive no Brasil.",67053,2590,,,True,False,720,1280,2026-05-18 21:28:49
3856994825752575168,DWGzFvZgHzA,https://www.instagram.com/p/DWGzFvZgHzA/,2026-03-20 12:34:22,video,clips,fepal_brasil,Federação Árabe Palestina,False,"""israel"" ataca palestinos e os impede de celebrar encerramento do Ramadã na Mesquita de Al-Aqsa, Jerusalém Ocupada. Fiéis realizam orações do Eid Al-Fitr nas ruas da cidade.",8653,1352,,,True,False,720,1280,2026-05-18 21:28:49
3856574778413030055,DWFTlP1Chqn,https://www.instagram.com/p/DWFTlP1Chqn/,2026-03-19 22:34:16,video,clips,mansur.peixoto,História Islâmica,False,"Preso por Israel, torturado e cegado — e depois difamado. Conheça a história de Mahmoud Abu Foul, amputado arrancado de hospital em Gaza que perdeu a visão após dias algemado, enquanto apoiadores de Israel tentaram desmentir seu relato.  Referências:  ABO MARQ, Wesam. Israeli Trolls Spread Doctored Image of Ex-Palestinian Prisoner to Avoid Accountability. Misbar, 2025.  ALI, Faisal. Palestinian detainee relays how torture in Israeli prison made him blind. Al Jazeera, 18 out. 2025.  DONNISON, Jon. Palestinians tell BBC they were sexually abused in Israeli prisons. BBC, 19 dez. 2025.  JABAKHANJI, Sara. Palestinian man says he wishes he could see family, Gaza after losing eyesight in prison. CBC News, 25 out. 2025.  #historiaislamica #palestina #israel #gaza #noticias",1502,96,,,True,False,720,1280,2026-05-18 21:28:51
3856438106815237628,DWE0gafAI38,https://www.instagram.com/p/DWE0gafAI38/,2026-03-19 18:02:14,video,clips,fepal_brasil,Federação Árabe Palestina,False,Israelense relata pânico com ataques iranianos atingindo Tel Aviv e um detalhe curioso chama atenção ao fundo.,12708,3799,,,True,False,720,1280,2026-05-18 21:28:51
3856375221774742575,DWEmNUOgHQv,https://www.instagram.com/p/DWEmNUOgHQv/,2026-03-19 15:56:51,video,clips,fepal_brasil,Federação Árabe Palestina,False,"Irã bombardeia principal refinaria israelense em retaliação aos ataques de ""israel"" contra sua infraestrutura energética. Ataque pode provocar colapso energético no ""país"".  A refinaria de Bazan, Haifa, Palestina Histórica, é a maior e mais importante de ""israel"", respondendo por cerca 50% a 60% do combustível no ""país"". A refinaria processa quase 200 mil barris por dia, sendo a principal matriz de combustível para transporte, aviação e uso militar israelense.  História em desenvolvimento.",4581,406,,,True,False,720,1280,2026-05-18 21:28:51
3856313784868034475,DWEYPSpgFer,https://www.instagram.com/p/DWEYPSpgFer/,2026-03-19 13:55:29,video,clips,fepal_brasil,Federação Árabe Palestina,False,"Vídeo mostra o momento em que ""israel"" bombardeia o jornalista britânico Steve Sweeney, correspondente internacional da RT, e o cameraman Ali Rida no sul do Líbano.",6132,256,,,True,False,720,1280,2026-05-18 21:28:51
3855819230700142168,DWCnylMAH5Y,https://www.instagram.com/p/DWCnylMAH5Y/,2026-03-18 21:32:15,video,clips,fepal_brasil,Federação Árabe Palestina,False,Israelenses se filmam roubando roupa íntima e vandalizando casa de mulher libanesa morta ou desabrigada em invasão ao Líbano.,10416,2614,,,True,False,720,1280,2026-05-18 21:28:51
3855667202606760119,DWCFOR_gAC3,https://www.instagram.com/p/DWCFOR_gAC3/,2026-03-18 16:30:01,video,clips,fepal_brasil,Federação Árabe Palestina,False,"Em pesquisa de rua, israelense ""de centro"" pede uso de bomba atômica para eliminar palestinos: ""Um bom árabe é um árabe morto""",7223,1829,,,True,False,720,1280,2026-05-18 21:28:51
3855137800626148373,DWAM2d-gJQV,https://www.instagram.com/p/DWAM2d-gJQV/,2026-03-17 22:58:15,video,clips,fepal_brasil,Federação Árabe Palestina,False,"Mísseis iranianos atingem Tel Aviv em 60ª onda de retaliação contra ""israel"". Relatos iniciais de ao menos 15 impactos registrados.",9611,643,,,True,False,720,1280,2026-05-18 21:28:51
3855069048459023690,DV_9N_iANVK,https://www.instagram.com/p/DV_9N_iANVK/,2026-03-17 20:42:01,video,clips,fepal_brasil,Federação Árabe Palestina,False,"Idosa libanesa salva 40 gatos de ataques israelenses: ""Não me importo com meus pertences, apenas em salvar essas almas""  Deslocada à força pelos israelenses em Beirute, um crime de guerra e de lesa-humanidade, idosa libanesa Diana Abada retornou diversas vezes para casa sob bombardeios israelenses para salvar seus 40 gatos.  Ela relata a dificuldade de levar todos os gatos, a única coisa que trouxe de casa além da própria roupa do corpo: ""Digo a eles para terem paciência, em breve voltaremos para nossa casa"".",33881,1312,,,True,False,720,1280,2026-05-18 21:28:51
3854974439590516421,DV_ntQKANbF,https://www.instagram.com/p/DV_ntQKANbF/,2026-03-17 17:33:08,photo,feed,fepal_brasil,Federação Árabe Palestina,False,"Diretor de Contraterrorismo dos EUA renuncia em protesto contra agressão ao Irã: ""Guerra começou por pressão de Israel e seu poderoso lobby""  Em carta endereçada a Trump, Joseph Kent renunciou ao cargo afirmando que não pode ""em sã consciência"" apoiar a agressão de ""israel"" e EUA contra o Irã. Ele afirmou ainda que o Irã não representava nenhum risco iminente aos EUA e que a guerra começou por ""pressão de Israel e seu poderoso lobby"" no país.",3000,83,,,,False,1440,1800,2026-05-18 21:28:51
3854929265409655549,DV_db4bAAL9,https://www.instagram.com/p/DV_db4bAAL9/,2026-03-17 16:03:44,video,clips,pgmfaixalivre,𝗙𝗔𝗜𝗫𝗔 𝗟𝗜𝗩𝗥𝗘,False,Confira a participação de Ualid Rabah no Faixa Livre! #faixalivre #politica #Trump #Lula #israel #Irã,632,23,,,True,False,720,1280,2026-05-18 21:28:51
3854379030153298280,DV9gU56AIFo,https://www.instagram.com/p/DV9gU56AIFo/,2026-03-16 21:54:36,video,clips,fepal_brasil,Federação Árabe Palestina,False,"Sionistas ameaçam moradores e ativistas de Itacaré após ato pró-Palestina.  Morador e ativista @sony_carvalhoo relata ameaças de locais ""pró-israel"" que lucram com ""turismo"" de criminosos de guerra israelenses na cidade, com casos de violência registrados contra cidadãos brasileiros.  Os sionistas agora em férias no Brasil para ""descansar"" do genocídio em Gaza trouxeram para cá seu racismo e sua violência, ao ponto de ativistas pró-Palestina sofrerem ameaças às suas vidas apenas por denunciarem o genocídio palestino.  Autoridades brasileiras devem tomar providências para garantir a segurança da sociedade brasileira frente à presença de partícipes do extermínio de palestinos que trazem ao país a ideologia e a prática genocidária sionista.",64948,6211,,,True,False,720,1280,2026-05-18 21:28:51
3854276914713733995,DV9JG7fgCtr,https://www.instagram.com/p/DV9JG7fgCtr/,2026-03-16 18:27:48,video,clips,fepal_brasil,Federação Árabe Palestina,False,"""EUA e Israel agora sabem com quem estão lidando. Com uma nação que não vai hesitar em se defender""  Ministro das Relações Exteriores do Irã, Abbas Araghchi, afirma que guerra só termina com garantia de que ""israel"" e EUA nunca repetirão ataques ao país.",31352,2069,,,True,False,720,1280,2026-05-18 21:28:51
3854217000784010456,DV87fETAJzY,https://www.instagram.com/p/DV87fETAJzY/,2026-03-16 16:29:05,video,clips,fepal_brasil,Federação Árabe Palestina,False,"""Somos idiotas e incompetentes! Começamos uma guerra que não temos como vencer!""  Cientista político e professor da Universidade de Chigado, John Mearsheimer, afirma que os EUA não estão vencendo guerra contra o Irã e detona estratégia do país: ""mostra que somos um bando de idiotas e incompetentes""",16736,477,,,True,False,720,1280,2026-05-18 21:28:55
3854161884651512154,DV8u9BZgOFa,https://www.instagram.com/p/DV8u9BZgOFa/,2026-03-16 14:39:25,video,clips,fepal_brasil,Federação Árabe Palestina,False,"Atriz judia antissionista Hannah Einbinder celebra apelo por Palestina Livre 🇵🇸 de Javier Bardem no palco do Oscar e ironiza silêncio de Hollywood sobre genocídio palestino: ""Não estou surpresa que ninguém falou nada""  Einbinder venceu o Emmy em 2025 e também gritou Palestina Livre 🇵🇸 ao receber o prêmio.",16080,229,,,True,False,720,1280,2026-05-18 21:28:55
3853787223304447545,DV7Zw-1ACY5,https://www.instagram.com/p/DV7Zw-1ACY5/,2026-03-16 02:14:41,video,clips,fepal_brasil,Federação Árabe Palestina,False,"Javier Bardem no Oscar: ""Não à Guerra e Palestina Livre 🇵🇸""",24234,642,,,True,False,720,1280,2026-05-18 21:28:55
3853754157936701695,DV7SP0TgHD_,https://www.instagram.com/p/DV7SP0TgHD_/,2026-03-16 01:09:28,video,clips,fepal_brasil,Federação Árabe Palestina,False,"No Oscar, Javier Bardem reedita protesto histórico anti-guerra de 2003 e homenageia povo palestino.  Usando o mesmo broche que usou em 2003 contra a Guerra no Iraque, o ator espanhol Javier Bardem protestou contra a ""guerra ilegal de Netanyahu e Trump"" contra o Irã.  Javier usa também um segundo broche com símbolo icônico do povo e da resistência palestina, o menino Handala, desenhado pelo refugiado e cartunista palestino Naji al-Ali, assassinado em 1987 em caso atribuído aos israelenses.",35952,534,,,True,False,720,1280,2026-05-18 21:28:55
3853723310382707666,DV7LO7SAPPS,https://www.instagram.com/p/DV7LO7SAPPS/,2026-03-16 00:08:03,video,clips,fepal_brasil,Federação Árabe Palestina,False,"""A vitória para nós é justiça por Hind Rajab. Nossas lutas estão conectadas, assim como a nossa libertação""  No tapate vermelho do Oscar, atriz palestina Saja Kilani, do filme A Voz de Hind Rajab, celebra o projeto de lei recém-pautado nos EUA exigindo investigação e punição pelo assassinato da menina palestina cuja história é narrada no filme e batiza o projeto de lei.   Hind Rajab foi assassinada com 355 tiros pelos israelenses em Gaza e o filme disputa o Oscar de Melhor Filme Estrangeiro.",5709,89,,,True,False,720,1280,2026-05-18 21:28:55
3853677363099392939,DV7AyTigNur,https://www.instagram.com/p/DV7AyTigNur/,2026-03-15 22:36:43,video,clips,fepal_brasil,Federação Árabe Palestina,False,"""Meu ator principal foi banido do Oscar por ser palestino"", denuncia diretora de A Voz de Hind Rajab.  No tapete vermelho do Oscar, cineasta Kaouther Ben Hania denuncia ausência do ator Motaz Malhees, protagonista do filme, banido dos EUA por ser palestino.  A Voz de Hind Rajab narra a história da menina palestina assassinada com 355 tiros pelos israelenses enquanto pedia socorro em Gaza e disputa o Oscar de Melhor Filme Estrangeiro.",17887,203,,,True,False,720,1280,2026-05-18 21:28:56
3853514478226248084,DV6bwBLgBGU,https://www.instagram.com/p/DV6bwBLgBGU/,2026-03-15 17:13:14,video,clips,fepal_brasil,Federação Árabe Palestina,False,"""Matamos cachorros"": Soldados israelenses massacram família palestina fuzilando carro na Cisjordânia Ocupada; vítimas foram assassinadas com tiros na cabeça.  Israelenses assassinaram nessa madrugada, 15, um casal palestino e dois filhos enquanto dirigiam na Cisjordânia Ocupada.  Ali Khaled Bani Odeh, de 37 anos, sua esposa Waad, de 35 anos, e dois de seus filhos – Mohammad e Othman, de cinco e sete anos, respectivamente – foram baleados na cabeça no vilarejo de Tammun. Outros dois filhos do casal ficaram feridos por estilhaços.  Khaled, de 12 anos, um dos dois meninos sobreviventes, declarou à Reuters no hospital:   “Fomos alvejados diretamente; não sabíamos a origem dos disparos. Todos no carro foram martirizados, exceto meu irmão Mustafa e eu”.  Ele afirmou que os soldados, que o retiraram à força do veículo antes de o espancarem, gritaram: ""Matamos cachorros"".",9418,932,,,True,False,720,1280,2026-05-18 21:28:56
3852912335137114566,DV4S1rukYnG,https://www.instagram.com/p/DV4S1rukYnG/,2026-03-14 21:16:57,video,clips,hispantv_brasil,HispanTV Brasil | Português,False,"DIA INTERNACIONAL DE AL QUDS EM SÃO PAULO - Militantes e organizações de diferentes movimentos sociais se reuniram na ALESP em São Paulo para marcar o Dia Internacional de Al Quds, reafirmando apoio à causa palestina e a luta iraniana contra a guerra provocada pelos EUA e Israel.  Se sai na @HispanTVBrasil é verdade",1094,58,,,True,False,720,1280,2026-05-18 21:28:56
3852866014811265587,DV4ITokABoz,https://www.instagram.com/p/DV4ITokABoz/,2026-03-14 19:44:56,video,clips,fepal_brasil,Federação Árabe Palestina,False,Israelense é preso na Bahia por agredir ativistas em ato pró-Palestina em Itacaré.,28086,4039,,,True,False,720,1280,2026-05-18 21:28:56
3852781226142227188,DV31By9gFr0,https://www.instagram.com/p/DV31By9gFr0/,2026-03-14 16:56:49,video,clips,fepal_brasil,Federação Árabe Palestina,False,Israelenses tentam agredir ativistas e são expulsos de ato pró-Palestina em Itacaré  Vídeos: @/O_Papo_,47489,5841,,,True,False,720,1280,2026-05-18 21:28:56
3852733627821493342,DV3qNJkgIxe,https://www.instagram.com/p/DV3qNJkgIxe/,2026-03-14 15:21:52,video,clips,fepal_brasil,Federação Árabe Palestina,False,"Refugiado sírio de 16 anos narra o assassinato da família por ""israel"" no Líbano: ""Vi meu pai em pedaços. Queria que eu tivesse morrido, que eu não tivesse que ver meu pai daquele jeito""",13254,1357,,,True,False,720,1280,2026-05-18 21:28:56
3852299765039499418,DV2HjnXgAia,https://www.instagram.com/p/DV2HjnXgAia/,2026-03-14 00:59:40,video,clips,fepal_brasil,Federação Árabe Palestina,False,"Irã bombardeia base dos EUA no Bahrein de onde partiram ataques contra o país.  A retaliação iraniana ocorre após o The New York Times confirmar hoje que os EUA lançaram ataques contra o Irã a partir de território do Bahrein.  O Irã tem atacado repetidamente base militares dos EUA no Bahrein com ondas de mísseis e drones, em especial o quartel-general da Quinta Frota da Marinha dos EUA.  🗞 Com informações de The New York Times e Drop Site News",13266,585,,,True,False,720,1280,2026-05-18 21:28:56
3852212135576793996,DV1zocEgPOM,https://www.instagram.com/p/DV1zocEgPOM/,2026-03-13 22:05:33,video,clips,fepal_brasil,Federação Árabe Palestina,False,"Míssil iraniano atinge sul de ""israel"". Alvo seria base aérea israelense de Nevatim, no deserto do Naqab (Negev), sul da Palestina Histórica.",2088,157,,,True,False,720,1280,2026-05-18 21:28:58
3852140727005894045,DV1jZTqAFWd,https://www.instagram.com/p/DV1jZTqAFWd/,2026-03-13 19:44:05,video,clips,fepal_brasil,Federação Árabe Palestina,False,"Secretário de Defesa dos EUA afirma que líderes do Irã ""se escondem feito ratos"".  Diversas autoridades iranianas saíram às ruas hoje, incluindo o Presidente do Irã e o Secretário do Conselho de Segurança do Irã, Ali Larijani, que debochou da fala de Hegseth: ""Estamos e sempre estivemos entre o povo. Seus líderes estão na ilha de Epstein"".",12742,678,,,True,False,720,1280,2026-05-18 21:28:58
3852079130304584590,DV1VY9QgBuO,https://www.instagram.com/p/DV1VY9QgBuO/,2026-03-13 17:41:28,video,clips,fepal_brasil,Federação Árabe Palestina,False,"Ferido, pai libanês Mohammad Taqi relata o assassinato de praticamente toda sua família por ""israel"" no Líbano. Ele teve as quatro filhas assassinadas, além do pai e da mãe.",13971,1565,,,True,False,720,1280,2026-05-18 21:28:58
3852004156382422081,DV1EV8WgKRB,https://www.instagram.com/p/DV1EV8WgKRB/,2026-03-13 15:12:37,video,clips,fepal_brasil,Federação Árabe Palestina,False,"Iranianos desafiam ""israel""-EUA e tomam as ruas em solidariedade à Palestina em meio aos bombardeios.  Multidão de iranianos saem as ruas no Dia de Al-Quds [Jerusalém], tradicional ato em solidariedade à Palestina. É possível ver os bombardeios de ""israel""-EUA em meio à manifestação. Os iranianos não se abalam e gritam ""Morte a Israel e Morte aos EUA"".",7907,300,,,True,False,720,1280,2026-05-18 21:28:58
3851939212618115969,DV01k4wgCuB,https://www.instagram.com/p/DV01k4wgCuB/,2026-03-13 13:16:48,video,clips,fepal_brasil,Federação Árabe Palestina,False,"Vídeos inéditos divulgados pelo ex-militar britânico David McIntosh mostram soldados israelenses fuzilando palestinos famintos em ""distribuição de comida"" em Gaza.  McIntosh, ex-comandante da Marinha britânica, atuou como mercenário na ""Fundação Humanitária de Gaza"", empresa fantasma gerida por ""israel"" e EUA para exterminar palestinos famintos em Gaza. Mais de 3 mil palestinos foram assassinados a tiros pelos israelenses nos centros de ""distribuição de comida"" operados por ""israel"" e EUA.",60057,6136,,,True,False,720,1280,2026-05-18 21:28:58
3851343908718014306,DVyuOEzAG9i,https://www.instagram.com/p/DVyuOEzAG9i/,2026-03-12 17:21:10,video,clips,fepal_brasil,Federação Árabe Palestina,False,"O exército israelense anunciou que está retirando acusação contra 5 soldados israelenses filmados estuprando refém palestino.  O caso escandaloso ocorreu em 5 de julho de 2024 no infame campo de tortura de Sde Teiman e foi filmado pelas câmeras de segurança. O refém palestino foi sodomizado com uma faca e foi internado com lesões no tórax e abdômen, além de costelas quebradas.  Os soldados estupradores se tornaram celebridades na sociedade israelense e a procuradora-militar do exército de ""israel"" responsável por dar publicidade ao caso foi perseguida e presa pelo governo israelense.",10829,1384,,,True,False,720,1280,2026-05-18 21:28:58
3851262276514394943,DVybqK4gLM_,https://www.instagram.com/p/DVybqK4gLM_/,2026-03-12 14:38:24,video,clips,fepal_brasil,Federação Árabe Palestina,False,"Mãe iraniana consola filho em meio aos bombardeios de ""israel""-EUA: ""Estou aqui com você e você está comigo""  Vídeo: @mozhpsyc",6809,411,,,True,False,720,1280,2026-05-18 21:28:58
3850691553450280570,DVwZ5DnAEZ6,https://www.instagram.com/p/DVwZ5DnAEZ6/,2026-03-11 19:44:49,video,clips,fepal_brasil,Federação Árabe Palestina,False,"CONTEÚDO JORNALÍSTICO: Ataque massivo com mais de 100 foguetes vindos do Líbano contra ""israel"" com impactos registrados no norte da Palestina Histórica.",14916,764,,,True,False,720,1280,2026-05-18 21:28:58
3850528802895600875,DVv04uWAJzr,https://www.instagram.com/p/DVv04uWAJzr/,2026-03-11 14:22:25,video,clips,fepal_brasil,Federação Árabe Palestina,False,"Guerra só termina com capitulação de EUA-""israel"" e nos termos do Irã, diz professor iraniano.  Professor Seyed Mohammad Marandi afirma que o Irã não aceitará mais o status quo no Oriente Médio e que iranianos estão dispostos a continuar a guerra até a capitulação de ""israel""-EUA e ""mudança no equilíbrio de poder"" na região.",17854,999,,,True,False,720,1280,2026-05-18 21:28:58
3850120989232857668,DVuYKQRgAJE,https://www.instagram.com/p/DVuYKQRgAJE/,2026-03-11 00:50:35,video,clips,fepal_brasil,Federação Árabe Palestina,False,Mísseis do Irã sobrevoam céu da Palestina Histórica em 37ª onda de retaliação iraniana com impactos registrados em Tel Aviv.,13785,696,,,True,False,720,1280,2026-05-18 21:28:58
3849973606516905590,DVt2pjbEdZ2,https://www.instagram.com/p/DVt2pjbEdZ2/,2026-03-10 19:57:20,carousel,carousel_container,palestylestore,Palestyle | Palestine Style,False,"A Palestyle Store, em parceria com a ONG Refúgio Brasil (@refugiobrasil.ong ), lança a Camiseta Solidária Free Palestine — uma iniciativa que conecta consumo consciente e apoio humanitário. Ao adquirir a camiseta, você contribui diretamente para o acolhimento de refugiados palestinos vindos da Faixa de Gaza que hoje recebem suporte da ONG no Brasil. Ao mesmo tempo, ajuda a levar assistência a famílias que continuam enfrentando as consequências da guerra e da devastação em Gaza.  Todo o lucro obtido com as vendas será destinado integralmente à Refúgio Brasil, fortalecendo ações de acolhimento, assistência social e apoio humanitário a refugiados.  A camiseta carrega ainda um significado especial: ela é produzida por refugiados palestinos que reconstruíram suas vidas no Brasil. A partir da produção e venda das peças, eles conseguem enviar recursos para suas famílias que permanecem nos acampamentos em Gaza.  Saiba mais sobre o trabalho da ONG em www.refugiobrasil.org.  Garanta a sua em palestylestore.com. ✊🏻🇵🇸",3,0,,,,False,1080,1350,2026-05-18 21:28:58
3849954588375412391,DVtyUzZgG6n,https://www.instagram.com/p/DVtyUzZgG6n/,2026-03-10 19:20:34,video,clips,fepal_brasil,Federação Árabe Palestina,False,"“Qualquer regime que precise de mudança, incluindo os EUA, Israel e o nosso [Índia], precisa ser mudado pelo povo, não por alguma potência imperial inchada, mentirosa, trapaceira, gananciosa, usurpadora de recursos e bombardeadora, e seus aliados, que estão tentando intimidar o mundo inteiro para subjugá-lo.”  Aclamada escritora indiana Arundhati Roy e um discurso histórico sobre a agressão genocida ""israel""-EUA contra o Irã.",13473,447,,,True,False,720,1280,2026-05-18 21:28:58
3849915223574102349,DVtpX-EgMFN,https://www.instagram.com/p/DVtpX-EgMFN/,2026-03-10 18:01:56,video,clips,fepal_brasil,Federação Árabe Palestina,False,"""Os adversários que enfrentamos na luta pela Palestina são mesmos que estão destruíndo as bases de nossa sobrevivência coletiva. A solidariedade com a Palestina nos ensina a lutar pela vida na Terra"" — Sally Rooney.",1880,38,,,True,False,720,1280,2026-05-18 21:29:00
3849856266155377847,DVtb-BsgMS3,https://www.instagram.com/p/DVtb-BsgMS3/,2026-03-10 16:05:12,video,clips,ualidrabah,Ualid Rabah,False,EUA já declararam a Terceira Guerra Mundial e o Brasil é alvo.  Comento o tema em entrevista ao @brasil_247,94299,4478,,,True,False,720,1280,2026-05-18 21:29:00
3849817806468062411,DVtTOXUgJzL,https://www.instagram.com/p/DVtTOXUgJzL/,2026-03-10 14:48:50,video,clips,fepal_brasil,Federação Árabe Palestina,False,"Ao som dos bombardeios de EUA-""israel"", multidão de iranianos tomam as ruas de Teerã: ""Não vamos nos render! Morte aos EUA e a Israel!""",77723,4566,,,True,False,720,1280,2026-05-18 21:29:00
3849312935144130400,DVrgbhQlQdg,https://www.instagram.com/p/DVrgbhQlQdg/,2026-03-09 22:04:41,carousel,carousel_container,fepal_brasil,Federação Árabe Palestina,False,"Como o feminismo israelense é usado para justificar guerras genocidas  Pilotas de caça estão agora sendo celebradas por seu papel na destruição do Irã (e no massacre de mulheres iranianas), enquanto palestinas em Gaza lutam para sobreviver ao genocídio israelense.  Leia a reportagem de Lubna Masarwa e Maha Hussaini no site da Fepal.",6544,412,,,,False,1080,1346,2026-05-18 21:29:00
3849304330427443339,DVreeTfgCiL,https://www.instagram.com/p/DVreeTfgCiL/,2026-03-09 21:49:16,video,clips,fepal_brasil,Federação Árabe Palestina,False,"Filha se despede da mãe, jornalista palestina assassinada por ""israel"" no Dia da Mulher em Gaza  ""israel"" assassinou a jornalista palestina Amal Hamad Al-Shamali, 46 anos, correspondente da Radio Qatar, em bombardeio contra tendas de refugiados em Al-Zawayda, Gaza, 8 de março de 2026.",21096,2094,,,True,False,720,1280,2026-05-18 21:29:00
3849253826234198266,DVrS_XzAKj6,https://www.instagram.com/p/DVrS_XzAKj6/,2026-03-09 20:07:50,video,clips,fepal_brasil,Federação Árabe Palestina,False,"""israel"" mata padre em bombardeio duplo no sul do Líbano: ""Não temos armas, apenas orações e bondade para defender nossas casas""  O padre Pierre Al Rahi foi assassinado pelos israelenses em um bombardeio duplo no vilarejo de Al-Qlayaa. Ele acudia vítimas do primeiro ataque quando foi alvejado pelos israelenses em segundo bombardeio.  Alguns dias antes, o padre convocou a comunidade a permanecer e defender suas casas da invasão israelense.",13488,673,,,True,False,720,1280,2026-05-18 21:29:00
3849172995310410806,DVrAnIIgNw2,https://www.instagram.com/p/DVrAnIIgNw2/,2026-03-09 17:27:10,video,clips,fepal_brasil,Federação Árabe Palestina,False,"Novo vídeo prova que ataque contra escola que matou mais de 160 meninas iranianas foi feito pelos Estados Unidos.  No vídeo, é possível ver o míssil US Tomahawk, usado pelos Estados Unidos. O Irã não possui tal armamento e nem mesmo os israelenses dispõe de mísseis Tomahawk em seu arsenal.  O vídeo foi verificado por diversas agências de notícias, incluindo a BBC, que confirmou a autenticidade da imagem e consultou especialistas que afirmaram se tratar do míssil Tomahawk.  Análises forenses publicadas por CNN e The New York Times também atribuem autoria do ataque aos EUA.",19572,658,,,True,False,720,1280,2026-05-18 21:29:00
3849157935326339470,DVq9L-bgKGO,https://www.instagram.com/p/DVq9L-bgKGO/,2026-03-09 16:57:10,video,clips,fepal_brasil,Federação Árabe Palestina,False,"""israel"" assassinou a jornalista palestina Amal Hamad Al-Shamali, 46 anos, correspondente da Radio Qatar, em bombardeio contra tendas de refugiados em Al-Zawayda, Gaza.",3587,237,,,True,False,720,1280,2026-05-18 21:29:00
3849095711702432051,DVqvCgKgLkz,https://www.instagram.com/p/DVqvCgKgLkz/,2026-03-09 14:54:25,video,clips,fepal_brasil,Federação Árabe Palestina,False,"Sionista assedia ativistas pró-Palestina em ato na França e finge ser atacado para incriminar membros do coletivo ""Amis de La Palestine"".  Vídeo: @amisdelapalestine06",31539,4762,,,True,False,720,1280,2026-05-18 21:29:00
3848651616823598493,DVpKEElAN2d,https://www.instagram.com/p/DVpKEElAN2d/,2026-03-09 00:11:46,video,clips,fepal_brasil,Federação Árabe Palestina,False,Mísseis iranianos sobrevoam céu da Palestina Histórica com impactos registrados em Tel Aviv. É possível ver um míssil desviando de oito interceptadores israelenses e atingindo alvo.,26881,845,,,True,False,720,1280,2026-05-18 21:29:00
3848573222195714072,DVo4PR5DlgY,https://www.instagram.com/p/DVo4PR5DlgY/,2026-03-08 21:35:01,carousel,carousel_container,caligraferdz,Ferdsz,False,"Neste Grafiti, celebramos a força de Leila Khaled, uma mulher palestina que desafiou o mundo como guerrilheira.  Ela nos lembra que o poder feminino é essencial: as mulheres são a base das sociedades, as guardiãs do futuro. Todos viemos de uma mulher; é nosso dever respeitar, proteger e honrar cada uma delas. Enquanto o conflito na Palestina se aprofunda, o mundo se enche de violência, e as mulheres são as primeiras a sofrer. Que possamos olhar para elas com admiração, respeito e, acima de tudo, com amor e cuidado. Porque o futuro se constrói com a força e a coragem das nossas mulheres.",1406,63,,,,False,1200,1598,2026-05-18 21:29:00
3848360475939088417,DVoH3agAKgh,https://www.instagram.com/p/DVoH3agAKgh/,2026-03-08 14:34:24,video,clips,fepal_brasil,Federação Árabe Palestina,False,"Chuva tóxica e imagens apocalípticas em Teerã, capital iraniana, após ataque de ""israel"" e EUA contra depósitos de petróleo e infraestrutura energética do Irã.",3905,307,,,True,False,720,1280,2026-05-18 21:29:00
3847914347980442248,DVmibZdgMqI,https://www.instagram.com/p/DVmibZdgMqI/,2026-03-07 23:47:13,video,clips,fepal_brasil,Federação Árabe Palestina,False,"Usando um boné de baseball, Trump recebe corpos de soldados dos EUA mortos na agressão ""israel""-EUA contra o Irã.",5249,1197,,,True,False,720,1280,2026-05-18 21:29:03
3847883952983428931,DVmbhF6gM9D,https://www.instagram.com/p/DVmbhF6gM9D/,2026-03-07 22:46:28,video,clips,fepal_brasil,Federação Árabe Palestina,False,"""israel""-EUA bombardeiam infraestrutura energética do Irã em escalada perigosa.  Imagens apocalípticas mostram o resultado de bombardeios de ""israel""-EUA em depósito de petróleo de Aqdasiyeh, região de Teerã.  O ataque à infraestrutura energética marca uma nova fase da agressão genocida ""israel""-EUA contra o Irã. Oficiais israelenses falam abertamente sobre atacar setor energético do Irã com objetivo de colapsar economia e sociedade iraniana. A tese foi defendida inclusive pelo líder da ""oposição"" em ""israel"", Yair Lapid.",6875,604,,,True,False,720,1280,2026-05-18 21:29:03
3847835942840738456,DVmQmc_AKKY,https://www.instagram.com/p/DVmQmc_AKKY/,2026-03-07 21:11:09,video,clips,fepal_brasil,Federação Árabe Palestina,False,"Mísseis iranianos e vindos do Líbano duelam com ""Domo de Ferro"" israelense nos céus da Palestina Histórica. Impactos registrados.",8400,498,,,True,False,720,1280,2026-05-18 21:29:03
3847672249758791212,DVlrYZ7ADYs,https://www.instagram.com/p/DVlrYZ7ADYs/,2026-03-07 15:46:34,video,clips,fepal_brasil,Federação Árabe Palestina,False,"APARTHEID: Jornalista relata segregação contra árabes em abrigos antiaéreos israelenses e emissora é coagida a ""desmentir"" informação.  Correspondente da TV espanhola em Haifa, Laura de Chiclano, relata que árabes são impedidos de entrar ou expulsos de abrigos antiaéreos em ""israel"", parte da cultura racista e supremacista sionista. Minutos depois, a emissora recebe uma mensagem da ""comunidade judaica"" para ""desmentir"" a jornalista.",11577,399,,,True,False,720,1280,2026-05-18 21:29:03
3847037223241270752,DVja_jZAEXg,https://www.instagram.com/p/DVja_jZAEXg/,2026-03-06 18:43:25,video,clips,fepal_brasil,Federação Árabe Palestina,False,"Câmeras de segurança mostram o momento em que ""israel""-EUA executam bombardeio próximo à escola no Irã.",10223,649,,,True,False,720,1280,2026-05-18 21:29:03
3847029161848654040,DVjZKPojsjY,https://www.instagram.com/p/DVjZKPojsjY/,2026-03-06 18:31:28,photo,feed,hardcorecontraofascismo,Hardcore Contra o Fascismo,False,"Nosso próximo palestrante será o grande Ualid Rabah, presidente da FEPAL - Federação Árabe Palestina do Brasil.    Fundada em 1979, com mais de 200 mil imigrantes e descendentes, presente em mais de 100 cidades brasileiras, a FEPAL é a entidade representante da comunidade palestina no Brasil.  A FEPAL defende o reconhecimento de um Estado Palestino soberano e independente, com Jerusalém sua capital, o direito de retorno dos refugiados às suas terras, e adota, como princípios, as defesas da democracia, da liberdade e da igualdade.    O tema da palestra será: “Palestina: da maior limpeza étnica da história ao genocídio televisionado em Gaza”.    Instagram: @ualidrabah e @fepal_brasil  Site: https://fepal.com.br/    Hardcore Contra o Fascismo: domingo, dia 22/03/2026. Compareça! Ajude na divulgação compartilhando esse post.    #hardcorecontraofascismo #hardcorecontraofascismo2026 #hccf #hccf2026 #hccf2026sp",529,46,,,,False,1347,1679,2026-05-18 21:29:03
3846836523605474595,DVitW_SgL0j,https://www.instagram.com/p/DVitW_SgL0j/,2026-03-06 12:05:34,video,clips,fepal_brasil,Federação Árabe Palestina,False,"""O primeiro alvo de Israel e EUA foi uma escola assassinando 160 meninas iranianas. É assim que se defende os direitos das mulheres?""  Parlamentar espanhola Manuela Bergerot critica a instrumentalização da pauta sobre direitos das mulheres para justificar guerra contra o Irã: ""Me oponho aos ataques de Israel e EUA porque sou feminista""",33719,610,,,True,False,720,1280,2026-05-18 21:29:03
3846443109634297246,DVhT6D-gE2e,https://www.instagram.com/p/DVhT6D-gE2e/,2026-03-05 23:03:02,video,clips,fepal_brasil,Federação Árabe Palestina,False,"Pastores evangélicos visitam Trump na Casa Branca e rezam para que ""Deus dê força"" ao presidente dos EUA em meio à guerra contra o Irã.",8919,8435,,,True,False,720,1280,2026-05-18 21:29:03
3846407494213580860,DVhLzyiADg8,https://www.instagram.com/p/DVhLzyiADg8/,2026-03-05 21:52:17,video,clips,fepal_brasil,Federação Árabe Palestina,False,"Mísseis iranianos atingem Tel Aviv e outras áreas na região central de ""israel"" em nova onda da retaliação do Irã.",13009,755,,,True,False,720,1280,2026-05-18 21:29:03
3846311155714766487,DVg154UADaX,https://www.instagram.com/p/DVg154UADaX/,2026-03-05 18:41:21,video,clips,fepal_brasil,Federação Árabe Palestina,False,"— Você tem medo de uma invasão terrestre dos EUA no Irã?  — Não, estamos esperando por eles  Na TV dos EUA, ministro das Relações Exteriores do Irã, Abbas Araghchi, diz não ter medo de invasão terrestre dos EUA e afirma que tal ação seria um ""desastre"" para os estadunidenses.",22166,1543,,,True,False,720,1280,2026-05-18 21:29:03
3846201851078798013,DVgdDScAGq9,https://www.instagram.com/p/DVgdDScAGq9/,2026-03-05 15:03:51,video,clips,fepal_brasil,Federação Árabe Palestina,False,"Ministro israelense promete aniquilar capital libanesa: ""Beirute vai ficar igual a Gaza""  ""israel"" ordenou a evacuação integral de Dahiyeh, subúrbio de Beirute e mais densamente povoada região da capital libanesa. Em vídeo gravado na fronteira com o Líbano, o ministro das Finanças israelense e colono judeu supremacista, Bezalel Smotrich, afirma que Dahiyeh ""ficará igual a Khan Younis"", se referindo à cidade no sul de Gaza.",3746,1078,,,True,False,720,1280,2026-05-18 21:29:03
3846132024381328158,DVgNLLQgMse,https://www.instagram.com/p/DVgNLLQgMse/,2026-03-05 12:46:06,video,clips,fepal_brasil,Federação Árabe Palestina,False,"Proeminente televangelista dos EUA e Conselheira Espiritual de Trump, Paula White-Cain faz ""pregação"" genocida: ""Bombardeie até a vitória""  Sionista cristã e defensora do ""Evangelho da Prosperidade"", que afirma que a riqueza é uma dádiva divina, alcançada através das doações feitas ao ministério pastoral, White-Cain ocupa cargo de Conselheira Sênior no ""Gabinete da Fé"" na Casa Branca, função que já havia desempenhado no primeiro governo Trump.",24316,12593,,,True,False,720,1280,2026-05-18 21:29:03
3845722571668462818,DVewE2tABzi,https://www.instagram.com/p/DVewE2tABzi/,2026-03-04 23:11:34,video,clips,fepal_brasil,Federação Árabe Palestina,False,"""Ninguém quer morrer por Israel!"": Polícia dos EUA quebra braço e prende veterano da Marinha Brian McGuinness em protesto contra o Holocausto Palestino e a Guerra no Irã",14472,532,,,True,False,720,1280,2026-05-18 21:29:05
3845463731840528228,DVd1OPVAK9k,https://www.instagram.com/p/DVd1OPVAK9k/,2026-03-04 14:37:22,video,clips,fepal_brasil,Federação Árabe Palestina,False,"Famílias iranianas se despedem das mais de 160 crianças assassinadas por ""israel""-EUA em bombardeio contra escola no Irã.",27818,2756,,,True,False,720,1280,2026-05-18 21:29:05
3845427054245839171,DVds4gqAAFD,https://www.instagram.com/p/DVds4gqAAFD/,2026-03-04 13:24:49,video,clips,fepal_brasil,Federação Árabe Palestina,False,"Imagens apocalípticas mostram bombardeio de aniquilação executado por ""israel""-EUA contra Teerã, capital iraniana.",8295,934,,,True,False,720,1280,2026-05-18 21:29:05
3844954483255718530,DVcBbsoALKC,https://www.instagram.com/p/DVcBbsoALKC/,2026-03-03 21:45:29,video,clips,fepal_brasil,Federação Árabe Palestina,False,"""Israel e EUA são a maior ameaça para humanidade""  Eurodeputada espanhola Irene Montero pede que país saia da OTAN e afirma que ""israel"" e EUA são a maior ameaça à segurança da humanidade.",14793,509,,,True,False,720,1280,2026-05-18 21:29:05
3844898930252847527,DVb0zS3ABmn,https://www.instagram.com/p/DVb0zS3ABmn/,2026-03-03 19:55:34,video,clips,fepal_brasil,Federação Árabe Palestina,False,Consulado dos EUA em Dubai em chamas após suposto ataque iraniano. História em desenvolvimento.,2980,118,,,True,False,720,1280,2026-05-18 21:29:05
3844780426509974668,DVbZ21pgHyM,https://www.instagram.com/p/DVbZ21pgHyM/,2026-03-03 15:59:49,video,clips,fepal_brasil,Federação Árabe Palestina,False,"Em depoimento a parlamentares dos EUA, Bill Clinton afirma que Trump descreveu a ele que passou ""momentos maravilhosos"" com Jeffrey Epstein.  Quatro dias antes de Trump e ""israel"" lançarem sua agressão genocida contra o Irã, uma investigação da NPR revelou que o Departamento de Justiça dos EUA ocultou arquivos de Epstein com alegações de que Trump teria abusado sexualmente de uma menor de idade.",3623,206,,,True,False,720,1280,2026-05-18 21:29:05
3844707161213005958,DVbJMsBgHCG,https://www.instagram.com/p/DVbJMsBgHCG/,2026-03-03 13:36:00,video,clips,fepal_brasil,Federação Árabe Palestina,False,"""israel"" prende jornalistas turcos da CNN Turquia durante transmissão ao vivo dos bombardeios em Tel Aviv.  Além de promover a maior matança de profissionais de imprensa da história, a autoproclamada ""única democracia do Oriente Médio"" impõe censura brutal sobre os ataques iranianos que atingem o ""país"".  Ciente da prisão do jornalista Emrah Çakmak e do cinegrafista Halil Kahraman, o diretor de comunicação da Turquia, Burhanettin Duran, declarou: ""Estamos enfrentando mais um ataque de Israel contra a imprensa para ocultar a verdade. Soube que o repórter da CNN TÜRK, Emrah Çakmak, e o cinegrafista Halil Kahraman foram detidos em Israel. Estamos tomando as medidas necessárias para a libertação imediata de nossos colegas jornalistas""",15085,482,,,True,False,720,1280,2026-05-18 21:29:05
3844676231928743709,DVbCKm4gAcd,https://www.instagram.com/p/DVbCKm4gAcd/,2026-03-03 12:34:29,video,clips,fepal_brasil,Federação Árabe Palestina,False,"Milhares de iranianos participam do funeral das mais de 160 meninas assassinadas por ""israel""-EUA em bombardeio à escola aos gritos de ""Vingança""",20091,836,,,True,False,720,1280,2026-05-18 21:29:05
3844639073440428184,DVa5t4WAPCY,https://www.instagram.com/p/DVa5t4WAPCY/,2026-03-03 11:18:46,video,clips,fepal_brasil,Federação Árabe Palestina,False,"""América é o Grande Satã"": Iraquianos protestam em Embaixada dos EUA no Iraque",16084,597,,,True,False,720,1280,2026-05-18 21:29:05
3844327436267338788,DVZy29nALwk,https://www.instagram.com/p/DVZy29nALwk/,2026-03-03 00:59:47,video,clips,fepal_brasil,Federação Árabe Palestina,False,"Explosões e fogo na Embaixada dos EUA em Riad, capital da Arábia Saudita, após suposto ataque com drones. História em desenvolvimento.",5755,338,,,True,False,720,1280,2026-05-18 21:29:05
3844172568068103761,DVZPpVXAB5R,https://www.instagram.com/p/DVZPpVXAB5R/,2026-03-02 19:51:44,photo,feed,fepal_brasil,Federação Árabe Palestina,False,"URGENTE: CRIMINOSO DE GUERRA ISRAELENSE PROCURADO NO BRASIL  A Fundação Hind Rajab (HRF) apresentou uma denúncia criminal no Brasil contra o soldado israelense Omri Turgeman, membro do 424º Batalhão de Infantaria “Shaked” da Brigada Givati, por seu envolvimento em crimes de guerra e atos de genocídio cometidos na Faixa de Gaza. Omri Turgeman estaria no Brasil neste momento.  Crimes documentados que compõe a denúncia:    Destruição da Praça Palestina (Rimal, Cidade de Gaza – Dezembro de 2023): A investigação da HRF comprova a presença do Batalhão Shaked na ocupação e destruição sistemática da Praça Palestina e da infraestrutura civil circundante. A praça, localizada em uma área civil densamente povoada, foi alvo de incêndios criminosos, arrasamento e demolições controladas após as forças israelenses assumirem o controle da área.  Ataque à Mesquita Al-Taqwa (Sheikh Radwan, Cidade de Gaza – Dezembro de 2023). Evidências coletadas pela HRF mostram membros do Batalhão Shaked dentro da mesquita pouco antes de sua destruição. Fotografias mostram soldados posando dentro do local religioso após o incêndio criminoso. Imagens de satélite confirmam que a mesquita foi destruída entre 26 e 31 de dezembro de 2023.  Cerco e ataque ao Hospital Al-Shifa (Cidade de Gaza - março-abril de 2024) A HRF documentou a participação da 401ª Força-Tarefa, incluindo o Batalhão Shaked, no cerco ao maior hospital de Gaza. A operação resultou em um grande número de vítimas, mortes de pacientes devido à falta de eletricidade e assistência médica, destruição em larga escala da infraestrutura médica e prisão em massa de civis, incluindo profissionais da saúde. O hospital ficou inoperável.  A denúncia também se baseia em declarações públicas do próprio Turgeman, incluindo uma postagem em uma rede social na qual ele declara: ""Não acabou até que Jabalia seja destruída e Shuja'iyya esteja em chamas"", evidenciando a intenção de destruir áreas civis em Gaza.  Apelamos às autoridades brasileiras que cumpram suas obrigações legais à luz do Estatuto de Roma, Convenções de Genebra e Convenção sobre Genocídio e tome medidas para levar o criminoso de guerra à justiça.",26758,2194,,,,False,1440,1800,2026-05-18 21:29:05
3844112497581793644,DVZB_MXAKFs,https://www.instagram.com/p/DVZB_MXAKFs/,2026-03-02 17:52:45,video,clips,fepal_brasil,Federação Árabe Palestina,False,"Jornalista libanesa Fatima Ftouni noticia ao vivo o assassinato da própria família por ""israel"" no Líbano em transmissão da rede de TV Al Mayadeen",25700,696,,,True,False,720,1280,2026-05-18 21:29:05
3844089702722367215,DVY8ze_gO7v,https://www.instagram.com/p/DVY8ze_gO7v/,2026-03-02 17:07:27,video,clips,fepal_brasil,Federação Árabe Palestina,False,"Criminoso de guerra e presidente de ""israel"" Isaac Herzog lamenta ataque iraniano: ""Aniquilaram tudo""  Herzog assinou míssil israelense usado para exterminar crianças palestinas em Gaza e acumula declarações genocidas, entre elas a que afirma que ""uma nação inteira"", se referindo aos palestinos, seria responsável pelo 7 de outubro. A Comissão de Inquérito da ONU afirma que Herzog incitou genocídio por essa e outras declarações.",13668,4501,,,True,False,720,1280,2026-05-18 21:29:08
3844043230496724253,DVYyPOXAJUd,https://www.instagram.com/p/DVYyPOXAJUd/,2026-03-02 15:35:00,video,clips,fepal_brasil,Federação Árabe Palestina,False,"Genocida com ordem de prisão por crimes de guerra e de lesa-humanidade, Netanyahu diz que ""israel"" ""não ataca civis"".",4904,1889,,,True,False,720,1280,2026-05-18 21:29:08
3843962802385501361,DVYf812ALyx,https://www.instagram.com/p/DVYf812ALyx/,2026-03-02 12:55:03,video,clips,fepal_brasil,Federação Árabe Palestina,False,"Ao menos três caças F-15E Strike Eagle dos EUA foram abatidos no Kuwait.  Não há causa oficialmente confirmada. Informações iniciais falam em possível incidente de ""fogo amigo"", em que o sistema de defesa aérea dos EUA, o Patriot, teria abatido as próprias aeronaves.",7819,422,,,True,False,720,1280,2026-05-18 21:29:08
3843573103535910651,DVXHV-ggO77,https://www.instagram.com/p/DVXHV-ggO77/,2026-03-02 00:00:49,video,clips,fepal_brasil,Federação Árabe Palestina,False,Imagens impressionantes mostram o momento em que míssil iraniano supera sistema de defesa israelense e atinge Jerusalém Ocidental.,8367,456,,,True,False,720,1280,2026-05-18 21:29:08
3843537702058237243,DVW_S0UAJ07,https://www.instagram.com/p/DVW_S0UAJ07/,2026-03-01 22:50:33,video,clips,fepal_brasil,Federação Árabe Palestina,False,"Mencionado mais de 5.300 vezes nos arquivos Epstein, Trump admite morte de militares dos EUA em agressão ao Irã e diz que haverá mais: ""As coisas são assim mesmo""",2012,481,,,True,False,720,1280,2026-05-18 21:29:08
3843497751723672458,DVW2NdqgIOK,https://www.instagram.com/p/DVW2NdqgIOK/,2026-03-01 21:31:11,video,clips,fepal_brasil,Federação Árabe Palestina,False,"Míssil iraniano supera ""Domo de Ferro"" israelense e atinge região de Jerusalém.",24206,1726,,,True,False,720,1280,2026-05-18 21:29:08
3843424832247077540,DVWloWHAJqk,https://www.instagram.com/p/DVWloWHAJqk/,2026-03-01 19:06:23,video,clips,fepal_brasil,Federação Árabe Palestina,False,"""israel""-EUA bombardeiam Hospital Gandhi em Teerã, capital iraniana. Enfermeiras evacuam recém-nascidos do local. História em desenvolvimento.",2904,267,,,True,False,720,1280,2026-05-18 21:29:08
3843324331933332339,DVWOx35gHNz,https://www.instagram.com/p/DVWOx35gHNz/,2026-03-01 15:46:46,video,clips,fepal_brasil,Federação Árabe Palestina,False,"Imagens aéreas mostram destruição em Tel Aviv após primeira noite de retaliação iraniana contra ""israel""-EUA  Vídeo: Reuters.",11517,1279,,,True,False,720,1280,2026-05-18 21:29:08
3843298861300855325,DVWI_OhgDId,https://www.instagram.com/p/DVWI_OhgDId/,2026-03-01 14:55:54,video,clips,fepal_brasil,Federação Árabe Palestina,False,"Atriz Jane Fonda, 88 anos, protesta contra agressão genocida ao Irã e pede ""mudança de regime"" nos EUA.",22146,727,,,True,False,720,1280,2026-05-18 21:29:08
3843280224649239883,DVWEwBygF1L,https://www.instagram.com/p/DVWEwBygF1L/,2026-03-01 14:19:16,video,clips,fepal_brasil,Federação Árabe Palestina,False,Paquistaneses invadem embaixada dos EUA por assassinato de Ali Khamenei; Militares dos EUA fuzilam manifestantes e matam 10 a tiros,9598,557,,,True,False,720,1280,2026-05-18 21:29:08
3842858550103698442,DVUk32xAOwK,https://www.instagram.com/p/DVUk32xAOwK/,2026-03-01 00:21:20,video,clips,fepal_brasil,Federação Árabe Palestina,False,"""Você que acha que isso é 'em nome da liberdade', olhe bem o braço dessa menina. Ela não tinha mais do que 7 anos. Sionistas mostram ao mundo quem eles são""  Iraniano chora segurando braço de menina assassinada por ""israel"" e EUA em ataque contra escola no Irã. Ao menos 108 meninas, a maioria entre 7 e 12 anos, foram assassinadas no ataque.",41592,2197,,,True,False,720,1280,2026-05-18 21:29:08
3842836919852595995,DVUf9GBkfsb,https://www.instagram.com/p/DVUf9GBkfsb/,2026-02-28 23:40:34,video,clips,ualidrabah,Ualid Rabah,False,"O consórcio pedófilo-genocida ""israel""-EUA repete o padrão de extermínio contra mulheres e crianças, começando pelo ataque contra escola no Irã, que assassinou ao menos 108 meninas, para colapsar a capacidade reprodutiva e destruir o tecido social iraniano, assim como fazem em Gaza.  Comento o tema na @redetvt",19684,946,,,True,False,720,1280,2026-05-18 21:29:08
3842763829037549147,DVUPVe5gMZb,https://www.instagram.com/p/DVUPVe5gMZb/,2026-02-28 21:13:27,video,clips,fepal_brasil,Federação Árabe Palestina,False,"Míssil iraniano ""dribla"" o ""Domo de Ferro"" israelense e atinge Tel Aviv  Video: transmissão ao vivo NBC News",13968,1001,,,True,False,720,1280,2026-05-18 21:29:11
3842725994369990478,DVUGu6nlT9O,https://www.instagram.com/p/DVUGu6nlT9O/,2026-02-28 19:57:37,carousel,carousel_container,fepal_brasil,Federação Árabe Palestina,False,"NOTA PÚBLICA: Só o fim dos regimes pedófilos de EUA e “israel” livram a humanidade de seu fim  ""É hora de o mundo, povos e lideranças, se unirem para acabar com estes dois regimes e suas elites, não melhores que as piores figuras de todos os tempos, Jeffrey Epstein e Benjamin Netanyahu, notórios sionistas predadores sexuais e assassinos de crianças. A humanidade só estará livre de seu fim, inclusive por hecatombe nuclear provocada pelas elites pervertidas e sanguinárias de EUA e “israel”, se as derrotarem, o que deve ser buscado por todos os meios, do econômico ao bélico.""  Arraste para o lado e leia a nota completa. Disponível também no site de FEPAL.",20949,571,,,,False,1440,1919,2026-05-18 21:29:11
3842481160915543683,DVTPEHsgGaD,https://www.instagram.com/p/DVTPEHsgGaD/,2026-02-28 11:51:28,video,clips,fepal_brasil,Federação Árabe Palestina,False,"""israel"" e EUA bombardeiam escola primária feminina no Irã e matam ao menos 24 meninas. História em desenvolvimento.",19309,1565,,,True,False,720,1280,2026-05-18 21:29:11
3842455842628604939,DVTJTsNAJQL,https://www.instagram.com/p/DVTJTsNAJQL/,2026-02-28 11:01:00,video,clips,fepal_brasil,Federação Árabe Palestina,False,"""israel"" e EUA atacam Irã; Iranianos retaliam com ataques contra bases militares estadunidenses no Oriente Médio e alvos israelenses.  Vídeo: Míssil balístico iraniano atinge quartel-general da 5ª frota da Marinha dos EUA no Bahrein",14435,1044,,,True,False,720,1280,2026-05-18 21:29:12
3841940118273265442,DVRUC6eAA8i,https://www.instagram.com/p/DVRUC6eAA8i/,2026-02-27 17:56:52,video,clips,fepal_brasil,Federação Árabe Palestina,False,"Atriz Susan Sarandon se emociona ao falar sobre Gaza, revela ter sido demitida e boicotada em Hollywood por pedir cessar-fogo no Holocausto Palestino e afirma que Estados Unidos são lugar de ""repressão e censura"".",23614,631,,,True,False,720,1280,2026-05-18 21:29:12
3841879830714948429,DVRGVnTgJtN,https://www.instagram.com/p/DVRGVnTgJtN/,2026-02-27 15:56:39,video,clips,fepal_brasil,Federação Árabe Palestina,False,"Colonos judeus supremacistas espancam palestinos e ativistas estrangeiros na região de Nablus, Cisjordânia Ocupada.",4246,526,,,True,False,720,1280,2026-05-18 21:29:12
3841801875414376002,DVQ0nNxgN5C,https://www.instagram.com/p/DVQ0nNxgN5C/,2026-02-27 13:22:14,video,clips,fepal_brasil,Federação Árabe Palestina,False,"Soldados israelense fuzilam criança palestina à queima-roupa e o assistem agonizar até a morte na Cisjordânia Ocupada.  Jad Jadallah, 14 anos, foi fuzilado pelas costas a menos de 3 metros de distância. Os israelenses impediram o acesso da família e de paramédicos ao local por mais de 30 minutos.  ""israel"" o acusa de ""ser um terrorista"" e ""jogar pedras"" nos soldados, mas o vídeo mostra militares israelenses plantando um objeto ao lado do corpo da criança.  ""israel"" mantém o corpo de Jad Jadallah e de mais de 776 palestinos sequestrados.  Reportagem na íntegra no site da FEPAL.",21799,3331,,,True,False,720,1280,2026-05-18 21:29:12
3841128266794550908,DVObc63AEZ8,https://www.instagram.com/p/DVObc63AEZ8/,2026-02-26 15:03:23,video,clips,fepal_brasil,Federação Árabe Palestina,False,"""Os israelenses o torturaram, mas isso não o quebrou. Então eles o fizeram assistir ao vivo o assassinato da esposa grávida de 6 meses""  Médico estadunidense Dr. Farhan Abdul Azeez, voluntário em Gaza, compartilha o relato de um médico palestino, Khalid, sequestrado e torturado pelos israelenses, que o forçaram a assistir ao assassinato da esposa grávida em um bombardeio contra a casa da família em Gaza.",40454,2795,,,True,False,720,1280,2026-05-18 21:29:12
3840507480678440340,DVMOTSvEZ2U,https://www.instagram.com/p/DVMOTSvEZ2U/,2026-02-25 18:30:40,photo,feed,palestylestore,Palestyle | Palestine Style,False,"Vista solidariedade. Apoie vidas. Transforme intenção em ação.  A Palestyle Store, em parceria com a ONG Refúgio Brasil (@refugiobrasil.ong ), apresenta a Camiseta Solidária Free Palestine — uma iniciativa que transforma consumo em compromisso.  Ao comprar a camiseta, você fortalece o acolhimento de refugiados palestinos vindos da Faixa de Gaza e apoiados pela ONG no Brasil. Além disso, contribui com famílias que seguem enfrentando a devastação e a violência em Gaza.  Todo o lucro arrecadado com as vendas será destinado integralmente à ONG Refúgio Brasil, ampliando ações de assistência, acolhimento e suporte humanitário.  A peça também carrega uma dimensão ainda mais profunda: ela é confeccionada por refugiados palestinos que reconstruíram suas vidas no Brasil. Por meio da produção e comercialização das camisetas, eles conseguem enviar recursos às suas famílias que permanecem nos acampamentos em Gaza.   Conheça mais sobre a atuação da ONG em www.refugiobrasil.org  Garanta a sua em palestylestore.com.",3,2,,,,False,1350,1688,2026-05-18 21:29:12
3840322316282117269,DVLkMy9ADyV,https://www.instagram.com/p/DVLkMy9ADyV/,2026-02-25 12:22:15,video,clips,fepal_brasil,Federação Árabe Palestina,False,"Soldado israelense cai tentando ""se exercitar"" em casa invadida de família palestina em Gaza.",6205,751,,,True,False,720,1280,2026-05-18 21:29:12
3839759628616703385,DVJkQnOlZ2Z,https://www.instagram.com/p/DVJkQnOlZ2Z/,2026-02-24 17:43:59,carousel,carousel_container,fepal_brasil,Federação Árabe Palestina,False,"INVESTIGAÇÃO: Israelenses executaram trabalhadores humanitários palestinos à queima-roupa com mais de 900 tiros em ""Massacre dos Paramédicos"" em Gaza.  Uma reconstrução minuto a minuto do massacre pela Earshot e pela Forensic Architecture constatou que soldados israelenses dispararam mais de 900 tiros contra os trabalhadores de ajuda humanitária, matando 15.  🗞️ Arraste para o lado e leia mais. Na íntegra no site da Fepal.",17160,1380,,,,False,1440,1800,2026-05-18 21:29:12
3839022454689292793,DVG8pUggOH5,https://www.instagram.com/p/DVG8pUggOH5/,2026-02-23 17:19:42,video,clips,fepal_brasil,Federação Árabe Palestina,False,"BBC censura protesto contra Holocausto Palestino em transmissão do BAFTA.  O cineasta nigeriano-britânico Akinola Davies Jr venceu o prêmio de Melhor Estreia no BAFTA, o ""Oscar britânico"", pelo filme ""A Sombra do Pai"" e usou o momento para protestar contra o Holocausto Palestino e a violência no Sudão, Congo e Nigéria e teve o discurso cortado pela BBC na transmissão da premiação.",12525,167,,,True,False,720,1280,2026-05-18 21:29:12
3838879084369197903,DVGcDAfgLtP,https://www.instagram.com/p/DVGcDAfgLtP/,2026-02-23 12:35:19,video,clips,fepal_brasil,Federação Árabe Palestina,False,"Israelenses são confrontados nas ruas do Brasil: ""Vocês estão matando palestinos?""  O vídeo foi gravado e publicado pelos próprios israelenses com a legenda ""Há quem não goste de Israel no Brasil""",39595,3901,,,True,False,720,1280,2026-05-18 21:29:16
3838208890248429297,DVEDqZlAP7x,https://www.instagram.com/p/DVEDqZlAP7x/,2026-02-22 14:23:41,video,clips,fepal_brasil,Federação Árabe Palestina,False,"Refugiado, cineasta palestino Abdallah Al-Khatib vence prêmio no Festival de Berlim e desafia governo alemão em discurso histórico: ""Cúmplices do genocídio!""  Nascido no campo de refugiados palestinos de Yarmurk, Síria, e refugiado na Alemanha, Al-Khatib venceu o prêmio de Melhor Estreia em Longa-Metragem pelo filme ""Chronicles From the Siege"" e criticou a cumplicidade do governo alemão com ""israel"" no Holocausto Palestino e a campanha de silenciamento sobre o genocídio em Gaza que marcou esta edição da Berlinale.",16630,495,,,True,False,720,1280,2026-05-18 21:29:17
3837628329846906083,DVB_qIkgBzj,https://www.instagram.com/p/DVB_qIkgBzj/,2026-02-21 19:10:04,video,clips,fepal_brasil,Federação Árabe Palestina,False,"""Na vida real, crianças palestinas e libanesas não têm superpoderes para se proteger das bombas israelenses""  Cineasta libanesa Marie-Rose Osta vence prêmio no Festival de Berlim com o filme ""Yawman Ma Walad"" (Someday a Child/Um Dia, uma Criança) e desafia campanha sionista de censura, intimidação e silenciamento sobre o Holocausto Palestino que tomou conta desta edição festival de cinema alemão.",10339,296,,,True,False,720,1280,2026-05-18 21:29:17
3837510842685883206,DVBk8eIAING,https://www.instagram.com/p/DVBk8eIAING/,2026-02-21 15:17:07,video,clips,ualidrabah,Ualid Rabah,False,"Ao Brasil247, comento a ofensiva dos EUA para estabelecer seu ""espaço vital"" da costa do Pacífico ao Golfo Pérsico, desestabilizando e destruíndo países que ousarem enfrentar o projeto imperial estadunidense.  O genocídio em Gaza é um recado dos EUA de como pretendem impor seu domínio sobre mais de 2 bilhões de pessoas.",9923,413,,,True,False,720,1280,2026-05-18 21:29:17
3837006251516332050,DU_yNs-lYgS,https://www.instagram.com/p/DU_yNs-lYgS/,2026-02-20 22:33:30,carousel,carousel_container,fepal_brasil,Federação Árabe Palestina,False,"Epstein ajudou “israel” a exportar para a África tecnologia usada em Gaza  Ehud Barak, então ministro da ""defesa"" israelense, utilizou a ameaça do Boko Haram para testar o reconhecimento facial na Nigéria, enquanto Jeffrey Epstein facilitava acordos de petróleo e logística.  🗞️ Reportagem na íntegra no site da Fepal.",2866,56,,,,False,1440,1800,2026-05-18 21:29:17
3836290822716127999,DU9Pi1_Ffr_,https://www.instagram.com/p/DU9Pi1_Ffr_/,2026-02-19 22:52:05,carousel,carousel_container,fepal_brasil,Federação Árabe Palestina,False,"Governo israelense instalou e manteve sistema de segurança em apartamento de Epstein*   Unidades no prédio eram frequentemente emprestadas a contatos de Epstein e usadas para abrigar modelos menores de idade. Residência era frequentada pelo ex-primeiro-ministro israelense Ehud Barak.  De acordo com os e-mails, Epstein aprovou pessoalmente a instalação dos equipamentos e autorizou reuniões entre sua equipe e autoridades de segurança israelenses.  🗞️ Leia a reportagem de Ryan Grim e Murtaza Hussain no site da Fepal.",5352,171,,,,False,1440,1800,2026-05-18 21:29:17
3836145204113500743,DU8ub0GAOpH,https://www.instagram.com/p/DU8ub0GAOpH/,2026-02-19 18:03:12,video,clips,fepal_brasil,Federação Árabe Palestina,False,"Presidente da FIFA Gianni Infantino é alvo de queixa-crime no Tribunal Penal Internacional por acobertar crimes de guerra e de lesa-humanidade de ""israel"" contra palestinos.  Sorridente e brincalhão em reunião do ""Conselho da Paz"" de Trump hoje, 19, o presidente da FIFA acaba de ser denunciado junto com o presidente da UEFA como cúmplices dos israelenses em crimes na Palestina Ocupada.  Em documento de 120 páginas protocolado no Tribunal em Haia no dia 16, uma coalização de jogadores e clubes palestinos, além de organizações de direitos humanos e desportivas, acusa os mandatários da FIFA e da UEFA de cumplicidade em crimes de guerra israelenses (transferência de população civil para territórios ocupados) e de lesa-humanidade (Apartheid) na Palestina.  A queixa centra-se na inclusão, pela FIFA e pela UEFA, de clubes de futebol israelenses sediados em assentamentos ilegais em território palestino ocupado, construídos em terras roubadas do povo palestino. A FIFA e a UEFA permitem que esses clubes joguem em ligas organizadas pela Associação Israelense de Futebol e realizem partidas em terras confiscadas. As entidades também fornecem apoio financeiro e estrutural a clubes de assentamentos judaicos ilegais.  Além de violar os Estatutos da FIFA e da UEFA, a prática normaliza a vida nos assentamentos, que violam o direito internacional, e legitima a ocupação ilegal da Palestina por ""israel"" contribuindo para a transferência de população civil para os territórios ocupados, crime de guerra, e incentiva o apartheid israelense na Palestina, um crime de lesa-humanidade.",11946,519,,,True,False,720,1280,2026-05-18 21:29:17
3835407766541875188,DU6Gwr1gLf0,https://www.instagram.com/p/DU6Gwr1gLf0/,2026-02-18 17:39:53,video,clips,fepal_brasil,Federação Árabe Palestina,False,"Diretora de filme sobre menina palestina assassinada por ""israel"" rejeita prêmio de ""Cinema pela Paz"" após cerimônia homenagear general israelense: ""Paz não é um perfume a ser usado para encobrir a violência""  A cineasta tunisiana Kaouther Ben Hania, diretora de ""A Voz de Hind Rajab"", recusou o prêmio de ""Filme do Ano"" no evento ""Cinema pela Paz"" em Berlim. A cerimônia homenageou o general israelense Noam Tibon e tinha entre os presentes a ex-secretária de Estado dos EUA, Hillary Clinton.  Em discurso histórico, Ben Hania afirmou que o cinema não pode ser usado para higienizar o genocídio em Gaza, apontou a presença de facilitadores do extermínio de palestinos por ""israel"" na cerimônia e prometeu voltar para aceitar o prêmio quando ""a busca pela paz for baseada na responsabilização pelo genocídio"".",22991,955,,,True,False,720,1280,2026-05-18 21:29:17
3834746422763218411,DU3wY3cgGXr,https://www.instagram.com/p/DU3wY3cgGXr/,2026-02-17 19:44:08,video,clips,fepal_brasil,Federação Árabe Palestina,False,"Comentarista da TV suíça Stefan Renna expõe apoio de ""atleta"" israelense ao extermínio de palestinos no genocídio em Gaza e questiona a participação do israelense nos Jogos Olímpicos de Inverno.  AJ Edelmann, o israelense, publicou diversas mensagens de apoio à campanha genocidária de ""israel"" em Gaza, se referindo ao Holocausto Palestino como ""A guerra mais moralmente justa da história""  A equipe israelense terminou em último lugar.",20032,724,,,True,False,720,1280,2026-05-18 21:29:17
3834573159119522173,DU3I_jGkQl9,https://www.instagram.com/p/DU3I_jGkQl9/,2026-02-17 14:05:43,photo,feed,palestylestore,Palestyle | Palestine Style,False,"Vista solidariedade. Apoie vidas. Transforme intenção em ação.  A Palestyle Store, em parceria com a ONG Refúgio Brasil (@refugiobrasil.ong ), apresenta a Camiseta Solidária Free Palestine — uma iniciativa que transforma consumo em compromisso.  Ao comprar a camiseta, você fortalece o acolhimento de refugiados palestinos vindos da Faixa de Gaza e apoiados pela ONG no Brasil. Além disso, contribui com famílias que seguem enfrentando a devastação e a violência em Gaza.  Todo o lucro arrecadado com as vendas será destinado integralmente à ONG Refúgio Brasil, ampliando ações de assistência, acolhimento e suporte humanitário.  A peça também carrega uma dimensão ainda mais profunda: ela é confeccionada por refugiados palestinos que reconstruíram suas vidas no Brasil. Por meio da produção e comercialização das camisetas, eles conseguem enviar recursos às suas famílias que permanecem nos acampamentos em Gaza.   Conheça mais sobre a atuação da ONG em www.refugiobrasil.org  Garanta a sua em palestylestore.com.",3,0,,,,False,1350,1688,2026-05-18 21:29:17
3832648923459185261,DUwTeO_kWpt,https://www.instagram.com/p/DUwTeO_kWpt/,2026-02-14 22:16:30,video,clips,ualidrabah,Ualid Rabah,False,"O ataque islamofobico em Foz do Iguaçu é o resultado de décadas de propaganda e discurso de ódio promovidos pelos Estados Unidos e pelo sionismo contra a comunidade árabe e muçulmana na Região Trinacional do Iguaçu, alimentando a intolerância interna para desestabilizar o Brasil.  Comento o tema no DCM",5507,514,,,True,False,720,1280,2026-05-18 21:29:17
3831717159990471190,DUs_nSpACoW,https://www.instagram.com/p/DUs_nSpACoW/,2026-02-13 15:25:32,video,clips,fepal_brasil,Federação Árabe Palestina,False,"Bassem Youssef ironiza alegações de que Jeffrey Epstein seria um ""agente russo"" expondo as conexões entre o criminoso sexual e ""israel"", incluindo a proximidade de Epstein com figuras políticas e espiões israelenses e acordos intermediados por Epstein a serviço de ""israel"".  Os comentários foram feitos em debate com Alan Dershowitz, advogado e amigo pessoal de Epstein, também sionista fanático e envolvido na representação jurídica de ""israel"" e Netanyahu em tribunais internacionais por genocídio contra palestinos.",7228,216,,,True,False,720,1280,2026-05-18 21:29:17
3831259819626814016,DUrXoHPFVpA,https://www.instagram.com/p/DUrXoHPFVpA/,2026-02-13 00:16:22,carousel,carousel_container,fepal_brasil,Federação Árabe Palestina,False,"Na Cisjordânia, o vinho a serviço da colonização  Nos territórios ocupados da Cisjordânia, as vinhas se expandem cada vez mais. Produzidos em terras confiscadas dos palestinos, com o apoio constante de Tel Aviv, os vinhos israelenses prosperam e são exportados. Bastam alguns artifícios de dissimulação para que sua origem seja esquecida e eles sejam escoados no mercado europeu.  Leia a reportagem de Meriem Laribi e Marta Vidal no site da Fepal.",1147,68,,,,False,1080,1350,2026-05-18 21:29:20
3830999258597695624,DUqcYc3gCCI,https://www.instagram.com/p/DUqcYc3gCCI/,2026-02-12 15:38:53,video,clips,fepal_brasil,Federação Árabe Palestina,False,Ator Babu Santana grita Palestina Livre no BBB 🇵🇸,43007,1944,,,True,False,720,1280,2026-05-18 21:29:20
3830469625940123451,DUoj9SBFZ87,https://www.instagram.com/p/DUoj9SBFZ87/,2026-02-11 22:06:24,carousel,carousel_container,fepal_brasil,Federação Árabe Palestina,False,"“israel” usou armas em Gaza que fizeram milhares de palestinos evaporarem  Investigação da Al Jazeera revela como munições térmicas e termobáricas fornecidas pelos EUA, que queimam a 3.500°C, não deixaram vestígios de quase 3.000 palestinos.  🗞️ Arraste para o lado e leia mais. Reportagem de Mohammad Mansour na íntegra no site da Fepal.",6860,474,,,,False,1440,1800,2026-05-18 21:29:20
3830305390709495409,DUn-nWCgNZx,https://www.instagram.com/p/DUn-nWCgNZx/,2026-02-11 16:40:30,video,clips,fepal_brasil,Federação Árabe Palestina,False,Soldados israelenses espancam e prendem palestinos durante demolição forçada de casas na Jerusalém Ocupada,4515,795,,,True,False,720,1280,2026-05-18 21:29:20
3830248822148232415,DUnxwKdgPTf,https://www.instagram.com/p/DUnxwKdgPTf/,2026-02-11 14:49:05,video,clips,fepal_brasil,Federação Árabe Palestina,False,"""israel"" destrói casa de idoso palestino na Cisjordânia Ocupada: ""Mataram nossas mulheres e crianças! Ó, Deus, vingue-se dos israelenses!""",4281,404,,,True,False,720,1280,2026-05-18 21:29:20
3829590927572256045,DUlcKiZAMUt,https://www.instagram.com/p/DUlcKiZAMUt/,2026-02-10 17:00:41,video,clips,fepal_brasil,Federação Árabe Palestina,False,"Vídeo mostra o momento em que ""israel"" bombardeia e mata ciclista palestino hoje em Gaza.  Bombardeio foi executado deliberadamente perto de um caminhão de combustível. Ao menos 2 palestinos foram assassinados pelos israelenses no ataque.",7271,900,,,True,False,720,1280,2026-05-18 21:29:20
3829427233660963667,DUk28ejkYtT,https://www.instagram.com/p/DUk28ejkYtT/,2026-02-10 11:36:40,photo,feed,palestylestore,Palestyle | Palestine Style,False,"A Palestyle Store une forças com a ONG Refúgio Brasil (@refugiobrasil.ong ) para apresentar a Camiseta Solidária Free Palestine. Ao adquirir essa camiseta, você apoia diretamente os refugiados palestinos vindos da Faixa de Gaza, acolhidos pela ONG no Brasil, e contribui para a ajuda às famílias que ainda enfrentam o genocídio em Gaza.  Todo o lucro da venda dessa camiseta será transferido para ONG Refúgio Brasil.  Essa camiseta tem uma história especial: foi confeccionada por refugiados palestinos que já vivem no Brasil. Eles produzem e vendem as peças para enviar recursos às suas famílias que permanecem nos acampamentos de Gaza. Assim, seu gesto toca vidas em dois continentes.  Conheça mais sobre o trabalho da ONG Refúgio Brasil: www.refugiobrasil.org  Adquira já a sua e transforme solidariedade em atitude! Garanta a sua camiseta em palestylestore.com",168,12,,,,False,1350,1688,2026-05-18 21:29:20
3828996488369816721,DUjVATvgESR,https://www.instagram.com/p/DUjVATvgESR/,2026-02-09 21:19:43,video,clips,fepal_brasil,Federação Árabe Palestina,False,Polícia australiana espanca e prende ativistas pró-Palestina durante protestos contra a visita do presidente israelense Isaac Herzog ao país.  O criminoso de guerra de guerra Isaac Herzog foi recebido na Austrália com manifestações por todo país exigindo sua prisão pelo genocídio em Gaza.,3558,309,,,True,False,720,1280,2026-05-18 21:29:20
3828796612830845904,DUinjvJAFvQ,https://www.instagram.com/p/DUinjvJAFvQ/,2026-02-09 14:42:44,video,clips,fepal_brasil,Federação Árabe Palestina,False,"Bad Bunny celebra reconhecimento e identificação com suas canções na Palestina; Músicas do cantor porto-riquenho inspiram ""trend"" entre palestinos mostrando Gaza antes do genocídio e a destruição feita por ""israel"" no Holocausto Palestino.",34352,482,,,True,False,720,1280,2026-05-18 21:29:20
3828716612119227691,DUiVXkrAO0r,https://www.instagram.com/p/DUiVXkrAO0r/,2026-02-09 12:03:56,video,clips,fepal_brasil,Federação Árabe Palestina,False,"Presidente de ""israel"" e criminoso de guerra Isaac Herzog é recebido na Austrália por multidão protestando contra o Holocausto Palestino e pedindo sua prisão: ""Prendam Herzog!""",43212,1705,,,True,False,720,1280,2026-05-18 21:29:20
3828065370044900156,DUgBSwOgCM8,https://www.instagram.com/p/DUgBSwOgCM8/,2026-02-08 14:29:50,video,clips,fepal_brasil,Federação Árabe Palestina,False,"Italianos protestam contra a participação de ""israel"" nos Jogos Olímpicos de Inverno em Milão",41064,2436,,,True,False,720,1280,2026-05-18 21:29:20
3827437774937854598,DUdymCvFRKG,https://www.instagram.com/p/DUdymCvFRKG/,2026-02-07 17:42:39,carousel,carousel_container,fepal_brasil,Federação Árabe Palestina,False,Google forneceu IA para o aparato militar israelense em meio ao genocídio em Gaza  Uma denúncia de um informante apresentada afirma que o Google violou suas próprias regras éticas ao ajudar uma contratada israelense a aplicar IA a vídeos de vigilância por drones.  Leia a reportagem de Gerrit De Vynck no site da Fepal.,3362,177,,,,False,1080,1350,2026-05-18 21:29:20
3826673992614321105,DUbE7jBAJvR,https://www.instagram.com/p/DUbE7jBAJvR/,2026-02-06 16:25:21,video,clips,fepal_brasil,Federação Árabe Palestina,False,"Crianças palestinas dão cor à destruição feita por ""israel"" em Gaza.  Em um carro bombardeado pelos israelenses, os desenhos das crianças refletem a inocência, o luto, o trauma e a esperança por libertação 🇵🇸  Vídeo: @m7md_vo",13151,430,,,True,False,720,1280,2026-05-18 21:29:25
3826156013620633444,DUZPJ9fFR9k,https://www.instagram.com/p/DUZPJ9fFR9k/,2026-02-05 23:16:01,carousel,carousel_container,fepal_brasil,Federação Árabe Palestina,False,"Epstein, Mossad e a pergunta que não podemos fazer — mas devemos  Epstein operava como parte de uma operação de chantagem ligada a serviços de inteligência? E, em caso afirmativo, para quem?  Arraste para o lado e leia mais. Na íntegra no site da FEPAL.",33823,684,,,,False,1440,1800,2026-05-18 21:29:25
3825895287823874712,DUYT35qlTqY,https://www.instagram.com/p/DUYT35qlTqY/,2026-02-05 14:38:00,carousel,carousel_container,fepal_brasil,Federação Árabe Palestina,False,Arquivos recém-divulgados de Epstein revelam novos vínculos com “israel”  A divulgação de mais arquivos de Jeffrey Epstein revela novas conexões entre o falecido criminoso sexual condenado e o sionismo criminoso ainda impune  🗞️ Arraste para o lado e leia mais. Na íntegra no site da Fepal,6943,137,,,,False,1440,1800,2026-05-18 21:29:25
3825093174376801540,DUVdfnTgCUE,https://www.instagram.com/p/DUVdfnTgCUE/,2026-02-04 12:05:12,video,clips,fepal_brasil,Federação Árabe Palestina,False,"""O genocídio na Palestina está diante de nossos olhos. Me dói! É a primeira vez que um jornalista me pergunta sobre isso. Parece que é proibido. Quando há injustiça, tem que falar!""  Lenda do futebol Pep Guardiola fala sobre o Holocausto Palestino em coletiva de imprensa histórica.",10071,345,,,True,False,720,1280,2026-05-18 21:29:25
3824658309073682736,DUT6nfblUEw,https://www.instagram.com/p/DUT6nfblUEw/,2026-02-03 21:40:21,carousel,carousel_container,fepal_brasil,Federação Árabe Palestina,False,"🏀 Stephen Curry, astro da NBA, e seus laços com a inteligência militar israelense  Menos de três anos depois de ser nomeado Campeão de Justiça Social Kareem Abdul-Jabbar da NBA em 2023, o maior arremessador de três pontos da história da liga passou a investir discretamente dezenas de milhões em empreendimentos de tecnologia pertencentes e operados por espiões israelenses.  Arraste para o lado e leia mais. Na íntegra no site da FEPAL.",15661,683,,,,False,1440,1800,2026-05-18 21:29:25
3824455436032055499,DUTMfTMAJjL,https://www.instagram.com/p/DUTMfTMAJjL/,2026-02-03 14:59:31,video,clips,fepal_brasil,Federação Árabe Palestina,False,"Israelenses explodem estação de água que atendia mais de 70 mil palestinos em Gaza e debocham em vídeo publicado nas redes sociais.  Na legenda, em hebraico, está escrito: ""Somos especialistas em pintura e pequenas reformas. Mais detalhes por mensagem direta"".",50675,6576,,,True,False,720,1280,2026-05-18 21:29:25
3823979873353877006,DURgW87gEYO,https://www.instagram.com/p/DURgW87gEYO/,2026-02-02 23:12:44,video,clips,fepal_brasil,Federação Árabe Palestina,False,"Mulher palestina chora ao voltar a Gaza após ter sido evacuada para tratamento médico: ""Não à limpeza étnica!""  Cerca de 15 palestinos evacuados para tratamento médico retornaram hoje a Gaza no primeiro dia da reabertura da passagem de Rafah desde maio de 2024.  A reabertura da passagem entre o enclave palestino e o Egito é fundamental para permitir que dezenas de milhares de palestinos sejam evacuados para receber tratamento médico, e os que foram forçados a deixar Gaza possa retornar ao território palestino.  Os israelenses tentam utilizar a reabertura da passagem de Rafah para executar a limpeza étnica de Gaza, limitando os que podem retornar ao enclave e incentivando que o máximo possível de palestinos deixem o território sem possibilidade de voltar a Gaza no futuro.",6241,212,,,True,False,720,1280,2026-05-18 21:29:25
3823902776603354081,DURO1C_EqPh,https://www.instagram.com/p/DURO1C_EqPh/,2026-02-02 20:40:48,video,clips,ualidrabah,Ualid Rabah,False,"Epstein, ""israel"", Sergio Moro e a desestabilização do Brasil.  O escândalo Epstein escancara a tática de espionagem israelense de armazenar informações comprometedoras de figuras de poder e utiliza-las como método de chantagem para ganhos políticos — um modelo replicado no mundo inteiro, inclusive no Brasil pelo capanga da CIA e do Mossad, Sergio Moro. Basta lembrar do escândalo da ""Festa das Cuecas"".  Comento o tema ao TV Democracia",8217,284,,,True,False,720,1280,2026-05-18 21:29:25
3823750630439168815,DUQsPB1AKsv,https://www.instagram.com/p/DUQsPB1AKsv/,2026-02-02 15:37:12,video,clips,fepal_brasil,Federação Árabe Palestina,False,"""israel"" bombardeia funeral em Gaza e mata crianças.  Palestinos se reuniam em funeral para as vítimas do massacre cometido por ""israel"" no fim de semana — o maior desde o início do alegado ""cessar-fogo"" —  quando os israelenses bombardearam o local no campo de refugiados de Nuseirat, centro de Gaza. Há mortos e feridos, incluindo crianças.",5754,616,,,True,False,720,1280,2026-05-18 21:29:25
3823675080437692970,DUQbDoaAHoq,https://www.instagram.com/p/DUQbDoaAHoq/,2026-02-02 13:07:59,video,clips,fepal_brasil,Federação Árabe Palestina,False,"""israel"" obriga crianças palestinas a demolirem a própria casa na Jerusalém Ocupada.  A demolição forçada de casas é parte da política sionista de despalestinização e limpeza étnica da Jerusalém Ocupada, com requinte de crueldade de obrigar palestinos a derrubarem as casas com as próprias mãos sob pena de multa imposta pela ocupação israelense.",24504,2092,,,True,False,720,1280,2026-05-18 21:29:25
3822267956021167905,DULbHRrAAch,https://www.instagram.com/p/DULbHRrAAch/,2026-01-31 14:31:58,video,clips,fepal_brasil,Federação Árabe Palestina,False,"Avó palestina se despede do netos assassinados por ""israel"" em maior massacre desde o início do alegado ""cessar-fogo"" em Gaza.  Mais de 30 palestinos foram assassinados pelos israelenses por toda Gaza neste sábado, 31. Dia 848 do Holocausto Palestino.",5737,753,,,True,False,720,1280,2026-05-18 21:29:25
3822228328882932662,DULSGoBgIu2,https://www.instagram.com/p/DULSGoBgIu2/,2026-01-31 13:12:52,video,clips,fepal_brasil,Federação Árabe Palestina,False,"""israel"" extermina palestinos em série de ataques por toda Gaza.  Ao menos 29 palestinos foram assassinados pelos israelenses nas primeiras deste sábado, 31. Pelo menos 6 eram crianças.",12981,1760,,,True,False,720,1280,2026-05-18 21:29:25
3821594058740997344,DUJB4x7ABzg,https://www.instagram.com/p/DUJB4x7ABzg/,2026-01-30 16:12:34,video,clips,fepal_brasil,Federação Árabe Palestina,False,"Rosalía desafia gravadora e faz aparição surpresa em evento pró-Palestina em Barcelona: ""Hoje, especialmente, é uma honra estar aqui""  De acordo com a imprensa espanhola, a cantora enfrentou sua gravadora, Sony Music, que era contra a participação de Rosalía pelo ""caráter político"" do evento e subiu ao palco de surpresa, apresentando uma versão da música ""La Perla"" no concerto para arrecadação de ajuda humanitária para palestinos sob genocídio em Gaza.",115645,1363,,,True,False,720,1280,2026-05-18 21:29:27
3821532540775206349,DUIz5k2gI3N,https://www.instagram.com/p/DUIz5k2gI3N/,2026-01-30 14:10:52,video,clips,fepal_brasil,Federação Árabe Palestina,False,"""Vejo as crianças [palestinas] implorando pela mãe sem saber ainda que ela está sob escombros. Penso que as abandonamos, as deixamos sozinhas""  Lenda do futebol Pep Guardiola discursa em evento beneficente pela Palestina em Barcelona.",39226,836,,,True,False,720,1280,2026-05-18 21:29:27
3820936219722787496,DUGsT9mACqo,https://www.instagram.com/p/DUGsT9mACqo/,2026-01-29 18:25:32,video,clips,fepal_brasil,Federação Árabe Palestina,False,"A Voz de Hind Rajab: um grito por socorro e justiça.  Há exatos dois anos, em 29 de janeiro de 2024, a menina palestina Hind Rajab foi assassinada com 355 tiros pelos israelenses em Gaza.  Hoje, o filme A Voz de Hind Rajab, indicado ao Oscar de Melhor Filme Estrangeiro, estreia nos cinemas brasileiros.",35098,1629,,,True,False,720,1280,2026-05-18 21:29:27
3820236185236010193,DUENJHrFfTR,https://www.instagram.com/p/DUENJHrFfTR/,2026-01-28 19:14:23,carousel,carousel_container,fepal_brasil,Federação Árabe Palestina,False,"Da Palestina a Minneapolis, o ICE e “israel” usam o mesmo manual violento  Renee Good e Alex Pretti, assim como muitos palestinos antes deles, morreram porque forças autoritárias decidiram que eles não mereciam viver, e porque toda a estrutura jurídica e política existe para garantir que esses agentes jamais enfrentem consequências significativas por assassinato  Leia o artigo de Ahmad Ibsais no site da Fepal.",2377,66,,,,False,800,1066,2026-05-18 21:29:27
3820157520417146588,DUD7QZWgEbc,https://www.instagram.com/p/DUD7QZWgEbc/,2026-01-28 16:38:31,video,clips,fepal_brasil,Federação Árabe Palestina,False,Polícia holandesa agride duas mulheres muçulmanas com cacetete e chute no estômago em saída de shopping na cidade de Utrecht.,8447,1191,,,True,False,720,1280,2026-05-18 21:29:27
3820090838583655820,DUDsGDDgL2M,https://www.instagram.com/p/DUDsGDDgL2M/,2026-01-28 14:25:49,video,clips,fepal_brasil,Federação Árabe Palestina,False,"Colonos judeus supremacistas espancam palestino em pogrom na Cisjordânia Ocupada.  Palestinos foram atacados e propriedades destruídas em Masafer Yatta. A vítima, Abu Ayoub, está internado em estado grave com fratura no crânio.",3204,455,,,True,False,720,1280,2026-05-18 21:29:28
3819497244727533669,DUBlIHskWBl,https://www.instagram.com/p/DUBlIHskWBl/,2026-01-27 18:47:42,video,clips,ualidrabah,Ualid Rabah,False,"O desocupado Flávio Bolsonaro quer a submissão total do Brasil a ""israel"".  Trecho de entrevista ao Brasil247",58736,6411,,,True,False,720,1280,2026-05-18 21:29:28
3819423434615886859,DUBUWCrFRQL,https://www.instagram.com/p/DUBUWCrFRQL/,2026-01-27 16:19:35,carousel,carousel_container,fepal_brasil,Federação Árabe Palestina,False,Dia 844 do Holocausto Palestino.,3144,98,,,,False,1440,1800,2026-05-18 21:29:28
3818849621589896346,DT_R39pgCya,https://www.instagram.com/p/DT_R39pgCya/,2026-01-26 21:19:40,video,clips,fepal_brasil,Federação Árabe Palestina,False,Colonos judeus supremacistas perseguem ônibus escolar e aterrorizam crianças palestinas na Cisjordânia Ocupada.,10605,1241,,,True,False,720,1280,2026-05-18 21:29:28
3818676134120305815,DT-qbY2gLSX,https://www.instagram.com/p/DT-qbY2gLSX/,2026-01-26 15:35:17,video,clips,fepal_brasil,Federação Árabe Palestina,False,"Veterano das Forças Especiais do EUA que atuou como mercenário em Gaza e se tornou delator, Coronel Anthony Aguilar, fala sobre os treinamentos compartilhados entre forças policiais dos EUA, incluindo o ICE, e o exército israelense, compartilhando técnicas de brutalização de palestinos a serem aplicadas nas ruas dos EUA.",6970,363,,,True,False,720,1280,2026-05-18 21:29:28
3818036723103838278,DT8ZCu8ADBG,https://www.instagram.com/p/DT8ZCu8ADBG/,2026-01-25 18:25:39,video,clips,fepal_brasil,Federação Árabe Palestina,False,"Novo CEO do TikTok nos EUA afirma que críticas à sionistas são ""discurso de ódio"" e descreve colaboração com ""organizações judaicas"" para banir usuários.  No Congresso Mundial Judaico de 2025, o agora novo CEO do TikTok nos EUA, Adam Presser, descreve a atuação da plataforma para censurar críticas ao sionismo.  Presser acaba de assumir o cargo após a venda da operação do TikTok nos Estados Unidos, que agora passa a ser controlado majoritariamente pelo conglomerado da família Ellison, dona da Oracle e aliados de Trump.  Bilionários e notórios sionistas, a família Ellison está expandindo agressivamente para o setor de mídia e já detém hoje um dos maiores conglomerados dos EUA, com a aquisição recente da Paramount, CBS e agora da operação do TikTok nos EUA. Através da Paramount, a família Ellison disputa a aquisição da Warner Bros. com a Netflix.  Leia mais em reportagem publicada no site da FEPAL em dezembro de 2025 com título ""A família bilionária que pode reconfigurar a mídia dos EUA a favor de 'israel'"".",2760,742,,,True,False,720,1280,2026-05-18 21:29:28
3817201857806260450,DT5bN2CgNji,https://www.instagram.com/p/DT5bN2CgNji/,2026-01-24 14:46:26,video,clips,fepal_brasil,Federação Árabe Palestina,False,"Jornalista palestino protesta contra matança de colegas por ""israel"" meses antes de ser assassinado em Gaza.  Vídeo de agosto de 2025 mostra o jornalista palestino Abdul Raouf Shaat, que trabalhava para agência de notícias Agence France Presse (AFP), protestando contra o assassinato de profissionais de imprensa por ""israel"" em Gaza.  Abdul Raouf Shaat foi assassinado pelos israelenses na última quarta, 21 de janeiro, junto a outros dois colegas jornalistas enquanto documentava as atividades de organização humanitária egípcia em Gaza. Os israelenses bombardearam o carro em que eles estavam, que pertencia à organização humanitária e estava sinalizado.  Mais de 280 jornalistas palestinos foram assassinados por ""israel"" no Holocausto Palestino, a maior matança de profissionais de imprensa da história.",3264,289,,,True,False,720,1280,2026-05-18 21:29:28
3816684266156573307,DT3lh5QFcJ7,https://www.instagram.com/p/DT3lh5QFcJ7/,2026-01-23 21:37:21,carousel,carousel_container,fepal_brasil,Federação Árabe Palestina,False,"“israel” está preparando terras em Rafah para confinar palestinos em uma área sob plena ocupação militar   Imagens de satélite analisadas pela Forensic Architecture mostram ""israel"" arrasando terras, compactando o solo e removendo escombros em Rafah de uma forma que não é visível em nenhum outro lugar a leste da linha amarela.  Leia na íntegra no site da FEPAL",7745,673,,,,False,1440,1800,2026-05-18 21:29:33
3815854950652642535,DT0o9xAEQTn,https://www.instagram.com/p/DT0o9xAEQTn/,2026-01-22 18:09:52,video,clips,ualidrabah,Ualid Rabah,False,Modelo imperial dos Estados Unidos precisa ser destruído e Brasil só terá soberania plena quando for capaz de proteger belicamente seu território e seus recursos.  Trecho de entrevista ao DCM.,8363,867,,,True,False,720,1280,2026-05-18 21:29:33
3815752231292314423,DT0RnAJFSM3,https://www.instagram.com/p/DT0RnAJFSM3/,2026-01-22 14:45:34,photo,feed,fepal_brasil,Federação Árabe Palestina,False,"A Voz de Hind Rajab: Filme sobre menina palestina assassinada com 355 tiros por ""israel"" em Gaza é indicado ao Oscar de Melhor Filme Estrangeiro.  Dirigido por Kaouther Ben Hania e representante da Tunísia no Oscar, o filme narra a história de Hind Rajab, 5 anos, assassinada pelos israelenses em 29 de janeiro de 2024 em Gaza enquanto pedia socorro no telefone. Além dela, os israelenses assassinaram mais 6 familiares de Hind Rajab presos dentro de um carro e a equipe de paramédicos enviada para resgatá-los. Os corpos foram encontrados 12 dias  depois.  O longa venceu o Leão de Prata, grande prêmio do Júri, no Festival de Veneza e foi ovacionado por 23 minutos em sua estreia no festival.",24764,403,,,,False,1440,1800,2026-05-18 21:29:33
3815299058899441004,DTyqkedlVVs,https://www.instagram.com/p/DTyqkedlVVs/,2026-01-21 23:45:11,carousel,carousel_container,fepal_brasil,Federação Árabe Palestina,False,"Como “israel” estrangula a educação cristã em Jerusalém  Mais de 230 professores de escolas cristãs foram impedidos de entrar em Jerusalém por meio de políticas restritivas de autorizações, expondo uma estratégia israelense mais ampla para minar a educação palestina e a presença religiosa na cidade.  Leia a reportagem de Fayha Shalash no site da Fepal.",1955,55,,,,False,800,1066,2026-05-18 21:29:33
3814978204490271853,DTxhnbggAxt,https://www.instagram.com/p/DTxhnbggAxt/,2026-01-21 13:08:32,video,clips,fepal_brasil,Federação Árabe Palestina,False,"""israel"" acaba de assassinar três jornalistas palestinos em bombardeio contra veículo de comitê humanitário egípcio em Gaza; ao menos 11 palestinos foram assassinados pelos israelenses nas primeiras horas desta quarta-feira, 21.  Os jornalistas Abdul Rauf Shaath, Mohamed Salah Qeshta e Anas Ghunaim estavam em carro pertencente ao Comitê Egípcio para Auxílio a Gaza, documentando as atividades do comitê, no momento em que ""israel"" bombardeou o veículo.  Ao menos 11 palestinos foram assassinados pelos israelenses em ataques por toda a Gaza hoje.",5695,711,,,True,False,720,1280,2026-05-18 21:29:33
3814225738753461531,DTu2hnLjU0b,https://www.instagram.com/p/DTu2hnLjU0b/,2026-01-20 12:13:31,video,clips,fepal_brasil,Federação Árabe Palestina,False,"Atleta da NFL Azeez Al-Shaair exibe mensagem contra o Holocausto Palestino e é multado em mais de 11 mil dólares pela liga de futebol americano dos EUA.  Usando uma fita com a mensagem ""Pare o Genocídio"", Al-Shaair explica por que decidiu desafiar a NFL e se manifestar: ""Sou um ser humano e tenho consciência"".",11920,350,,,True,False,720,1280,2026-05-18 21:29:33
3813751435289528827,DTtKrlqEYn7,https://www.instagram.com/p/DTtKrlqEYn7/,2026-01-19 20:30:00,carousel,carousel_container,fepal_brasil,Federação Árabe Palestina,False,"Por dentro das clínicas dos Médicos Sem Fronteiras que “israel” está fechando em Gaza  O grupo de ajuda humanitária se recusou a cumprir novas regras israelenses que restringem a liberdade de expressão e exigem informações sobre funcionários. Pacientes estão atônitos. “Eu preciso deste lugar”, diz um deles.  Leia a reportagem do New York Times traduzida pela Fepal.",2051,86,,,,False,1440,1920,2026-05-18 21:29:33
3813692224241236395,DTs9N9EkXmr,https://www.instagram.com/p/DTs9N9EkXmr/,2026-01-19 18:33:40,video,clips,ualidrabah,Ualid Rabah,False,"""Conselho da Paz"" para Gaza de Trump reúne quadrilha de criminosos de guerra e sionistas para substituir a ONU e continuar o Holocausto Palestino. Os EUA, a nova Alemanha nazista, são os mandantes do genocídio. Seria o mesmo se Hitler montasse seu próprio ""Conselho da Paz"" para os territórios que invadiu.  Comento o tema em entrevista ao DCM.",10124,502,,,True,False,720,1280,2026-05-18 21:29:33
3813639914592789671,DTsxUv6jeSn,https://www.instagram.com/p/DTsxUv6jeSn/,2026-01-19 16:49:06,video,clips,fepal_brasil,Federação Árabe Palestina,False,"Menina palestina reencontra o pai, libertado após mais de um ano sequestrado por ""israel"": ""Não chore""  O pai, Anas Jallamneh, foi sequestrado pelos israelenses em dezembro de 2024 durante invasão à casa da família na Cisjordânia Ocupada.",23214,627,,,True,False,360,640,2026-05-18 21:29:33
3813518475607993082,DTsVtlDAOr6,https://www.instagram.com/p/DTsVtlDAOr6/,2026-01-19 12:48:09,video,clips,fepal_brasil,Federação Árabe Palestina,False,"Canal 13 da TV israelense exibe tortura contra palestinos em prisão de ""israel"" e jornalista pede pena de morte para palestinos sequestrados pelos israelenses.  A cenas foram gravadas na campo de tortura subterrâneo Rakevet.  Grupos de direitos humanos, inclusive em ""israel"", descreveram as prisões sionistas como uma ""forma de tortura e punição cruel"".  “Organizações de direitos humanos documentaram abusos generalizados, incluindo espancamentos físicos, violência sexual, assédio e ameaças – apontando para maus-tratos sistêmicos e deliberados”, afirmou o Comitê Público Contra a Tortura em Israel (PCATI) em junho de 2025.",5520,703,,,True,False,720,1280,2026-05-18 21:29:33
3812864026149433738,DTqA6FfgLGK,https://www.instagram.com/p/DTqA6FfgLGK/,2026-01-18 15:08:33,video,clips,fepal_brasil,Federação Árabe Palestina,False,"Pai palestino peneira escombros por mais de 160 dias à procura dos restos mortais de esposa e 6 filhos assassinados por ""israel"" em Gaza: ""Imploramos pela ajuda do mundo inteiro, mas ninguém nos ajudou. Que Deus não perdoe os responsáveis por isso""",15554,866,,,True,False,720,1280,2026-05-18 21:29:33
3812330849186140511,DToHrVwANFf,https://www.instagram.com/p/DToHrVwANFf/,2026-01-17 21:28:10,video,clips,fepal_brasil,Federação Árabe Palestina,False,"""Conselho da Paz"" para Gaza de Trump é uma quadrilha de criminosos de guerra, lobistas sionistas e bilionários montada para supervisionar a continuação do Holocausto Palestino, a limpeza étnica de Gaza e um projeto piloto para substituir a ONU e o modelo de governança global baseado no multilateralismo.",8115,502,,,True,False,720,1280,2026-05-18 21:29:33
3811579953133140096,DTlc8XTgDiA,https://www.instagram.com/p/DTlc8XTgDiA/,2026-01-16 20:36:36,video,clips,fepal_brasil,Federação Árabe Palestina,False,"Diretor de organização de lobby sionista nos EUA diz monitorar ativistas ""loucos"" pró-Palestina e compartilhar dados com FBI.  Em confissão escadalosa, Jonathan Greenblatt diz que sua organização é capaz de monitorar redes sociais, transações monetárias e aplicativos de mensagens, além de ser responsável por treinar forças policiais nos EUA.  Disfarçada de ""grupo de direitos civis"", a ADL atua diretamente para silenciar e atacar ativistas pró-Palestina nos EUA.  A organização acumula escandalos de espionagem e perseguição. Em janeiro de 2024, ex-funcionários da ADL denunciaram que Greenblatt redirecionou a atuação da entidade para esmagar ativismo pró-Palestina ao invés de atuar no combate ao antijudaismo nos EUA.  Em 2020, mais de 100 grupos de direitos humanos, incluindo o movimento Vidas Negras Importam (Black Lives Matter) assinaram carta denunciando que a ADL “tem um histórico e um padrão contínuo de ataques a movimentos de justiça social liderados por comunidades de pessoas negras, LGBTQIA+, imigrantes, muçulmanos, árabes e outros grupos marginalizados, ao mesmo tempo que se alinha com a polícia, líderes de direita e perpetradores de violência estatal”.",3282,660,,,True,False,720,1280,2026-05-18 21:29:36
3811560999469049794,DTlYojVFefC,https://www.instagram.com/p/DTlYojVFefC/,2026-01-16 19:58:20,carousel,carousel_container,fepal_brasil,Federação Árabe Palestina,False,"Novo muro do apartheid israelense ameaça milhares de famílias palestinas  “israel” já exerce controle direto sobre 60% da Cisjordânia ocupada, a Área C designada pelos Acordos de Oslo, onde se localizam centenas de assentamentos ilegais israelenses. Desde o início do genocídio em Gaza, o ritmo do roubo de terras por “israel” acelerou para o nível mais alto em décadas.  Leia a reportagem de Zena Al Tahhan no site da Fepal.",1643,139,,,,False,1440,1920,2026-05-18 21:29:36
3810944877870786284,DTjMizYFSbs,https://www.instagram.com/p/DTjMizYFSbs/,2026-01-15 23:34:13,carousel,carousel_container,fepal_brasil,Federação Árabe Palestina,False,"“Eles me eletrocutaram, me espancaram e me deixaram passar fome — depois me obrigaram a imitar sons de animais, apesar de saberem que eu era uma criança”  O Centro Palestino de Defesa dos Prisioneiros documentou um dos relatos mais graves e angustiantes de um menor detido cujo pai foi morto, que foi submetido a tortura física e psicológica e que testemunhou o assassinato de outros detidos ao seu lado. O garoto é identificado como Bashir.  🗞️ Arraste e leia mais. Íntegra no site da Fepal.",7309,518,,,,False,1440,1920,2026-05-18 21:29:36
3810836530071625022,DTiz6IoAF0-,https://www.instagram.com/p/DTiz6IoAF0-/,2026-01-15 19:59:41,video,clips,fepal_brasil,Federação Árabe Palestina,False,"""Se você só se importa com o que uma mulher veste, mas não se importa sobre como ela morre, você não é feminista. Você é propagandista""  Escritora e poetisa paquistanesa Fatima Bhutto questiona a hipocrisia ocidental e a diferença de tratamento dado por segmentos feministas à questão de direitos das mulheres no Irã e o silêncio diante do extermínio de mulheres palestinas por ""israel"" em Gaza.",11695,326,,,True,False,720,1280,2026-05-18 21:29:36
3810740593974363710,DTieGFLAMY-,https://www.instagram.com/p/DTieGFLAMY-/,2026-01-15 16:48:39,video,clips,fepal_brasil,Federação Árabe Palestina,False,"Fantoche de ""israel"" e EUA, Reza Pahlavi, ""herdeiro"" de monarquia no Irã estabelecida em golpe de estado apoiado pela CIA nos anos 1950 e deposta em 1978, promete reconhecer ""israel"" imediatamente caso assuma o poder no Irã.",3693,997,,,True,False,360,640,2026-05-18 21:29:36
3810009558881950949,DTf34HsAFzl,https://www.instagram.com/p/DTf34HsAFzl/,2026-01-14 16:36:08,video,clips,fepal_brasil,Federação Árabe Palestina,False,"Iranianos queimam fotos de Trump, Netanyahu e Reza Pahlavi em rejeição à intervenção estrangeira no país.",7695,502,,,True,False,720,1280,2026-05-18 21:29:36
3809925459337035034,DTfkwT4gD0a,https://www.instagram.com/p/DTfkwT4gD0a/,2026-01-14 13:49:36,video,clips,fepal_brasil,Federação Árabe Palestina,False,"""Precisamos garantir que os livros de história não falem sobre as vítimas de Gaza""  Ex-secretário de Estado dos EUA, Mike Pompeo, afirma que é preciso garantir que livros de história ""não escrevam sobre as vítimas de Gaza"" e que as únicas vítimas do Holocausto Palestino são ""o povo de Israel"".  A declaração de Pompeo foi dada em evento da organização de lobby sionista nos EUA The MirYam Institute, com atuação direta em universidades e instituições de ensino.",16164,3550,,,True,False,720,1280,2026-05-18 21:29:36
3809494412410863708,DTeCvwJlcBc,https://www.instagram.com/p/DTeCvwJlcBc/,2026-01-13 23:32:24,carousel,carousel_container,fepal_brasil,Federação Árabe Palestina,False,"“israel” continua a demolir Gaza, prédio por prédio  Mais de 2.500 estruturas foram destruídas desde o início do cessar-fogo. Em maio passado, Netanyahu já havia se gabado de que “israel” estava “destruindo mais e mais casas” e que os palestinos ”não têm para onde voltar”. “O único resultado óbvio”, continuou, “será os habitantes escolhendo emigrar para fora da Faixa de Gaza”  Leia a reportagem do New York Times no site da Fepal.",8529,416,,,,False,1440,1920,2026-05-18 21:29:36
3809316718967307606,DTdaV-PAL1W,https://www.instagram.com/p/DTdaV-PAL1W/,2026-01-13 17:39:32,video,clips,fepal_brasil,Federação Árabe Palestina,False,"Soldados israelenses gravam vídeo dançando enquanto executam demolição de casas de palestinos na Cisjordânia Ocupada.  Mais de 2 mil casas de palestinos foram demolidas por ""israel"" na Cisjordânia Ocupada desde outubro de 2023.",2202,695,,,True,False,720,1280,2026-05-18 21:29:36
3808731006695187166,DTbVKvLFSLe,https://www.instagram.com/p/DTbVKvLFSLe/,2026-01-12 22:15:39,carousel,carousel_container,fepal_brasil,Federação Árabe Palestina,False,"“Nós apenas sentamos e choramos”: pacientes com câncer em Gaza morrem esperando tratamento   Médicos dizem que as mortes relacionadas ao câncer triplicaram desde o início do genocídio de ""israel"" contra Gaza, enquanto ""israel"" impede pacientes de sair e restringe a entrada de medicamentos de quimioterapia  🗞️ Leia a reportagem no site da Fepal",4225,264,,,,False,1440,1920,2026-05-18 21:29:36
3808501909698963973,DTahE7-AOoF,https://www.instagram.com/p/DTahE7-AOoF/,2026-01-12 14:40:39,video,clips,fepal_brasil,Federação Árabe Palestina,False,"Menina palestina recolhe pão após ""israel"" bombardear tendas de refugiados em Gaza.  Video: @mahmoud_awad83",6417,517,,,True,False,720,1280,2026-05-18 21:29:36
3807864948885842174,DTYQP7_AGj-,https://www.instagram.com/p/DTYQP7_AGj-/,2026-01-11 17:35:18,video,clips,fepal_brasil,Federação Árabe Palestina,False,"Idoso palestino chora ao ter casa demolida por ""israel"": ""Não pense que são lágrimas de tristeza. Somos o povo palestino, nada pode nos abalar""  Conhecido localmente como ""o criador de felicidade"", florista palestino Mirsal Hattab assiste à demolição da própria casa por ""israel"" em Nablus, Cisjordânia Ocupada. Em meio a dor, ele manda uma mensagem poderosa do que é a perseverança inabalável palestina diante da ocupação genocida israelense.",20561,1554,,,True,False,720,1280,2026-05-18 21:29:36
3807108519690303242,DTVkQcZgPcK,https://www.instagram.com/p/DTVkQcZgPcK/,2026-01-10 16:32:24,video,clips,fepal_brasil,Federação Árabe Palestina,False,"Bebê palestino com uma semana de vida morre de hipotermia em Gaza.  O recém-nascido Mahmoud Al-Aqra, uma semana de vida, morreu de hipotermia enquanto ""israel"" bloqueia a entrada de ajuda humanitária no enclave palestino, incluindo tendas, cobertores e itens de inverno, e impede a reconstrução de Gaza para seguir o genocídio através do colapso humanitário no território palestino.",8440,976,,,True,False,720,1280,2026-05-18 21:29:39
3806502741339376860,DTTahNWFYzc,https://www.instagram.com/p/DTTahNWFYzc/,2026-01-09 20:28:29,carousel,carousel_container,fepal_brasil,Federação Árabe Palestina,False,Fabricantes de armas de “israel” se beneficiam de financiamento da UE para pesquisas civis de ponta  Dados públicos mostram que empresas israelenses de armamentos obtiveram subsídios para projetos civis apesar de uma rígida proibição da UE de financiar pesquisas que possam ser usadas em guerra  Leia a reportagem de Carolina Pedrazzi.,920,64,,,,False,800,1066,2026-05-18 21:29:39
3806259050883120693,DTSjHC7AP41,https://www.instagram.com/p/DTSjHC7AP41/,2026-01-09 12:24:47,video,clips,fepal_brasil,Federação Árabe Palestina,False,"Colonos judeus supremacistas espancam idoso palestino com deficiência auditiva em ataque na região de Nablus, Cisjordânia Ocupada.",7717,1489,,,True,False,720,1280,2026-05-18 21:29:39
3805708583615955253,DTQl8sVFYE1,https://www.instagram.com/p/DTQl8sVFYE1/,2026-01-08 18:10:38,carousel,carousel_container,fepal_brasil,Federação Árabe Palestina,False,"“israel” promove um genocídio reprodutivo contra mães palestinas em Gaza  A destruição sistemática da assistência materna em Gaza levou a abortos espontâneos, mortes neonatais e partos negados — um tema amplamente ausente das campanhas globais sobre violência de gênero  Leia o artigo de Amira Nimerawi no site da Fepal.",4530,157,,,,False,1440,1920,2026-05-18 21:29:39
3804901882565911961,DTNuhpbjmWZ,https://www.instagram.com/p/DTNuhpbjmWZ/,2026-01-07 15:28:21,video,clips,fepal_brasil,Federação Árabe Palestina,False,"Pastor evangélico e sionista cristão Hank Kunneman sugere que ""Deus prometeu"" petróleo venezuelano aos EUA como parte de ""batalha contra forças das trevas"".  Uma das ""lideranças religiosas"" que promove narrativa sionista nos EUA, Kunneman chegou a sugerir em ""profecia"" publicada em 2023 que Netanyahu é um ""baluarte de Deus"" e que seu ""punho golpeando"" é a ""mão de Deus"" contra os que se levantam contra ""israel"".",9543,3263,,,True,False,720,1280,2026-05-18 21:29:39
3804400264301355898,DTL8eJBFaN6,https://www.instagram.com/p/DTL8eJBFaN6/,2026-01-06 22:51:14,carousel,carousel_container,fepal_brasil,Federação Árabe Palestina,False,"Como “israel” transforma o inverno em uma arma em Gaza  O bloqueio e a guerra de “israel” em Gaza tornaram o inverno letal, enquanto crianças congelam em tendas e casas desabam sob chuvas intensas  Leia o artigo de Said Alsaloul e Ohood Nassar no site da Fepal.",2724,110,,,,False,1440,1920,2026-05-18 21:29:39
3804254415624367588,DTLbTw2gG3k,https://www.instagram.com/p/DTLbTw2gG3k/,2026-01-06 18:01:40,video,clips,fepal_brasil,Federação Árabe Palestina,False,"Soldados israelenses abrem fogo contra estudantes palestinos durante invasão à Universidade de Birzeit, Ramallah, Cisjordânia Ocupada.",11675,1085,,,True,False,720,1280,2026-05-18 21:29:39
3804136590016532680,DTLAhLNAFDI,https://www.instagram.com/p/DTLAhLNAFDI/,2026-01-06 14:07:45,video,clips,fepal_brasil,Federação Árabe Palestina,False,"Menina palestina Sham, 5 anos, celebra aniversário entre os escombros de Gaza.   Vídeo: @alaa.moh.family",9725,493,,,True,False,720,1280,2026-05-18 21:29:39
3803608855055005590,DTJIhnuFXeW,https://www.instagram.com/p/DTJIhnuFXeW/,2026-01-05 20:38:51,carousel,carousel_container,fepal_brasil,Federação Árabe Palestina,False,A ajuda de Jeffrey Epstein a Netanyahu para a exploração de gás offshore em “israel”  Epstein assessorou o papel dos EUA na energia israelense enquanto Ehud Barak buscava parceiros estrangeiros para salvar o monopólio do gás.  Leia a reportagem no site da Fepal.,2344,88,,,,False,800,1066,2026-05-18 21:29:39
3803418590560924243,DTIdQ6GgDJT,https://www.instagram.com/p/DTIdQ6GgDJT/,2026-01-05 14:21:07,video,clips,fepal_brasil,Federação Árabe Palestina,False,"""israel"" fuzila pescadores palestinos para impedir que levem comida para familiares famintos em Gaza.",19593,3004,,,True,False,720,1280,2026-05-18 21:29:39
3802770389761096767,DTGJ4WEFXw_,https://www.instagram.com/p/DTGJ4WEFXw_/,2026-01-04 16:52:58,carousel,carousel_container,fepal_brasil,Federação Árabe Palestina,False,Jornalista palestino relata est*pro por israelenses em campo de tortura sionista.  Dois reféns palestinos relatam à BBC como brutalmente est*prados nas masmorras israelenses  🗞️ Arraste para o lado e leia mais. Na íntegra no site da Fepal.,5205,257,,,,False,1440,1800,2026-05-18 21:29:39
3802105494480742100,DTDys2FFebU,https://www.instagram.com/p/DTDys2FFebU/,2026-01-03 18:51:56,carousel,carousel_container,fepal_brasil,Federação Árabe Palestina,False,"🇵🇸🇻🇪 Da Palestina à Venezuela, EUA são a nova Alemanha Nazista declarando a 3ª guerra mundial  ""Os EUA precisam ser parados, antes que seja tarde demais. O genocídio palestino em Gaza, proporcionalmente a maior matança de civis da história, bem como de crianças e mulheres, determinada pelos EUA e executada por “israel”, deveria ser o alerta definitivo""  🗞️ Arraste para o lado e leia a coluna de Ualid Rabah (@ualidrabah), presidente da Fepal. Disponível também em nosso site.",26945,612,,,,False,1440,1919,2026-05-18 21:29:39
3801894543511566057,DTDCvGrgLbp,https://www.instagram.com/p/DTDCvGrgLbp/,2026-01-03 11:53:11,video,clips,fepal_brasil,Federação Árabe Palestina,False,Todo apoio ao povo venezuelano. Os EUA são a nova Alemanha Nazista a ser derrotada na nova guerra mundial que empreende contra a humanidade.,21526,426,,,True,False,720,720,2026-05-18 21:29:42
3801309163208897635,DTA9osygPRj,https://www.instagram.com/p/DTA9osygPRj/,2026-01-02 16:30:08,video,clips,fepal_brasil,Federação Árabe Palestina,False,"""Quando eu vi aquela criança falar, comecei a chorar""  Lenda do cinema Jackie Chan fala sobre o sofrimento de crianças palestinas no genocídio em Gaza, relembrando o vídeo em que um menino palestino diz não ter perspectiva para o futuro porque ""as crianças não vão crescer em Gaza""",20058,373,,,True,False,720,1280,2026-05-18 21:29:42
3800071997157811078,DS8kVkHgCOG,https://www.instagram.com/p/DS8kVkHgCOG/,2025-12-31 23:31:56,video,clips,fepal_brasil,Federação Árabe Palestina,False,"""O povo de Gaza merece felicidade"": Crianças palestinas celebram o ano novo em Gaza. Dia 817 do Holocausto Palestino.",24361,1051,,,True,False,720,1280,2026-05-18 21:29:42
3800031310581725859,DS8bFfylfqj,https://www.instagram.com/p/DS8bFfylfqj/,2025-12-31 22:10:54,carousel,carousel_container,fepal_brasil,Federação Árabe Palestina,False,O Holocausto Palestino em 2025. O genocídio continua. Dia 817.,18955,841,,,,False,720,900,2026-05-18 21:29:42
3799823600996652308,DS7r27KjRUU,https://www.instagram.com/p/DS7r27KjRUU/,2025-12-31 15:18:32,video,clips,fepal_brasil,Federação Árabe Palestina,False,"""Estamos congelando até a morte! Não temos roupas decentes. Tenham misericórdia!"": Menina palestina pede ajuda ao mundo em meio ao apocalipse humanitário provocado por ""israel"" em Gaza. Dia 817 do Holocausto Palestino.",9349,522,,,True,False,720,1280,2026-05-18 21:29:42
3799257732965581263,DS5rMdfkcHP,https://www.instagram.com/p/DS5rMdfkcHP/,2025-12-30 20:33:56,photo,feed,fepal_brasil,Federação Árabe Palestina,False,"EXTERMÍNIO: “israel” anunciou a proibição de quase 40 organizações humanitárias de atuar em Gaza a partir de 01 de janeiro de 2026. A ONG Médicos Sem Fronteiras é um dos alvos dos israelenses. Proibição é sentença de morte para centenas de milhares de palestinos.  “Com a chegada do inverno, os civis em Gaza enfrentam condições terríveis, com fortes chuvas e queda de temperatura”, afirmaram os ministros do Reino Unido, Canadá, Dinamarca, Finlândia, França, Islândia, Japão, Noruega, Suécia e Suíça em uma declaração conjunta divulgada pelo Ministério das Relações Exteriores britânico nesta terça-feira, 30.  A declaração acrescentou que “1,3 milhão de pessoas ainda precisam de abrigo urgente. Mais da metade das instalações de saúde estão funcionando apenas parcialmente e enfrentam escassez de equipamentos e suprimentos médicos essenciais. O colapso total da infraestrutura sanitária deixou 740 mil pessoas vulneráveis ​​a inundações tóxicas”.  Veja a lista completa:  1. Action Against Hunger 2. ActionAid 3. Alianza por la Solidaridad 4. Campaign for the Children of Palestine 5. CARE 6. DanChurchAid 7. Danish Refugee Council 8. Handicap International: Humanity & Inclusion 9. Japan International Volunteer Center 10. Medecins du Monde France 11. Medecins du Monde Switzerland 12. Medecins Sans Frontieres Belgium 13. Medecins Sans Frontieres France 14. Medecins Sans Frontieres Nederland 15. Medicos del Mundo 16. Mercy Corps 17. MSF Spain 18. Norwegian Refugee Council 19. Oxfam Novib 20. Premiere Urgence Internationale 21. Terre des hommes Lausanne 22. International Rescue Committee 23. WeWorld-GVC 24. World Vision International 25. Relief International 26. Fondazione AVSI 27. Movement for Peace-MPDL 28. American Friends Service Committee 29. Medico International 30. Palestine Solidarity Association in Sweden 31. Defense for Children International 32. Medical Aid for Palestinians UK 33. Caritas Internationalis 34. Caritas Jerusalem 35. Near East Council of Churches 36. Oxfam Quebec 37. War Child Holland",12344,913,,,,False,1440,1800,2026-05-18 21:29:42
3799005745597437533,DS4x5j-ANZd,https://www.instagram.com/p/DS4x5j-ANZd/,2025-12-30 12:13:51,video,clips,fepal_brasil,Federação Árabe Palestina,False,"Jornalista alemã revela ter sido est*prada pelos israelenses em sequestro da Flotilha.  Anna Liedtke integrava a missão humanitária rumo a Gaza, sequestrada por ""israel"", e afirma ter sido est*prada em prisão israelense, reafirmando o uso sistemático de tortura e violência sexual pelos israelenses nas prisões sionistas.",51521,1888,,,True,False,720,1280,2026-05-18 21:29:42
3798426524663704366,DS2uMycAGsu,https://www.instagram.com/p/DS2uMycAGsu/,2025-12-29 17:02:48,video,clips,fepal_brasil,Federação Árabe Palestina,False,"Soldados israelenses matam gato de família palestina e vandalizam casas durante invasão na região de Hebron, Cisjordânia Ocupada.",4924,907,,,True,False,360,640,2026-05-18 21:29:42
3796269473473849808,DSvDvj-EWnQ,https://www.instagram.com/p/DSvDvj-EWnQ/,2025-12-26 17:36:48,carousel,carousel_container,vozesdafiocruzpelapalestina,Vozes da Fiocruz pela Palestina,False,"TRABALHADORES DA FIOCRUZ VÃO AO PLANALTO POR NATAL (E SEMPRE!) SEM GENOCÍDIO NA PALESTINA.  No dia 23 de dezembro, o Coletivo Vozes da Fiocruz pela Palestina e a Asfoc-SN foram ao Palácio do Planalto protocolar o abaixo-assinado A Saúde Sempre Será Contra o Genocídio, com + de 2,5 mil assinaturas (profissionais, entidades da saúde coletiva e movimentos sociais), cobrando do governo posição firme contra o extermínio do povo palestino e ruptura de relações com Israel.   A comissão entregou ofício denunciando o infanticídio que compõe o genocídio em curso e o horror de um terceiro Natal com crianças palestinas feridas, traumatizadas, amputadas sem anestesia, queimadas, soterradas, alvejadas, estraçalhadas por bombas ou morrendo por falta de assistência, fome, sede e frio.  O documeto mostra que, segundo a FEPAL, até 19/12/2025, são 82.967 mortos em Gaza (3,75% da população). E que , desde outubro de 2023, 22.882 crianças foram assassinadas e + de 40 mil ficaram órfãs.   Além disso, o regime sionista age deliberadamente para impedir que as vítimas sejam socorridas e que se noticie o que está acontecendo e, para isso, foram assassinados 1.701 profissionais de saúde e 276 jornalistas”.  O governo foi informado sobre a Nota do Conselho Deliberativo da Fiocruz (09/12/25), que expressa repúdio ao genocídio e coloca a instituição à disposição para ações de ciência, saúde, ajuda humanitária e reconstrução.  E sobre a Moção contra o genocídio e o apartheid (X Congresso Interno, 13/12/25), que exige ruptura de laços, além de boicote, desinvestimento e sanções (BDS).  Às vésperas do Natal, o encontro foi um apelo solidário e urgente pelo fim da barbárie.  O governo prevê novas reuniões com a Asfoc-SN, o Vozes da Fiocruz pela Palestina e a direção da Fiocruz em janeiro de 2026.  Seguimos na luta pela libertação da Palestina! 🇵🇸✊",745,106,,,,False,1440,1440,2026-05-18 21:29:42
3796168606987884805,DSuszwvAJkF,https://www.instagram.com/p/DSuszwvAJkF/,2025-12-26 14:16:43,video,clips,fepal_brasil,Federação Árabe Palestina,False,"Jornalista palestina chora ao falar sobre desumanização de palestinos: ""Mundo escolheu não nos enxergar""  Entre lágrimas de um testemunho poderoso, a jornalista de Gaza Saji Hamdan descreve o papel da imprensa ocidental em desumanizar e silenciar palestinos para fabricar consetimento para atrocidades israelenses no Holocausto Palestino.  Saji vai além e critica o mito de que o Ocidente é governado por ""democracias"", relembrando a repressão de países do norte global ditos ""democráticos"" contra manifestações populares contra o genocídio em Gaza.",35731,1497,,,True,False,720,1280,2026-05-18 21:29:42
3795597289280528353,DSsq5_qAF_h,https://www.instagram.com/p/DSsq5_qAF_h/,2025-12-25 19:21:26,video,clips,fepal_brasil,Federação Árabe Palestina,False,Colono judeu supremacista atropela deliberadamente palestino durante oração na Cisjordânia Ocupada.,4112,452,,,True,False,720,1280,2026-05-18 21:29:42
3795498475254569089,DSsUcD7FdiB,https://www.instagram.com/p/DSsUcD7FdiB/,2025-12-25 16:04:58,carousel,carousel_container,fepal_brasil,Federação Árabe Palestina,False,"🎄🇵🇸 O Natal não é uma história ocidental – é uma história palestina  O Natal é uma história de império, injustiça e da vulnerabilidade de pessoas comuns apanhadas em seu caminho.  🗞️ Leia o texto do Reverendo Munther Isaac, pastor e teólogo palestino de Belém, Palestina Ocupada. Na íntegra no site da FEPAL.",13786,208,,,,False,1440,1800,2026-05-18 21:29:42
3794868113019794559,DSqFHFWAHR_,https://www.instagram.com/p/DSqFHFWAHR_/,2025-12-24 19:12:43,video,clips,fepal_brasil,Federação Árabe Palestina,False,"Cristãos palestinos de Gaza falam sobre o Natal no genocídio: ""Não há alegria em nossos corações""",17216,580,,,True,False,720,1280,2026-05-18 21:29:47
3794806514901928608,DSp3GtoEUqg,https://www.instagram.com/p/DSp3GtoEUqg/,2025-12-24 17:10:58,video,clips,hispantv_brasil,HispanTV Brasil | Português,False,"GRANDES HERÓIS PALESTINOS Duas crianças palestinas enfrentam um grupo de colonos sionistas  Duas crianças palestinas resistem bravamente aos ataques e provocações dos colonos em Masafer Yatta, na Cisjordânia ocupada.  Fonte: Youth Of Sumud  📢 Fique ligado para mais atualizações. Acompanhe nosso canal para mais notícias!",1163,100,,,True,False,720,1280,2026-05-18 21:29:47
3794754220335324496,DSprNuhAF1Q,https://www.instagram.com/p/DSprNuhAF1Q/,2025-12-24 15:26:32,video,clips,fepal_brasil,Federação Árabe Palestina,False,"Perseguido e censurado por ""israel"", lenda do cinema palestino Mohammad Bakri morre aos 72 anos.  Bakri é diretor do emblemático documentário ""Jenin, Jenin"", de 2002, registro histórico do Massacre de Jenin, Cisjordânia Ocupada, durante a Segunda Intifada. Em 11 dias de massacre, ""israel"" assassinou 53 palestinos, incluindo crianças, mulheres e idosos e destruiu mais de 300 casas no campo de refugiados palestino.  Em 2021, o judiciário israelense proibiu a exibição do filme e ordenou que todas as cópias do documentário fossem apreendidas. À época, a censura foi denunciada por cineastas do mundo inteiro, incluindo o diretor israelense Eyal Sivan e o multipremiado cineasta britânico Ken Loach.  🎥: Jenin, Jenin (2002), de Mohammad Bakri",8540,220,,,True,False,720,1280,2026-05-18 21:29:47
3794680546563475790,DSpadoeAElO,https://www.instagram.com/p/DSpadoeAElO/,2025-12-24 13:00:23,video,clips,fepal_brasil,Federação Árabe Palestina,False,"Polícia israelense invade bairro árabe-cristão, espanca e prende palestinos celebrando o Natal em Haifa.  Uma das principais cidades da Palestina Histórica e hoje parte do território dito ""israel"", Haifa é usada por sionistas como exemplo para propaganda do caráter ""democrático"" de ""israel"" por sua população palestina, ditos ""árabe-israelenses"", em outras palavras, palestinos que conseguiram permanecer no território durante a Nakba, a limpeza étnica da Palestina entre 1947 e 1951, e hoje cidadãos de segunda classe em ""israel"", submetidos a políticas de apartheid, discriminação sistemática, racismo e supressão de direitos civis.",8697,802,,,True,False,720,1280,2026-05-18 21:29:47
3794090818562703381,DSnUX9eAEAV,https://www.instagram.com/p/DSnUX9eAEAV/,2025-12-23 17:29:33,video,clips,fepal_brasil,Federação Árabe Palestina,False,"Israelenses publicam vídeo racista no Brasil: ""Estamos presos com uma mulher negra, feia e assustadora""  Um casal de israelenses publicou um vídeo com comentários racistas sobre uma mulher brasileira após alugarem um apartamento de temporada no Brasil sem saber que seria compartilhado.  Vídeo: @ireallyhateyou1948",45034,10061,,,True,False,720,1280,2026-05-18 21:29:47
3794047953816057502,DSnKoMkAPae,https://www.instagram.com/p/DSnKoMkAPae/,2025-12-23 16:03:31,video,clips,fepal_brasil,Federação Árabe Palestina,False,"Palestino chora ao ter cada demolida por ""israel"" na Jerusalém Ocupada.  Ontem (22), ""israel"" demoliu casas de 13 famílias palestinas, cerca de 100 pessoas, na Jerusalém Ocupada.  A prática de demolição forçada de casas de palestinos é uma das políticas israelenses para despalestinizar a cidade ilegalmente ocupada por ""israel"" há 58 anos.",5312,466,,,True,False,720,1280,2026-05-18 21:29:47
3793981872925588783,DSm7ml8AD0v,https://www.instagram.com/p/DSm7ml8AD0v/,2025-12-23 13:52:05,video,clips,fepal_brasil,Federação Árabe Palestina,False,"Greta Thunberg é presa acusada de ""terrorismo"" por cartaz em protesto contra Holocausto Palestino: ""Me oponho ao genocídio"".  Thunberg foi presa em Londres em frente à seguradora Aspen, ligada à Elbit Systems, maior empresa de armas israelense, durante protesto contra o genocídio em Gaza e em solidariedade aos ativistas pró-Palestina presos e em greve de fome há 50 dias no Reino Unido.  O Reino Unido classificou a Palestine Action, rede de solidariedade ao povo palestino, uma ""organização terrorista"" e prende manifestantes que expressam apoio ao grupo.",20466,1119,,,True,False,720,1280,2026-05-18 21:29:47
3793572083192037689,DSlebXggAE5,https://www.instagram.com/p/DSlebXggAE5/,2025-12-23 00:17:50,video,clips,fepal_brasil,Federação Árabe Palestina,False,"CONTEÚDO JORNALÍSTICO/IMAGENS FORTES  Colonos judeus supremacistas matam ovelhas de palestinos na região de Hebron, Cisjordânia Ocupada.",1836,318,,,True,False,720,1280,2026-05-18 21:29:47
3793450024088696173,DSlCrLHAPVt,https://www.instagram.com/p/DSlCrLHAPVt/,2025-12-22 20:15:40,video,clips,fepal_brasil,Federação Árabe Palestina,False,"Sob proteção de soldados israelenses, colonos judeus supremacistas espancam palestinos durante demolição forçada de casas na Jerusalém Ocupada.  Ao menos 13 famílias palestinas, cerca de 100 pessoas, foram desalojadas. Demolição forçada de casas de palestinos é uma política de estado de ""israel"" para despalestinizar a Jerusalém ilegalmente ocupada pelos israelenses.",5430,1091,,,True,False,720,1280,2026-05-18 21:29:47
3793258986938090040,DSkXPN5gMI4,https://www.instagram.com/p/DSkXPN5gMI4/,2025-12-22 13:55:51,video,clips,fepal_brasil,Federação Árabe Palestina,False,"Menina palestina diz querer morrer para escapar do sofrimento em Gaza em meio à destruição provocada por ""israel"" no Holocausto Palestino.  Em dezembro de 2024, estudo patrocinando pela War Child Alliance sobre o impacto do genocídio nas crianças de Gaza revelou que 96% delas sentem que a morte é iminente e metade afirmou que ""deseja morrer"" devido ao trauma da campanha de extermínio executada pelos israelenses contra palestinos.",76506,3813,,,True,False,720,1280,2026-05-18 21:29:47
3792629994556011596,DSiIOLGALRM,https://www.instagram.com/p/DSiIOLGALRM/,2025-12-21 17:07:24,video,clips,fepal_brasil,Federação Árabe Palestina,False,"Soldados israelenses executam à queima-roupa menino palestino de 16 anos na Cisjordânia Ocupada.  ""israel"" alegou que Rayan Abu Mualla, 16, ""jogava tijolos"" contra os soldados, acusação desmetida pelo vídeo, que mostra o adolescente palestino sendo fuzilado e assassinado pelos israelenses à queima-roupa.",4965,590,,,True,False,720,1280,2026-05-18 21:29:47
3791812690943474103,DSfOY1ygPm3,https://www.instagram.com/p/DSfOY1ygPm3/,2025-12-20 14:02:18,video,clips,fepal_brasil,Federação Árabe Palestina,False,"""Pastores cristãos justificam o assassinato de crianças [palestinas] e fingem que isso é o Evangelho em nome de um governo estrangeiro. Deus não tem nacionalidade e a fé cristã proíbe a matança de inocentes""  Comentarista político conservador Tucker Carlson detona sionismo cristão e a instrumentalização da fé cristã para justificar o apoio a ""israel"" no Holocausto Palestino.  Carlson falou em evento da Turning Point USA, organização de extrema-direita fundanda por Charlie Kirk e amplamente pró-""israel"".",7935,651,,,True,False,720,1280,2026-05-18 21:29:47
2917997135661069511,Ch-zu9Gr3TH,https://www.instagram.com/p/Ch-zu9Gr3TH/,2022-09-01 22:46:27,carousel,carousel_container,ibraspal,Instituto Brasil Palestina - IBRASPAL,False,"Como eu posso ajudar a causa da Palestina? 10 dicas para ajudar a fazer do mundo um lugar melhor  1 - Informe-se!  Você sabia que os palestinos são vítimas de um regime de discriminação racial chamado Apartheid? Pois é! As principais organizações de direitos humanos do planeta - Human Rights Watch, Anistia Internacional, B'Tselem e Al-Haq, entre outras, provaram tudo!  2 - Compartilhe o que você aprendeu  Fale com amigos, família e colegas sobre a situação da Palestina! Mas não pare por aí! Para que mais gente aprenda, peça a inclusão da discussão da Palestina em programas de entrevistas, podcasts, revistas e demais veículos de informação. Sugira para eles o convite a representantes de organizações palestinas.  3 - Não divulgue, nem mesmo como crítica, conteúdo discriminatório ou mentiroso contra palestinos.   4 - Participe do movimento de boicote, desinvestimento e sanções – BDS.   O BDS surgiu em 2006, inspirado pela luta dos sul-africanos contra o Apartheid. Não consuma nem financie produtos e serviços de empresas que lucram com a ocupação ilegal da Palestina. O boicote cultural a artistas, universidades, ONGs e pessoas públicas que atuam em Israel ou que defendem a ocupação e o apartheid contra palestinos também é muito importante!   5 - Fortaleça a comunidade Palestina local!   Grupos e empresas como Al-Janiah, Juventude Sanaúd, palestyle, entre outros, costumam ser alvo de atentados, ameaças e discriminação constante. Para eles, o seu apoio faz toda a diferença!  #palestina #palestine #freepalestine #gaza #supportpalestine #freeahmedmanasra #stopisraeliapartheid",3,147,,,,False,1440,1800,2026-05-18 21:30:03
2921315670999808551,CiKmR_-ubon,https://www.instagram.com/p/CiKmR_-ubon/,2022-09-06 12:39:47,carousel,carousel_container,ibraspal,Instituto Brasil Palestina - IBRASPAL,False,"6 - Promova o debate sobre a ocupação da Palestina em seus ambientes de trabalho e estudo e militância.  O Instituto Brasil Palestina, bem como outros grupos em defesa dos direitos palestinos do Brasil, estão sempre abertos a convites para participar de debates, aulas e demais eventos.  7 - Nada sobre nós sem nós: evite eventos que falam de Palestina sem a presença de representantes de grupos palestinos.  Esse tipo de evento é comum entre movimentos de defesa de grupos privilegiados: reúnem-se ""especialistas"" para falar apenas o que convém aos opressores.   8 - Denuncie sempre a propaganda pró ocupação.   Quem diz que Israel ""apenas se defende de terroristas"" é mentiroso ou mal informado, simplesmente. Mas esse não é o único tipo de propaganda enganosa pró-Apartheid.  9 - Não tenha medo, nem deixe que usem o medo contra você.   A calúnia e a difamação de defensores de direitos dos oprimidos é, infelizmente, uma constante. Falsas acusações contra os defensores dos direitos palestinos, portanto, também são comuns.   Mas a verdade é o que é: Israel é um estado de Apartheid que, desde 1948, coloniza a Palestina. E, para colonizar a terra, promove a limpeza étnica via assassinato e expulsão de palestinos de seus lares.   10 - A solidariedade internacional fortalece a causa de todos os povos!  Alguns dos maiores apoiadores da causa Palestina são os povos da Irlanda, Argélia e África do Sul, que lutaram bravamente contra seus colonizadores racistas.   No Brasil, o MST e lideranças dos povos indígenas são fiéis aliados da causa. Isso não é por acaso: a opressão aos palestinos é parte do regime de dominação contra minorias e povos colonizados em todo o planeta.  Lembre-se: estamos do mesmo lado! A libertação de um povo avança a causa de todos os demais povos oprimidos do mundo!  Leve cartazes de apoio, bandeiras da Palestina, o keffiyeh e outros símbolos da causa Palestina para eventos e manifestações!  Pode ter certeza que a sua solidariedade chega na Palestina e é muito bem vinda! Ela faz toda a diferença!  #endisraeliapartheid #palestina #ocupação #palestine #freegaza #freepalestine #standwithpalestine",601,16,,,,False,1440,1800,2026-05-18 21:30:03
3900006710123434402,DYfm3CSjBGi,https://www.instagram.com/p/DYfm3CSjBGi/,2026-05-18 20:45:11,video,clips,ibraspal,Instituto Brasil Palestina - IBRASPAL,False,"Colonos sionistas realizam rituais talmúdicos na entrada da cidade de Sinjil, na Cisjordânia, sob a proteção das forças de ocupação. As forças de ocupação israelenses também impediram os agricultores de chegarem às suas terras devido à presença de colonos na entrada da vila.",6,0,,,True,False,848,464,2026-05-18 21:30:03
3897136464916605728,DYVaPeIk2sg,https://www.instagram.com/p/DYVaPeIk2sg/,2026-05-14 21:42:30,video,clips,ibraspal,Instituto Brasil Palestina - IBRASPAL,False,"Cinco palestinos, incluindo uma criança, ficaram feridos após um drone israelense atingir um grupo de civis em Gaza.",20,1,,,True,False,720,1280,2026-05-18 21:30:03
3896234754248393254,DYSNN2ogcIm,https://www.instagram.com/p/DYSNN2ogcIm/,2026-05-13 15:50:58,video,clips,ibraspal,Instituto Brasil Palestina - IBRASPAL,False,"As forças sionistas invadiram a Escola Primária Masculina Silat al-Dhahr II, em Jenin, na Cisjordânia, na manhã de hoje, causando medo e pânico entre os alunos e a equipe educacional.",26,0,,,True,False,848,480,2026-05-18 21:30:03
3895700234514195334,DYQTrkVn-OG,https://www.instagram.com/p/DYQTrkVn-OG/,2026-05-12 22:08:13,photo,feed,ibraspal,Instituto Brasil Palestina - IBRASPAL,False,"O palestino Zakaria Ali Qatousa, de Deir Qaddis, foi morto por disparos israelenses enquanto tentava cruzar o muro de separação na cidade de Al-Ram, ao norte de Jerusalém ocupada.",30,1,,,,False,949,1280,2026-05-18 21:30:03
3895073814480073424,DYOFP9OArLQ,https://www.instagram.com/p/DYOFP9OArLQ/,2026-05-12 01:23:52,video,clips,globalat.video,GlobaLAT,True,"🚨 Thiago Ávila (@thiagoavilabrasil) ya está de vuelta en Brasil tras diez días detenido en Israel, luego de la intercepción de la flotilla Global Sumud que iba rumbo a Gaza con ayuda humanitaria. 🌍✊ Su llegada a São Paulo estuvo marcada por banderas palestinas, apoyo de simpatizantes y un fuerte clima de tensión política, pues el activista denunció malos tratos durante su detención y torturas sobre otros detenidos y sobre los mismos palestinos.   #thiagoavila #gaza #Brasil #palestina",83,3,,,True,False,480,854,2026-05-18 21:30:03
3894348602223731144,DYLgWurFaHI,https://www.instagram.com/p/DYLgWurFaHI/,2026-05-11 01:22:31,carousel,carousel_container,ibraspal,Instituto Brasil Palestina - IBRASPAL,False,"📢 RECEPÇÃO DE THIAGO ÁVILA EM BRASÍLIA 🇵🇸✊  Nosso querido Thiago Ávila chega amanhã ao Brasil após toda a mobilização internacional em defesa da Flotilha Global Sumud e do povo palestino.  Vamos recebê-lo da maneira que merece: com força, solidariedade e muita mobilização popular!  📍 Aeroporto de Brasília – Área de desembarque 📅 Segunda-feira – 11/5 🕚 Às 23h30  Traga sua bandeira, sua kufiya e sua voz em defesa da Palestina!  A tentativa de silenciar a solidariedade internacional fracassou. A Flotilha segue e a Palestina resiste!  🔥 TODOS OS OLHOS NA FLOTILHA 🔥 TODOS OS OLHOS NA PALESTINA  Pelo fim da ocupação, apartheid e genocídio.  🇵🇸 A luta continua até que a Palestina seja livre do rio ao mar!",4012,8,,,,False,1440,1920,2026-05-18 21:30:03
3894243122062989387,DYLIXynkphL,https://www.instagram.com/p/DYLIXynkphL/,2026-05-10 21:52:59,photo,feed,ibraspal,Instituto Brasil Palestina - IBRASPAL,False,"🚨 LIBERTEM OS 14 MÉDICOS DE GAZA  Profissionais da saúde não podem ser criminalizados por cumprir sua missão humanitária.  Enquanto Gaza enfrenta uma catástrofe humanitária sem precedentes, médicos e equipes de saúde seguem salvando vidas sob bombardeios, escassez de medicamentos e colapso do sistema hospitalar.  Exigimos a libertação imediata dos 14 médicos palestinos detidos nas prisões israelenses, e o respeito ao direito internacional humanitário, que garante proteção aos profissionais da saúde em zonas de conflito.  Defender médicos é defender a vida. Defender Gaza é defender a humanidade.",1116,7,,,,False,1440,1440,2026-05-18 21:30:03
3892739239843616236,DYFybbKGlXs,https://www.instagram.com/p/DYFybbKGlXs/,2026-05-08 20:05:05,photo,feed,ibraspal,Instituto Brasil Palestina - IBRASPAL,False,"Azzam Khalil al-Hayya, filho de Khalil al-Hayya, dirigente do Hamas e o principal negociador do grupo palestino em negociações indiretas com ""Israel"", foi assassinado nesta quinta-feira, 7 de maio, em consequência dos ferimentos provocados por um ataque aéreo sionista em Gaza - o bombardeio atingiu um ponto de ônibus de Jabalia, no bairro de al-Daraj, no centro da Cidade de Gaza.  Al-Hayya já havia perdido três filhos em atentados anteriores de ""Israel"" contra sua vida — dois em Gaza, durante as rodadas de combate de 2008 e 2014, enquanto o terceiro foi morto em uma tentativa israelense de assassinar a liderança do Hamas na capital do Catar, Doha, em setembro do ano passado.  Em nota à imprensa, o Hamas afirmou que o assassinato de parentes de líderes não enfraquecerá a luta do povo palestino:   ""O Hamas afirma que nosso povo palestino, que ofereceu dezenas de milhares de mártires, não permitirá que a ocupação transforme o sangue de filhos e famílias em uma ferramenta de chantagem política.  Esses crimes não farão o negociador palestino recuar de seus princípios nem abandonar os direitos do nosso povo de interromper a agressão, acabar com o cerco e alcançar uma retirada completa da Faixa de Gaza.""",73,4,,,,False,1080,1350,2026-05-18 21:30:03
3892659571999954275,DYFgUGslNVj,https://www.instagram.com/p/DYFgUGslNVj/,2026-05-08 17:27:41,video,clips,ibraspal,Instituto Brasil Palestina - IBRASPAL,False,"Três palestinos foram assassinados e vários outros ficaram feridos ontem (07/05), depois que as forças sionistas fizeram um ataque aéreo numa estação de polícia em Gaza.  O Movimento de Resistência Islâmica (Hamas) declarou que ""o aumento de ataques de 'Israel' a policiais civis tem como intuito semear o caos na Faixa de Gaza, enfraquecer o aparato de segurança e criar uma oportunidade para que suas milícias aliadas implementem suas agendas maliciosas.""",34,2,,,True,False,484,860,2026-05-18 21:30:03
3891418376724196193,DYBGGVhEqth,https://www.instagram.com/p/DYBGGVhEqth/,2026-05-07 00:20:44,photo,feed,ibraspal,Instituto Brasil Palestina - IBRASPAL,False,"_""Por certo, pertencemos a Deus e a Ele retornaremos.""_ (Alcorão 2:156)  *O Instituto Brasil-Palestina (IBRASPAL) manifesta seu mais profundo pesar pelo falecimento da senhora Teresa Regina de Avila e Silva, mãe do ativista brasileiro Thiago Avila e de Luana de Avila.*  Neste momento de dor e despedida, expressamos nossa solidariedade à família, aos amigos e a todos aqueles que compartilharam da convivência e do afeto de Dona Teresa.  Que sua memória permaneça viva como fonte de força e inspiração. Recebam nossos sinceros sentimentos e nosso abraço fraterno.  @thiagoavilabrasil",40,0,,,,False,1438,951,2026-05-18 21:30:03
3891383508618528310,DYA-K8EBUY2,https://www.instagram.com/p/DYA-K8EBUY2/,2026-05-06 23:15:31,video,clips,tvcomdf,TV Comunitária de Brasília,False,"Lara Souza Ávila, esposa de Thiago Ávila, acaba de sair de reunião no Ministério do Itamaraty sobre a situação do marido dela nos porões do nazisionismo em Israel. Ela convoca todos e todas para continuar a luta pela libertação de Thiago, dos mais de 9 mil palestinos presos e pela criação do Estado da Palestina.",7134,452,,,True,False,720,1280,2026-05-18 21:30:09
3891168755589497006,DYANV3uAsCu,https://www.instagram.com/p/DYANV3uAsCu/,2026-05-06 16:06:07,video,clips,ibraspal,Instituto Brasil Palestina - IBRASPAL,False,"Cidade isolada  Em Turmus Ayya, na Cisjordânia, todas as vias de acesso foram fechadas por montes de terra pelas forças sionistas, enquanto colonos israelenses atacavam áreas próximas, arrancavam oliveiras e impediam os agricultores de acessar suas terras.   Abdullah Awad, membro do conselho municipal, afirmou que as medidas deixaram a comunidade de 4.000 pessoas praticamente isolada, interrompendo escolas e serviços cotidianos.",25,2,,,True,False,640,360,2026-05-18 21:30:09
3889845506784453293,DX7geEPCWKt,https://www.instagram.com/p/DX7geEPCWKt/,2026-05-04 20:24:45,photo,feed,g.smrani,جبر,False,"🚨BRASÍLIA, URGENTE! Após a interceptação israelense dos barcos da flotilha global Sumūd ao longo da costa grega e o sequestro de ativistas, Thiago Ávila e Saif Abu Keshek continuam detidos e submetidos a tortura na Palestina ocupada. É possível que sejam condenados por terrorismo e à pena de morte, simplesmente por ousarem fazer algo concreto para ajudar uma população colonizada que sofre um genocídio há dois anos e meio. É hora de mostrar a nossa solidariedade, especialmente em Brasília, cidade de Thiago Ávila, e pressionar o governo brasileiro a agir imediamente pela liberdade de Thiago e Saif. Quarta-feira, dia 6 de maio, às 17h30 em frente ao Itamaraty. Todas e todos lá!",5073,238,,,,False,1365,1820,2026-05-18 21:30:09
3887406843413021484,DXy1-1_DkMs,https://www.instagram.com/p/DXy1-1_DkMs/,2026-05-01 11:30:06,photo,feed,arresalanoticias2,,False,"IBRASPAL AFIRMA QUE CONDENAÇÃO DE ZÉ MARIA É PRECEDENTE PERIGOSO  O Instituto Brasil-Palestina (IBRASPAL) manifestou repúdio à condenação do dirigente político José Maria de Almeida, presidente do PSTU, sentenciado a dois anos de prisão pela 4ª Vara Criminal Federal sob acusação de “racismo”. Para o IBRASPAL, a decisão representa um grave ataque às liberdades democráticas ao penalizar uma posição política vinculada à defesa do povo palestino e à denúncia das violações na Faixa de Gaza.  De acordo com o instituto, o processo impulsionado por entidades como a CONIB e a FISESP, não pode ser compreendido isoladamente, mas como parte de um movimento mais amplo de judicialização contra vozes críticas ao “Estado de Israel”. O IBRASPAL denuncia que, diante do aumento das acusações internacionais sobre a situação em Gaza, intensificam-se iniciativas para silenciar jornalistas, intelectuais e lideranças políticas, transformando o debate público em campo de punição.  Para a entidade, a condenação de Zé Maria inaugura um precedente perigoso, ao criminalizar posicionamentos políticos e restringir a liberdade de expressão. Ao final, o instituto manifesta solidariedade ao dirigente e convoca a sociedade civil e as instituições democráticas a reagirem diante do que classifica como uma decisão injusta e inaceitável.  01/05/2026  📡 QApoie este projeto independentel? Então, acompanhe oprojeto independenteara conteúdo e análises críticas sobre geopolítica, Oriente Médio e América Latina. ㅤ 🤝 Apoie este projeto independente: PIX 15534124000124  #noticias #palestina #orientemedio #nacional",292,24,,,,False,1350,1688,2026-05-18 21:30:09
3887376527134663112,DXyvFrwDaHI,https://www.instagram.com/p/DXyvFrwDaHI/,2026-05-01 10:30:00,photo,feed,arresalanoticias,Arresala Notícias,False,"CONDENAÇÃO DE ZÉ MARIA EXPÕE CRIMINALIZAÇÃO DA CRÍTICA A “ISRAEL”  A condenação do presidente do PSTU, José Maria de Almeida, a dois anos de prisão pela 4ª Vara Criminal Federal, sob acusação de “racismo”, gerou forte reação de entidades e movimentos sociais. Críticos da decisão consideram a sentença injusta e apontam que ela atinge diretamente o direito à livre manifestação política, sobretudo em relação aos crimes do regime sionista.  Para organizações como o Instituto Brasil-Palestina (Ibraspal), o caso representa um precedente preocupante ao punir posicionamentos relacionados à defesa do povo palestino e críticas ao Estado de Israel. Segundo seu vice-presidente, Sayid Tenório, a decisão judicial ignora a distinção entre antissemitismo, forma de racismo, e o antissionismo, entendido como uma posição política legítima no campo do debate público.  A condenação também reacende o debate sobre os limites da liberdade de expressão no Brasil. Entidades e ativistas afirmam que equiparar críticas políticas a crime pode abrir caminho para a criminalização de vozes dissidentes. Em meio à repercussão, cresce a mobilização de apoio a Zé Maria, com apelos para que a decisão seja revista e para que se preserve o direito ao posicionamento político sem perseguições judiciais.  01/05/2026  📡 QApoie este projeto independentel? Então, acompanhe oprojeto independenteara conteúdo e análises críticas sobre geopolítica, Oriente Médio e América Latina. ㅤ 🤝 Apoie este projeto independente: PIX 15534124000124  #noticias #palestina #orientemedio #nacional",164,17,,,,False,1350,1688,2026-05-18 21:30:09
3886965222259619779,DXxRkaPFPfD,https://www.instagram.com/p/DXxRkaPFPfD/,2026-04-30 20:53:07,photo,feed,ibraspal,Instituto Brasil Palestina - IBRASPAL,False,"""Israel"" atacou 22 dos 58 navios de ajuda humanitária que navegavam em águas internacionais com destino a Gaza. As embarcações ainda estavam a 1.000 quilômetros da costa palestina.  Os navios fazem parte de uma segunda Flotilha Global Sumud, que tenta, nos últimos meses, romper o bloqueio israelense levando ajuda humanitária aos palestinos em Gaza. Eles partiram do porto espanhol de Barcelona em 12 de abril.  Israel sequestrou 211 dos 400 ativistas que participavam da flotilha. O Ministério das Relações Exteriores de “Israel” havia informado anteriormente que o número de detidos era de 175.",83,0,,,,False,1080,1350,2026-05-18 21:30:09
3886882154807161129,DXw-rnpFfEp,https://www.instagram.com/p/DXw-rnpFfEp/,2026-04-30 18:08:59,video,clips,ibraspal,Instituto Brasil Palestina - IBRASPAL,False,"O paramédico Ibrahim Saqr foi assassinado enquanto estava a caminho de seu trabalho, quando as forças sionistas abriram fogo contra ele.  O número de mártires dos serviços médicos no norte da Faixa de Gaza chegou a 17, enquanto o número em toda a Faixa de Gaza ultrapassou 250 mártires entre equipes de ambulância e pessoal da defesa civil.",38,0,,,True,False,720,1280,2026-05-18 21:30:09
3886874640543226822,DXw8-RcDZvG,https://www.instagram.com/p/DXw8-RcDZvG/,2026-04-30 17:54:05,video,clips,ibraspal,Instituto Brasil Palestina - IBRASPAL,False,"Três palestinos foram assassinados hoje por um ataque de drone israelense, que atingiu um grupo de civis nas proximidades da rotatória Kuwait, ao sul do bairro Al-Zaytoun, em Gaza.",15,1,,,True,False,720,1280,2026-05-18 21:30:09
3886400319278714534,DXvRH_Vko6m,https://www.instagram.com/p/DXvRH_Vko6m/,2026-04-30 02:10:44,photo,feed,ibraspal,Instituto Brasil Palestina - IBRASPAL,False,"*NOTA PÚBLICA DE SOLIDARIEDADE COM ZÉ MARIA*  _comunicado de imprensa_  *O Instituto Brasil-Palestina (IBRASPAL) manifesta seu veemente repúdio à condenação do dirigente político José Maria de Almeida (Zé Maria), presidente do PSTU*, pela Justiça da 4ª Vara Criminal Federal, que o sentenciou a dois anos de prisão sob a acusação de “racismo”. Trata-se de uma decisão grave e alarmante, que criminaliza uma posição política legítima: a defesa do povo palestino e a denúncia do genocídio em curso na Faixa de Gaza, bem como do caráter colonial do regime imposto pelo “Estado de Israel” sobre a Palestina ocupada. Ao punir tal posicionamento, abre-se um precedente perigoso de restrição à liberdade de expressão e de perseguição política no Brasil.  O processo, movido por entidades como a CONIB (Confederação Israelita do Brasil) e a FISESP (Federação Israelita do Estado de São Paulo), insere-se em um padrão mais amplo de judicialização contra vozes críticas a “Israel”. Em meio ao crescente isolamento internacional do Estado israelense diante das denúncias de genocídio — amplamente documentadas por organismos internacionais — intensificam-se tentativas de silenciar jornalistas, acadêmicos, ativistas e lideranças políticas.  O IBRASPAL afirma com clareza: as acusações formuladas neste caso baseiam-se em uma confusão deliberada entre antissemitismo — que é uma forma inaceitável de racismo e deve ser combatida sem reservas — e o antissionismo, que constitui uma posição política legítima, reconhecida no âmbito do direito à liberdade de expressão. A rejeição ao sionismo, enquanto ideologia política, assim como a condenação das políticas e violações do “Estado de Israel” e do genocídio em Gaza, não pode ser criminalizada.  Diante disso, o Instituto Brasil-Palestina (IBRASPAL) expressa sua total solidariedade a Zé Maria e conclama a sociedade civil, as instituições democráticas e os defensores dos direitos humanos a se posicionarem contra essa decisão e contra qualquer tentativa de criminalizar a solidariedade ao povo palestino.  quinta-feira, 29 de abril de 2026",165,0,,,,False,1440,1440,2026-05-18 21:30:09
3886267062172329809,DXuy01_FSdR,https://www.instagram.com/p/DXuy01_FSdR/,2026-04-29 21:46:11,photo,feed,ibraspal,Instituto Brasil Palestina - IBRASPAL,False,"Os organizadores da Flotilha Global Sumud, composta por dezenas de navios de ajuda humanitária que navegam em direção a Gaza com o objetivo de romper o bloqueio de ""Israel"", informaram que algumas embarcações foram abordadas por lanchas israelenses.  ""Nossos barcos foram abordados por lanchas militares, que se identificaram como 'Israel', apontando lasers e fuzis semiautomáticos e ordenando que os participantes fossem à proa das embarcações e se ajoelhassem"", declarou a missão de ajuda Global Sumud Flotilla.  ""As comunicações dos barcos estão sendo bloqueadas e um SOS foi emitido.""  A Rádio do Exército de ""Israel"" citou fonte israelense segundo a qual ""Israel"" começou a tomar o controle dos navios de ajuda que se dirigem a Gaza. Neste momento, a flotilha se encontra a cerca de 500 quilômetros da costa de Gaza",124,4,,,,False,1080,1350,2026-05-18 21:30:09
3886233723520425390,DXurPs8lB2u,https://www.instagram.com/p/DXurPs8lB2u/,2026-04-29 20:39:56,photo,feed,ibraspal,Instituto Brasil Palestina - IBRASPAL,False,"Comunicado do Hamas à Imprensa:  ""O Movimento de Resistência Islâmica (Hamas) rejeita categoricamente a decisão do estado do Arizona, nos Estados Unidos, de adotar o uso do termo colonial de assentamento “Judeia e Samaria” em vez de “Cisjordânia”, e considera isso um viés flagrante e a adoção da narrativa falsa da ocupação, em detrimento da realidade e dos fatos históricos.  Essa medida representa apoio à colonização e à ocupação, além de uma falsificação da consciência ao utilizar uma terminologia que visa apagar a identidade nacional palestina da terra e promover a terminologia da ocupação sionista fascista, em clara violação do direito internacional e das resoluções da ONU.  Afirmamos que as tentativas de mudar nomes não alterarão a realidade da terra nem o direito de seus proprietários originários. A Cisjordânia é terra puramente palestina.  Conclamamos a comunidade internacional a rejeitar essa medida ilegítima e apelamos às massas do nosso povo para que enfrentem essas políticas por meio de meios midiáticos, políticos e jurídicos, exponham seus perigos e fortaleçam a narrativa palestina diante das mentiras e da desinformação da ocupação.""  Movimento de Resistência Islâmica - Hamas 29 de abril de 2026 Site oficial - Movimento Hamas",180,1,,,,False,1080,1350,2026-05-18 21:30:09
3884673885316125340,DXpIlEagRKc,https://www.instagram.com/p/DXpIlEagRKc/,2026-04-27 17:01:44,video,clips,ibraspal,Instituto Brasil Palestina - IBRASPAL,False,"Na Cisjordânia, vários habitantes de Al Ram foram levados como prisioneiros durante uma operação de detenção em larga escala feita pelo exército sionista, ao norte de Jerusalém.",39,2,,,True,False,480,640,2026-05-18 21:30:09
3882502452495350723,DXha2kAkXvD,https://www.instagram.com/p/DXha2kAkXvD/,2026-04-24 17:07:21,video,clips,ibraspal,Instituto Brasil Palestina - IBRASPAL,False,"Em mais um ataque sionista em Beit Lahia, no norte de Gaza, entre vários feridos e mártires, uma criança, a Zeina Battah, foi atingida no pescoço por tiros provenientes de veículos militares israelenses.  Seu estado foi descrito como crítico.",32,3,,,True,False,720,1280,2026-05-18 21:30:16
3881845712460566483,DXfFhvMFc_T,https://www.instagram.com/p/DXfFhvMFc_T/,2026-04-23 19:21:31,carousel,carousel_container,ibraspal,Instituto Brasil Palestina - IBRASPAL,False,"Uma delegação parlamentar brasileira participou dos trabalhos do Congresso Parlamentar Global pelo Fim do Cerco a Gaza (Global Sumud Parliamentary Congress), realizado na quarta-feira, 22 de abril de 2026, na capital belga, Bruxelas, com a presença de parlamentares, autoridades e figuras públicas de diversos países e continentes. O encontro ocorre em meio ao aumento de apelos internacionais por ações concretas em apoio aos direitos do povo palestino, especialmente na Faixa de Gaza.  A delegação brasileira contou com membros da frente parlamentar pela Palestina no Congresso Nacional, incluindo o deputado João Daniel, a deputada Fernanda Melchionna, a deputada Luizianne Lins e o deputado Padre João, além do presidente do _Instituto Brasil-Palestina (IBRASPAL)_, Dr. Ahmed Shehadeh, que coordenou a participação do grupo neste importante evento internacional.  O congresso destacou a necessidade de fortalecer a resiliência do povo palestino e de abrir corredores humanitários, incluindo um corredor marítimo seguro e permanente para romper o bloqueio imposto à Faixa de Gaza. Os participantes também enfatizaram a importância de não se limitar a declarações finais, mas de acompanhar os resultados do congresso por meio dos parlamentos nacionais, transformando-os em políticas e ações concretas.  Os participantes adotaram a “Declaração de Bruxelas sobre a Responsabilidade dos Estados e a Realização da Autodeterminação Palestina”, que alerta para os riscos de enfraquecimento do direito internacional diante da continuidade de violações sem responsabilização, e conclama os Estados a adotarem medidas jurídicas e políticas coordenadas para proteger civis e pôr fim a situações ilegais.  As atividades foram encerradas com uma grande marcha em direção ao Parlamento Europeu, com a participação de delegados, ativistas e jovens, que levantaram palavras de ordem em apoio à Palestina, reforçando a continuidade da mobilização política e popular para pressionar pelo fim do bloqueio e pela garantia dos direitos do povo palestino.",76,0,,,,False,1440,1440,2026-05-18 21:30:16
3881835831107989559,DXfDR8dkzA3,https://www.instagram.com/p/DXfDR8dkzA3/,2026-04-23 19:02:07,photo,feed,ibraspal,Instituto Brasil Palestina - IBRASPAL,False,"Declaração do Hamas:   ""O horrível massacre da ocupação no norte de Gaza confirma a continuidade do genocídio e o fracasso do Conselho de Paz  O porta-voz do movimento Hamas, Hazem Qassem, afirmou nesta quinta-feira que o horrível massacre realizado na noite passada pelo exército de ocupação no norte de Gaza, que teve como alvo deliberado crianças, confirma mais uma vez a continuidade do genocídio e das mortes em toda a Faixa de Gaza.  Em declaração, Qassem acrescentou que esse massacre, que se soma a dezenas de outros massacres e violações cometidos pelo inimigo criminoso, reflete o crescente fracasso do Conselho de Paz em obrigar a ocupação a interromper suas violações ou a cumprir suas obrigações sob qualquer acordo existente. 'Esses crimes refletem claramente que a máquina militar da ocupação está perpetrando genocídio e violando as leis internacionais e humanitárias.'  O porta-voz do Hamas instou os mediadores e os Estados garantidores 'a assumirem suas responsabilidades e a agir seriamente para pôr fim a esta guerra em curso em Gaza.'""  23 de abril de 2026 Site oficial – Movimento Hamas",77,0,,,,False,1080,1350,2026-05-18 21:30:16
3881268881516467071,DXdCXvgkRN_,https://www.instagram.com/p/DXdCXvgkRN_/,2026-04-23 00:15:27,photo,feed,mansur.peixoto,História Islâmica,False,"O caso da família palestina retida no Aeroporto Internacional de São Paulo/Guarulhos expõe um contraste incômodo na política migratória brasileira e no modo como diferentes perfis de estrangeiros são recebidos no país. De um lado, Hani, Etimad Alghoul e o filho do casal que ainda é um bebê de colo.   Vindos da Faixa de Gaza, eles aguardam há dias uma resposta formal a um pedido de refúgio apresentado ao Comitê Nacional para os Refugiados. O caso é especialmente grave, Etimad está grávida de três e possui um grave quadro de anemia, demandando cuidados com a saúde.  Mesmo com visto válido e uma rede de apoio estruturada, permanecem em área restrita, sem autorização de entrada e sem perspectiva clara de solução.  De outro lado, cresce de forma consistente o fluxo de turistas israelenses em destinos do Nordeste brasileiro — especialmente após cometerem genocídio na Palestina. Jovens vindos de Israel, muitos deles recém-saídos do serviço militar, entram no país com facilidade, desfrutam de praias e infraestrutura turística e circulam sem entraves relevantes. Esse contraste levanta questionamentos não apenas administrativos, mas também éticos e políticos.  A diferença de tratamento não se resume à burocracia migratória. Ela reflete prioridades implícitas: enquanto solicitantes de refúgio enfrentam protocolos demorados e desumanizantes, seus algozes encontram portas abertas. No caso específico dos palestinos, a situação é ainda mais sensível por envolver indivíduos oriundos de áreas massacradas, com relatos recorrentes de crise humanitária.  O turismo israelense no Nordeste, ainda por cima, é repleto de controvérsias. Há registros de tensões culturais, denúncias de comportamentos desrespeitosos e conflitos com comunidades locais, especialmente em destinos mais sensíveis ao impacto do turismo de massa. Em alguns casos, autoridades municipais já relataram dificuldades em lidar com episódios de desordem, uso de substâncias ilícitas e desrespeito a normas locais.  Continua nos comentários.  #historiaislamica #noticias #israel #palestina #brasil",3472,288,,,,False,1000,1000,2026-05-18 21:30:16
3881079903081583946,DXcXZvoFdVK,https://www.instagram.com/p/DXcXZvoFdVK/,2026-04-22 18:01:16,video,clips,ibraspal,Instituto Brasil Palestina - IBRASPAL,False,"Em Deir Dibwan, na Cisjordânia, dezenas de habitantes foram levados como prisioneiros e um jovem foi ferido numa invasão de colonos sionistas apoiados pelo exército de ""Israel"".",87,4,,,True,False,480,640,2026-05-18 21:30:16
3880995481589670829,DXcENP_DGOt,https://www.instagram.com/p/DXcENP_DGOt/,2026-04-22 15:42:34,video,clips,dep_padrejoao,Padre João,True,"Bruxelas é hoje o centro de uma articulação histórica. Tenho a honra de participar do Congresso Parlamentar Global Sumud, um encontro que reúne líderes do mundo todo para transformar a solidariedade em ação política concreta.  Enquanto a maior flotilha civil da história navega rumo a Gaza para romper o bloqueio sionista e genocid@ de israel, aqui no Parlamento trabalhamos por medidas urgentes: o estabelecimento de um corredor marítimo humanitário sob supervisão da ONU, o fim dos ataques ao povo Palestina e a garantia do direito de autodeterminação do povo palestino.  Não se trata apenas de ajuda, mas de justiça e de reafirmar o direito internacional. Um mundo justo para a Palestina é um mundo justo para todos nós.  #GlobalSumud #Bruxelas #DireitosHumanos #PalestinaLivre #Diplomacia #JustiçaSocial #Palestine #PadreJoão",138,14,,,True,False,720,1280,2026-05-18 21:30:16
3880364322865699642,DXZ0srngls6,https://www.instagram.com/p/DXZ0srngls6/,2026-04-21 18:18:43,video,clips,ibraspal,Instituto Brasil Palestina - IBRASPAL,False,"Colonos sionistas abriram fogo contra moradores da aldeia de Al-Mughayyir, perto de Ramallah; os ataques foram direcionados a jovens perto de uma escola. A cena mostra o momento em que o jovem Aws Hamdi Naasan foi martirizado.  A aldeia tem sofrido uma escalada contínua de ataques, com colonos agredindo repetidamente moradores e suas propriedades sob a proteção das forças de ocupação.",163,3,,,True,False,480,640,2026-05-18 21:30:16
3879548421283647505,DXW7LwDihAR,https://www.instagram.com/p/DXW7LwDihAR/,2026-04-20 15:18:09,video,clips,ibraspal,Instituto Brasil Palestina - IBRASPAL,False,"Um jovem palestino foi atingido por tiros da ocupação sionista na região de Al-Faluja. As forças de ocupação de ""Israel"" têm atingido alvos civis com drones, tiros e bombardeado tendas de palestinos deslocados.",25,1,,,True,False,720,1280,2026-05-18 21:30:16
3877494769308618945,DXPoPLnE1DB,https://www.instagram.com/p/DXPoPLnE1DB/,2026-04-17 19:17:11,photo,feed,ibraspal,Instituto Brasil Palestina - IBRASPAL,False,"Comunicado do Hamas à imprensa:  ""O Movimento de Resistência Islâmica (Hamas) acolhe a decisão de cessar-fogo no Líbano, que veio como resultado da resiliência do povo libanês irmão e dos sacrifícios de sua valente resistência, que frustrou os objetivos da agressão sionista e afirmou que a vontade dos povos não pode ser quebrada, além de confirmar a incapacidade do inimigo de alcançar seus objetivos, apesar de possuir um poder militar devastador.  A agressão contra o Líbano e contra o nosso povo palestino faz parte de um único projeto que visa os povos da nossa Ummah, buscando impor hegemonia pela força. No entanto, a resiliência dos povos e sua resistência valente continuam a frustrar esses planos e derrotar seus objetivos.  Saudamos o povo libanês e sua resistência, com destaque para o Hezbollah, por essa resiliência heroica, que representa um marco importante no caminho de confronto com a ocupação.  Afirmamos nossa solidariedade com o povo libanês irmão e nosso apoio ao direito dos deslocados de retornarem com segurança às suas cidades e lares. Pedimos a Deus Todo-Poderoso que conceda Sua misericórdia aos mártires, que conceda rápida recuperação aos feridos e que proteja o Líbano e seu povo de todo mal.""  Movimento de Resistência Islâmica - Hamas 17 de abril de 2026 Site oficial - Movimento Hamas",89,2,,,,False,1080,1350,2026-05-18 21:30:16
3876727936098884886,DXM54SiAd0W,https://www.instagram.com/p/DXM54SiAd0W/,2026-04-16 17:54:25,video,clips,ibraspal,Instituto Brasil Palestina - IBRASPAL,False,"No Dia do Prisioneiro Palestino, ocorreu uma grande manifestação em Gaza em solidariedade aos prisioneiros palestinos e em rejeição à lei que os condena à morte. No vídeo, é possível ver uma criança segurando um cartaz que diz: “A sua dor é a nossa dor.”",36,0,,,True,False,720,1280,2026-05-18 21:30:16
3875982464733247948,DXKQYQOEXnM,https://www.instagram.com/p/DXKQYQOEXnM/,2026-04-15 17:13:16,video,clips,ibraspal,Instituto Brasil Palestina - IBRASPAL,False,"Pelo menos 5 palestinos, dentre os quais uma criança, foram assassinados no campo de refugiados de Al-Shati, em Gaza, quando um drone israelense atingiu um grupo de civis perto de um gerador. ""Israel"" continua com sua política de extermínio e limpeza étnica.",54,3,,,True,False,720,1280,2026-05-18 21:30:16
3875379239973371282,DXIHOLYiT2S,https://www.instagram.com/p/DXIHOLYiT2S/,2026-04-14 21:15:06,video,clips,ibraspal,Instituto Brasil Palestina - IBRASPAL,False,"Em mais um ataque covarde, ""Israel"" atingiu um grupo de palestinos que estavam numa lanchonete em Gaza, assassinando um dos homens presentes. O ataque foi feito com um drone.",23,1,,,True,False,720,1280,2026-05-18 21:30:16
3874524253350085360,DXFE0fCkULw,https://www.instagram.com/p/DXFE0fCkULw/,2026-04-13 16:56:11,video,clips,ibraspal,Instituto Brasil Palestina - IBRASPAL,False,"Após acordo com a Autoridade Palestina, as forças de ""Israel"" permitiram a entrada controlada de aproximadamente 120 pessoas no campo de Jenin para olharem as suas casas e buscarem parte de seus pertences.  Isso ocorre depois de 1 ano e dois meses em que os habitantes da cidade de Jenin foram forçados a se retirar pelo exército sionista.",38,0,,,True,False,720,1280,2026-05-18 21:30:18
3872351023427933364,DW9Wr09CtS0,https://www.instagram.com/p/DW9Wr09CtS0/,2026-04-10 16:58:35,video,clips,ibraspal,Instituto Brasil Palestina - IBRASPAL,False,"Ataque de ""Israel"" ao Líbano hoje. O vice de Donald Trump, J. D. Vance, está a caminho do Paquistão para chegar a um acordo com o Irã. Uma das condições do Irã para manter o cessar-fogo, é a interrupção dos ataques ao Líbano.",16,0,,,True,False,464,576,2026-05-18 21:30:18
3872269326817347339,DW9EG_DlscL,https://www.instagram.com/p/DW9EG_DlscL/,2026-04-10 14:15:06,photo,feed,arresalanoticias,Arresala Notícias,False,"CÂMARA DEBATE RESTRIÇÕES A DEFENSORES DA PALESTINA EM AEROPORTOS ㅤ A Comissão de Legislação Participativa da Câmara dos Deputados realizou Audiência Pública na quarta-feira (8), para debater os acordos de cooperação internacional em matéria de segurança adotados pelo Brasil, que vêm causando restrições no Aeroporto Internacional de Guarulhos, com defensores da causa palestina sendo deportados ou sofrendo restrições. ㅤ A Audiência foi requerida e presidida pelo deputado João Daniel (PT-SE) e contou com a participação de representantes do Itamaraty, Defensoria Pública da União e de entidades da sociedade civil, entre elas o Ibraspal e Fepal. Convidados, o Ministério da Justiça e dos Direitos Humanos não mandaram seus representantes. ㅤ Para o vice-presidente do Ibraspal,  Sayid Tenório, “o Brasil não pode permitir que àqueles que não respeitam o direito internacional e que praticam terrorismo de Estado, crimes de guerra e crimes contra a humanidade, como os Estados Unidos e “Israel”, determinem políticas de segurança em nosso país”. ㅤ Quer ir além da mídia tradicional? Então, acompanhe o @arresalanoticias para conteúdo e análises críticas sobre geopolítica, Oriente Médio e América Latina. ㅤ 🤝 Apoie este projeto independente: PIX 15534124000124",642,110,,,,False,1080,1350,2026-05-18 21:30:18
3871627335095527856,DW6yIxrD6mw,https://www.instagram.com/p/DW6yIxrD6mw/,2026-04-09 17:00:53,video,clips,ibraspal,Instituto Brasil Palestina - IBRASPAL,False,"Uma criança palestina foi presa pelas forças sionistas hoje em Beit Furik, em Nablus, na Cisjordânia. Acredita-se que, atualmente, 350 - 400 crianças estejam detidos nas prisões israelenses. O encarceramento de crianças e mulheres palestinas é uma política que visa aterrorizar a população.",51,0,,,True,False,464,826,2026-05-18 21:30:18
3870291692826603231,DW2Ccn4Ey7f,https://www.instagram.com/p/DW2Ccn4Ey7f/,2026-04-07 20:45:58,carousel,carousel_container,ibraspal,Instituto Brasil Palestina - IBRASPAL,False,"Ataques aéreos dos EUA e de ""Israel"" destruíram uma sinagoga na capital iraniana, Teerã.   O Estado sionista, embora se diga defensor dos judeus, sempre atacou as comunidades judaicas da região do Oriente Próximo.   O objetivo de ""Israel"" é a limpeza étnica da região para a instauração de um Estado que sirva aos interesses imperialistas.",54,0,,,,False,720,960,2026-05-18 21:30:18
3869508906062355521,DWzQdk5DpxB,https://www.instagram.com/p/DWzQdk5DpxB/,2026-04-06 18:51:28,video,clips,ibraspal,Instituto Brasil Palestina - IBRASPAL,False,"O prisioneiro palestino Jibril Al-Safadi, que havia sido detido pelas forças sionistas com as duas pernas intactas, teve uma das suas pernas amputadas nas prisões israelenses.   Isso aconteceu devido aos ferimentos graves que sofreu nas sessões de tortura infligidos pela IDF. Ele foi forçado a assinar um documento que consentia a amputação.   O testemunho de Jibril Al-Safadi não é um caso isolado, mas reflete a realidade de mais de 9.500 prisioneiros que continuam a suportar condições duras nas prisões de ""Israel"".",63,0,,,True,False,720,1278,2026-05-18 21:30:18
3866639660164816180,DWpEEjaj500,https://www.instagram.com/p/DWpEEjaj500/,2026-04-02 19:50:04,photo,feed,ibraspal,Instituto Brasil Palestina - IBRASPAL,False,"Comunicado do Hamas à imprensa:  ""Um chamado a protestos em massa, mobilização e ação global em apoio à Mesquita de Al-Aqsa e aos prisioneiros palestinos  À luz da grave agressão e das violações que visam a abençoada Mesquita de Al-Aqsa, bem como de seu contínuo fechamento arbitrário e injusto, juntamente com a escalada dos crimes sistemáticos do governo de ocupação de caráter fascista contra os prisioneiros palestinos — mais recentemente a aprovação da lei criminosa da “pena de morte” — o Hamas conclama nosso povo palestino, as nações árabes e islâmicas e todos os povos livres do mundo a mobilizarem todos os esforços e a participarem de marchas e atividades amplas em todas as capitais, cidades e praças públicas, em defesa da abençoada Mesquita de Al-Aqsa e em solidariedade com nossos prisioneiros heroicos nas prisões da ocupação, na próxima sexta-feira, sábado e domingo (3, 4 e 5 de abril).  Que a sexta-feira (3 de abril) seja um dia de mobilização em massa e de indignação popular em todo o mundo, “Sexta-feira de Al-Masra [Al-Aqsa] e Al-Asra [os Prisioneiros]”, em apoio à abençoada Mesquita de Al-Aqsa e em solidariedade com os prisioneiros nas prisões da ocupação sionista.  Que as atividades de solidariedade com a Mesquita de Al-Aqsa e com os prisioneiros continuem, e que o movimento global de apoio à nossa causa justa e aos nossos direitos legítimos seja ativado e renovado, reforçando todas as formas de pressão sobre o governo de ocupação de caráter fascista para que cesse seus crimes contra nossa terra, nosso povo, nossos locais sagrados e nossos prisioneiros.""  Movimento de Resistência Islâmica – Hamas 1º de abril de 2026 Site oficial – Movimento Hamas",166,2,,,,False,1080,1350,2026-05-18 21:30:18
3865759131295373700,DWl73LAFVmE,https://www.instagram.com/p/DWl73LAFVmE/,2026-04-01 15:51:21,video,clips,ibraspal,Instituto Brasil Palestina - IBRASPAL,False,"Greve geral nos territórios ocupados da Palestina em protesto contra a lei de pena de morte contra palestinos.   A lei, promovida pelo ministro da segurança de ""Israel"", Itamar Ben-Gvir, condena prisioneiros palestinos que forem acusados de ""terrorismo"" à morte por enforcamento, sem direito a apelação, sendo o prazo máximo para a pena, a partir da condenação, de 90 dias.   A lei só vale para pessoas julgadas no tribunal militar, que basicamente condena exclusivamente os palestinos - pois os militares de ""Israel"" são julgados no tribunal civil.   A pena só se aplica a quem tirar a vida de alguém “com o objetivo de negar a existência do Estado de ‘Israel’”, ou seja, somente para atos da resistência - israelenses que matam palestinos são isentos.",61,0,,,True,False,720,1280,2026-05-18 21:30:18
3864380212087175099,DWhCVQagTe7,https://www.instagram.com/p/DWhCVQagTe7/,2026-03-30 18:00:48,video,clips,ibraspal,Instituto Brasil Palestina - IBRASPAL,False,"Em 2024, o Estado artificial de ""Israel"" destruiu o mausoléu de Simão Pedro, apóstolo de Cristo, na vila de Shama, no sul do Líbano. Com cerca de 1.925 a 1.995 anos de idade, o sionismo destruiu um dos mais importantes monumentos históricos dos cristãos.   Cristãos do mundo, acordem!",93,1,,,True,False,720,720,2026-05-18 21:30:18
3864369344780881472,DWg_3Hcks5A,https://www.instagram.com/p/DWg_3Hcks5A/,2026-03-30 16:40:06,video,clips,ibraspal,Instituto Brasil Palestina - IBRASPAL,False,"Soldados da ocupação israelense foram vistos agredindo um menino palestino na vila de Beit Forik, na cidade ocupada de Nablus, na Cisjordânia. Desde a fundação de ""Israel"", é comum as forças sionistas agredirem palestinos na rua, mesmo sem nenhum motivo, e até mesmo crianças.",93,12,,,True,False,356,640,2026-05-18 21:30:18
3862297529706171904,DWZoyPTAU4A,https://www.instagram.com/p/DWZoyPTAU4A/,2026-03-27 20:03:43,video,clips,ibraspal,Instituto Brasil Palestina - IBRASPAL,False,"A Mesquita de Al-Aqsa continua fechada por ""Israel"", e as forças sionistas não permitem nem a entrada de fiéis no templo, nem que realizem orações em locais próximos à mesquita.  O local é de alta importância religiosa para o islamismo e, de acordo com o Movimento de Resistência Islâmica (Hamas), o seu fechamento é uma tentativa de ""judaização"" do território da Palestina ocupada, que integra o projeto sionista de limpeza étnica.",48,0,,,True,False,640,352,2026-05-18 21:30:18
3861585733945853739,DWXG8P1jwcr,https://www.instagram.com/p/DWXG8P1jwcr/,2026-03-26 20:28:46,carousel,carousel_container,ibraspal,Instituto Brasil Palestina - IBRASPAL,False,Um bebê sobreviveu a um ataque aéreo israelense que atingiu o sul da Faixa de Gaza ontem. O projeto de genocídio e limpeza étnica em Gaza segue operante.,26,0,,,,False,479,267,2026-05-18 21:30:18
3860997790562957862,DWVBQi5Erom,https://www.instagram.com/p/DWVBQi5Erom/,2026-03-26 01:00:27,photo,feed,ibraspal,Instituto Brasil Palestina - IBRASPAL,False,"NOTA PÚBLICA : PELA LIBERTAÇÃO IMEDIATA DE THIAGO ÁVILA E CONTRA DETENÇÕES ARBITRÁRIAS DE ATIVISTAS NO PANAMÁ  O Instituto Brasil-Palestina (IBRASPAL) manifesta sua mais firme e veemente condenação à detenção arbitrária do ativista brasileiro Thiago Ávila, ocorrida no Aeroporto Internacional de Tocumen, durante trânsito internacional. As informações disponíveis indicam que Thiago Ávila foi submetido a interrogatório prolongado, sem transparência quanto aos fundamentos legais da retenção, e com restrições ao seu direito de comunicação — circunstâncias que configuram grave violação de princípios fundamentais do direito internacional, incluindo a proibição de detenção arbitrária e o direito à livre circulação.",51,0,,,,False,1440,1080,2026-05-18 21:30:20
3860780385458631079,DWUP04nDrGn,https://www.instagram.com/p/DWUP04nDrGn/,2026-03-25 17:48:33,carousel,carousel_container,ibraspal,Instituto Brasil Palestina - IBRASPAL,False,"Quatro crianças em Gaza ficaram feridas — um deles em estado crítico — quando embarcações militares israelenses abriram fogo contra a população perto da costa, na região de Al-Mawasi, no sul da Faixa de Gaza. A entidade sionista segue massacrando civis indefesos, enquanto não tem capacidade de barrar os mísseis iranianos contra ""Israel"".",15,0,,,,False,1280,720,2026-05-18 21:30:20
3859993544413860458,DWRc61yFtJq,https://www.instagram.com/p/DWRc61yFtJq/,2026-03-24 15:45:23,carousel,carousel_container,ibraspal,Instituto Brasil Palestina - IBRASPAL,False,"Em mais um ataque criminoso, ""Israel"" e EUA bombardearam uma área civil em Tabriz, no Irã, resultando no assassinato de seis pessoas. Até agora, 1.340 pessoas no Irã foram mortas nos ataques desde 28 de fevereiro.  O Irã afirmou que não existe qualquer negociação em andamento e reiterou que suas condições para o encerramento da guerra são a cessação total das agressões, garantias definitivas de que não haverá novos ataques e pagamento de indenizações pelos danos causados pelo conflito.",21,0,,,,False,719,479,2026-05-18 21:30:20
3859387228645598464,DWPTDyOGaUA,https://www.instagram.com/p/DWPTDyOGaUA/,2026-03-23 19:40:36,photo,feed,ibraspal,Instituto Brasil Palestina - IBRASPAL,False,"O exército sionista torturou uma criança de 1 ano de idade em Gaza, em frente ao seu pai, para pressioná-lo a fazer confissões. A perna do menino, chamado Karim, foi ferida com a unha do soldado sionista, e queimada com cigarro. 10h depois a criança foi liberada para a família, e o pai continua preso.",73,5,,,,False,1280,853,2026-05-18 21:30:20
3857162974451997220,DWHZUoFABok,https://www.instagram.com/p/DWHZUoFABok/,2026-03-20 18:02:36,video,clips,ibraspal,Instituto Brasil Palestina - IBRASPAL,False,"Palestinos que queriam visitar os túmulos de seus parentes no Cemitério dos Mártires, na Cisjordânia, foram expulsos pelas forças sionistas. A prática, que é comum no Eid, é mais um dos atos religiosos islâmicos que têm sido reprimidos por ""Israel"".",22,0,,,True,False,480,640,2026-05-18 21:30:20
3857102657660016215,DWHLm5sClZX,https://www.instagram.com/p/DWHLm5sClZX/,2026-03-20 17:00:38,video,clips,ibraspal,Instituto Brasil Palestina - IBRASPAL,False,"O Eid al-Fitr é uma celebração feita no final do Ramadã, em que se servem comidas típicas e se fazem orações próprias do Eid. Em Gaza, apesar da situação de calamidade causada pela agressão criminosa de ""Israel"", a população conseguiu se organizar para celebrar esse dia, o que demonstra a força do povo palestino.",26,0,,,True,False,720,1278,2026-05-18 21:30:20
3857102185633173283,DWHLgCFDE8j,https://www.instagram.com/p/DWHLgCFDE8j/,2026-03-20 16:01:53,video,clips,ibraspal,Instituto Brasil Palestina - IBRASPAL,False,"Durante o Eid al-Fitr, celebração do final do Ramadã, é tradicional que os muçulmanos façam as suas orações na mesquita de Al-Aqsa, em Jerusalém. Com o fechamento criminoso da mesquita feito por ""Israel"", os fiéis se esforçam por orar em locais próximos - ato que também foi proibido.   Apesar da repressão e das agressões, vários fiéis fizeram suas orações numa rua próxima. Pela primeira vez na história, a mesquita de Al-Aqsa está fechada no Eid.",67,2,,,True,False,720,1278,2026-05-18 21:30:20
3857071986476367122,DWHEok7CL0S,https://www.instagram.com/p/DWHEok7CL0S/,2026-03-20 15:01:43,video,clips,ibraspal,Instituto Brasil Palestina - IBRASPAL,False,"O palestino Sabih Al-Houh, após 28 meses de prisão, foi liberto e recebido calorosamente em Nablus. Ele é pai de Wadie Al-Houh, que fazia parte do grupo de resistência da Cisjordânia Lion's Den, e foi assassinado pelas forças sionistas em 2022.",27,0,,,True,False,720,1280,2026-05-18 21:30:20
3856961661165540913,DWGrjIeEpYx,https://www.instagram.com/p/DWGrjIeEpYx/,2026-03-20 11:21:37,video,clips,ibraspal,Instituto Brasil Palestina - IBRASPAL,False,"neste Eid al-Fitr, o IBRASPAL deseja a todos um tempo de paz, solidariedade e renovação.  Que este dia sagrado fortaleça os laços entre os povos e renove a esperança por justiça e dignidade para todos.  🌙✨  #EidMubarak #Paz #Solidariedade #Esperança #IBRASPAL",43,2,,,True,False,720,1278,2026-05-18 21:30:20
3856522420513873853,DWFHrVvDx-9,https://www.instagram.com/p/DWFHrVvDx-9/,2026-03-19 20:48:43,photo,feed,ibraspal,Instituto Brasil Palestina - IBRASPAL,False,"Comunicado à imprensa:  ""As declarações feitas pelo chamado ministro da segurança nacional do governo de ocupação, Itamar Ben-Gvir, em um vídeo que publicou ao lado de uma “forca”, no qual expressou seu desejo de aplicar a pena de morte contra prisioneiros palestinos, constituem incitação pública ao assassinato e refletem a mentalidade criminosa extremista que governa as políticas da ocupação.  Essas declarações perigosas vêm no contexto de tentativas contínuas de aplicar sentenças de morte contra prisioneiros e de transformar as prisões em locais de eliminação física, em flagrante violação de todas as leis e convenções internacionais.  O apelo para matar prisioneiros revela a profundidade do ódio e do racismo, e confirma a adoção, pelo governo de ocupação, de uma retórica fascista extremista que ameaça a vida de milhares de prisioneiros e os coloca em perigo direto.  Advertimos sobre o perigo dessas declarações e suas consequências, e responsabilizamos totalmente a ocupação por qualquer dano à vida dos prisioneiros, afirmando que esses crimes não passarão sem resposta.  Conclamamos a comunidade internacional e os povos livres de todo o mundo a agir com urgência para conter a ocupação e responsabilizar seus líderes terroristas, intensificar as campanhas de solidariedade com os prisioneiros e exercer pressão por todos os meios para pôr fim a essa incitação e proteger os prisioneiros das políticas de assassinato sistemático [sionistas].""  Movimento de Resistência Islâmica - Hamas 19 de março de 2026",72,4,,,,False,719,658,2026-05-18 21:30:20
3855841973719150918,DWCs9iRkjFG,https://www.instagram.com/p/DWCs9iRkjFG/,2026-03-18 22:17:43,video,clips,ibraspal,Instituto Brasil Palestina - IBRASPAL,False,"Hoje, na cidade de Jaljulia, uma cidade de maioria árabe dentro de ""Israel"", fragmentos de um míssil interceptor caíram sobre uma casa, ferindo cinco palestinos. Outro incidente parecido aconteceu em Beit Awwa, na Cisjordânia, onde fragmentos de míssil caíram num salão de beleza, causando a morte de três mulheres palestinas.",40,1,,,True,False,480,640,2026-05-18 21:30:20
3855058546920823742,DV_61LNjJu-,https://www.instagram.com/p/DV_61LNjJu-/,2026-03-17 20:21:13,video,clips,ibraspal,Instituto Brasil Palestina - IBRASPAL,False,"Um jovem palestino, chamado Fathi Ali Sahouri, foi atingido por disparos da ocupação sionista na cidade de Turmus Ayya, na Cisjordânia. Esse é mais um caso em que forças israelenses disparam contra alvos civis palestinos aleatórios, seguindo uma política de terror e extermínio.",23,0,,,True,False,480,854,2026-05-18 21:30:20
3854879000552685495,DV_SAboDj-3,https://www.instagram.com/p/DV_SAboDj-3/,2026-03-17 14:24:27,video,clips,ibraspal,Instituto Brasil Palestina - IBRASPAL,False,"Ontem (16) à noite, as forças de ocupação sionistas atacaram palestinos que faziam as suas orações perto de Bab al-Sahira, em Jerusalém; os palestinos foram atacados com granadas de efeito moral, e alguns jovens foram presos. Isso ocorre num momento em que ""Israel"" busca impedir as reuniões religiosas dos muçulmanos no território da Palestina ocupada - como, por exemplo, com o fechamento da mesquita de Al-Aqsa durante o Ramadã.",31,0,,,True,False,720,1280,2026-05-18 21:30:22
3854279731767775309,DV9Jv7FAZBN,https://www.instagram.com/p/DV9Jv7FAZBN/,2026-03-16 18:33:48,video,clips,ibraspal,Instituto Brasil Palestina - IBRASPAL,False,"Nesse último final de semana, enquanto uma família em Tamum, na Cisjordânia, saia para se preparar para a festa islâmica do Eid, uma força especial israelense abriu fogo contra seu carro, matando pai, mãe, dois dos filhos (um com 7 e outro com 5 anos de idade), e ferindo 2 outros filhos (11 e 8 anos de idade).  Uma das crianças sobreviventes, que viu setenta balas matarem seus pais e dois irmãos, disse: “Perguntei ao soldado: ‘Você ama seu pai e sua mãe?’ Ele respondeu: ‘Sim.’ Eu disse a ele: ‘Então por que você matou meu pai e minha mãe?’ Aí ele me bateu no rosto.”",16,0,,,True,False,720,1280,2026-05-18 21:30:22
3854244728431019130,DV9ByjrjYR6,https://www.instagram.com/p/DV9ByjrjYR6/,2026-03-16 17:23:57,video,clips,ibraspal,Instituto Brasil Palestina - IBRASPAL,False,"Nesse sábado (14), a IDF demoliu a casa do prisioneiro Azmi Nader Abu Hleil, membro do Fatah, na cidade de Dura na Cisjordânia. Sua família e mais 20 casas ao redor foram obrigadas a evacuar, e seu filho Mohamed foi espancado e obrigado a depredar os bens da família.",21,0,,,True,False,464,826,2026-05-18 21:30:22
3854230247060142106,DV8-f02lfga,https://www.instagram.com/p/DV8-f02lfga/,2026-03-16 16:55:04,video,clips,ibraspal,Instituto Brasil Palestina - IBRASPAL,False,"Pouco antes do iftar (desjejum no Ramadã), colonos israelenses espancaram brutalmente um jovem perto de casa na Cisjordânia. Os ataques frequentes de civis israelenses a palestinos são encobertados e promovidos pelo exército sionista, modo de operação típico do imperialismo.",128,15,,,True,False,464,826,2026-05-18 21:30:22
3852208987483853619,DV1y6oLitMz,https://www.instagram.com/p/DV1y6oLitMz/,2026-03-13 21:59:33,video,clips,ibraspal,Instituto Brasil Palestina - IBRASPAL,False,"Imperialismo promove massacre no Líbano: uma mãe libanesa enterra seus cinco filhos, vítimas da agressão israelense. Desde o início da guerra, ""Israel"" tem bombardeado intensamente o sul do país, atingindo áreas civis.",24,1,,,True,False,720,1280,2026-05-18 21:30:22
3852066878651514641,DV1SmrBEj8R,https://www.instagram.com/p/DV1SmrBEj8R/,2026-03-13 17:16:33,photo,feed,ibraspal,Instituto Brasil Palestina - IBRASPAL,False,"Nota do Hamas à imprensa no dia internacional de Al-Quds:  No Dia Internacional de Al-Quds: advertimos contra a escalada da agressão do governo fascista de ocupação contra Al-Quds e Al-Aqsa, e conclamamos à unificação dos esforços da nação para enfrentar os planos do inimigo sionista.  O Dia Internacional de Al-Quds deste ano ocorre em meio à escalada da agressão e das conspirações da ocupação sionista contra os locais sagrados islâmicos e cristãos na cidade ocupada de Al-Quds, no centro dos quais está a abençoada Mesquita de Al-Aqsa. O governo fascista de ocupação continua seus projetos de judaização e colonização em Al-Quds, fechando os portões de Al-Aqsa aos fiéis e impedindo que aqueles que ali permanecem em vigília cheguem ao local e realizem o retiro espiritual nos últimos dez dias do abençoado mês do Ramadã, em flagrante violação de todas as normas internacionais, cartas e leis divinas, diante de um silêncio e abandono internacional suspeitos.  No Dia Internacional de Al-Quds, a natureza do conflito se revela claramente: a guerra e a escalada na região coincidem com uma perigosa intensificação na Palestina, chegando ao ponto de fechar a abençoada Mesquita de Al-Aqsa aos fiéis durante o mês do Ramadã — algo que ocorre pela primeira vez desde 1967.  O que está acontecendo não são acontecimentos isolados, mas sim partes de um mesmo projeto destinado a quebrar a vontade dos povos da região e destruir os elementos de resistência e firmeza da nação, preparando o terreno para impor realidades que sirvam às ilusões do projeto expansionista sionista e às suas supostas narrativas míticas.  As massas do nosso povo palestino e da nossa nação islâmica recordam, no Dia Internacional de Al-Quds — celebrado todos os anos na última sexta-feira do abençoado mês do Ramadã — a importância da Palestina e de sua joia mais preciosa, a cidade de Al-Quds e a abençoada Mesquita de Al-Aqsa. Recordam também seu dever para com sua cidade sagrada e o local da jornada do Mensageiro fiel, bem como a necessidade de cumprir suas responsabilidades na sua defesa por todos os meios e no enfrentamento dos planos do inimigo sionista.",34,2,,,,False,1024,765,2026-05-18 21:30:22
3851506228468571841,DVzTII2Et7B,https://www.instagram.com/p/DVzTII2Et7B/,2026-03-12 22:42:38,photo,feed,ibraspal,Instituto Brasil Palestina - IBRASPAL,False,"O Membro do gabinete político do Hamas, Dr. Basem Naim, saúda a decisão do governo da Espanha de retirar seu embaixador de ""Israel"":  ""Obrigado, Espanha 🙏  A decisão do governo da Espanha de retirar seu embaixador da entidade sionista, “Israel”, e de reduzir sua representação diplomática reflete uma postura baseada em princípios de apoio à justiça internacional, à paz e às normas fundamentais, especialmente em um momento em que a imprudência e a lei da selva parecem prevalecer sob a liderança de Trump.  Da mesma forma, a determinação da Espanha contrasta com a hipocrisia de certos setores do establishment governante ocidental, cujas posições sobre os conflitos globais frequentemente revelam uma seletividade flagrante que, por vezes, descamba para uma hipocrisia aberta e para manifestações profundamente preocupantes de preconceito.""",59,0,,,,False,1079,720,2026-05-18 21:30:22
3851282699662780347,DVygTXbAee7,https://www.instagram.com/p/DVygTXbAee7/,2026-03-12 15:19:32,video,clips,ibraspal,Instituto Brasil Palestina - IBRASPAL,False,"Todos os dias, os EUA e seu lacaio, a entidade sionista, acrescentam mais inocentes ao seu histórico de crimes: o corpo de uma criança pequena foi retirado dos escombros após ataques dos EUA e de Israel atingirem Teerã, no Irã.",22,0,,,True,False,464,826,2026-05-18 21:30:22
3850681479127478529,DVwXmdKkbEB,https://www.instagram.com/p/DVwXmdKkbEB/,2026-03-11 19:24:42,video,clips,ibraspal,Instituto Brasil Palestina - IBRASPAL,False,"A menina Julia, de apenas 4 anos, foi assassinada num ataque israelense enquanto voltava da creche para casa, em Gaza, na região central de Khan Younis. O genocídio sionista segue na Palestina, sem poupar nem mesmo crianças.",47,7,,,True,False,540,960,2026-05-18 21:30:22
3850053114968296586,DVuIujcEkyK,https://www.instagram.com/p/DVuIujcEkyK/,2026-03-10 22:35:33,photo,feed,ibraspal,Instituto Brasil Palestina - IBRASPAL,False,"O sionismo matou inocentes recentemente também no Líbano, nas cidades de Sair Al-Gharbiya e Sabra, onde houve ataques a áreas civis. Até agora, no Líbano, foram 394 civis assassinados, incluindo 83 crianças, 1.130 feridos; 4 hospitais bombardeados.",24,0,,,,False,1280,1280,2026-05-18 21:30:22
3849803862085523884,DVtQDcmiNms,https://www.instagram.com/p/DVtQDcmiNms/,2026-03-10 14:20:09,photo,feed,ibraspal,Instituto Brasil Palestina - IBRASPAL,False,,67,0,,,,False,1080,1440,2026-05-18 21:30:22
3849217774120515764,DVrKyvpkri0,https://www.instagram.com/p/DVrKyvpkri0/,2026-03-09 18:55:53,photo,feed,ibraspal,Instituto Brasil Palestina - IBRASPAL,False,"📚 PRÉ-VENDA – LANÇAMENTO 25 DE ABRIL  Chega ao Brasil a obra “O Espinho e o Cravo”, do líder palestino Yahya Sinwar — um romance intenso que retrata a história, a resistência e a vida do povo palestino.  Escrito durante anos de prisão, o livro mistura narrativa literária e realidade histórica para mostrar as experiências de uma geração que cresceu sob ocupação e luta por liberdade.   📖 Um romance autobiográfico em dois volumes ✊ Uma obra profunda sobre identidade, fé, resistência e autodeterminação.  💰 Valor da pré-venda: R$ 200 📦 Garanta agora a edição física e receba também a versão E-book antes do lançamento.  📲 Contato / pedidos: 11 997741-0436 📧 vendas@democritos.com.br",59,2,,,,False,1024,1280,2026-05-18 21:30:22
3846422796629598219,DVhPSeBEmAL,https://www.instagram.com/p/DVhPSeBEmAL/,2026-03-05 22:22:43,carousel,carousel_container,ibraspal,Instituto Brasil Palestina - IBRASPAL,False,O Estado sionista e os EUA atacaram áreas civis em diversas cidades no Irã. Os Estados terroristas seguem o mesmo roteiro de extermínio que se leva a cabo na Palestina. Números recentes do Ministério da Saúde do Irã indicam 926 vítimas fatais e 6.281 feridas.,98,1,,,,False,1280,853,2026-05-18 21:30:27
3844951078933289978,DVcAqKGktv6,https://www.instagram.com/p/DVcAqKGktv6/,2026-03-03 21:38:42,carousel,carousel_container,ibraspal,Instituto Brasil Palestina - IBRASPAL,False,"O cortejo fúnebre das meninas assassinadas no ataque israelense à escola primária feminina de Minab. As crianças tinham entre 7 e 12 anos de idade.  Essa é a tal ""liberdade"" que os EUA e ""Israel"" estão trazendo para o Irã.",86,0,,,,False,720,501,2026-05-18 21:30:27
3844196431604805106,DVZVEmAoO3y,https://www.instagram.com/p/DVZVEmAoO3y/,2026-03-02 20:39:21,carousel,carousel_container,ibraspal,Instituto Brasil Palestina - IBRASPAL,False,"Assim como na Palestina, ""Israel"" demonstra que seus alvos não são supostos terroristas, mas sim a própria população. Ao matarem mais de 100 de MENINAS no Irã durante os bombardeios de sábado, o sionismo e o imperialismo já nem tentam mais esconder seu plano de extermínio.",52,2,,,,False,1280,715,2026-05-18 21:30:27
3841971458733673822,DVRbK-jAo1e,https://www.instagram.com/p/DVRbK-jAo1e/,2026-02-27 18:59:05,video,clips,ibraspal,Instituto Brasil Palestina - IBRASPAL,False,"Uma criança ficou ferida, junto com outras pessoas, no bombardeio a uma barraca que abrigava pessoas deslocadas em Khan Younis.",30,0,,,True,False,352,640,2026-05-18 21:30:27
3834936347560438676,DU4bkoskuuU,https://www.instagram.com/p/DU4bkoskuuU/,2026-02-18 02:01:01,photo,feed,ibraspal,Instituto Brasil Palestina - IBRASPAL,False,,51,2,,,,False,1080,1440,2026-05-18 21:30:27
3834911044540937227,DU4V0bbFbQL,https://www.instagram.com/p/DU4V0bbFbQL/,2026-02-18 01:10:42,carousel,carousel_container,ibraspal,Instituto Brasil Palestina - IBRASPAL,False,"“ISRAEL” ACELERA A ANEXAÇÃO, TRAZ O TERRORISMO COLONIAL E ENTERRA   DEFINITIVAMENTE QUALQUER PERSPECTIVA DE PAZ    O Instituto Brasil-Palestina (IBRASPAL) denuncia com absoluta firmeza as decisões   anunciadas em nome do governo da ocupação sionista, por Bezalel Smotrich e Israel Katz, que   não representam mera continuidade da ocupação, mas sim um salto qualitativo rumo à   anexação aberta, deliberada e irreversível da Cisjordânia ocupada.    O que há de novo e extremamente grave nessas decisões é a institucionalização formal do   roubo de terras palestinas, por meio da legalização de colônias ilegais, da transferência direta   do controle territorial do Exército para autoridades civis israelenses e da autorização explícita   para a expansão colonial como política de Estado. Trata-se de anexação de fato, planejada,   consciente e assumida, em violação frontal ao Direito Internacional.    “Israel” já não tenta disfarçar: desafia o mundo inteiro, rasga resoluções da ONU, ignora   decisões da Corte Internacional de Justiça e avança com um projeto colonial supremacista que   elimina qualquer possibilidade de paz. O discurso oficial israelense abandonou até mesmo a   retórica diplomática: assume a colonização permanente, o apartheid institucionalizado e a   negação total dos direitos do povo palestino.    Na Cisjordânia, o que se intensifica não é apenas a ocupação, mas o terrorismo colonial.   Colonos armados, protegidos, financiados e escoltados pelo Exército israelense, atacam aldeias   palestinas, incendeiam casas e plantações, assassinam civis, expulsam famílias inteiras de suas   terras e impõem o medo como método de limpeza étnica. O Exército não é um “espectador”: é   parte ativa dessa engrenagem criminosa e terrorismo, garantindo impunidade e apoio   operacional.     [...]",28,2,,,,False,1440,1768,2026-05-18 21:30:27
3834182137436980384,DU1wFbyFESg,https://www.instagram.com/p/DU1wFbyFESg/,2026-02-17 01:03:30,video,clips,ibraspal,Instituto Brasil Palestina - IBRASPAL,False,"Dana se foi… mas a dor permanece presa nas fronteiras.  “Hoje, Dana faleceu para se juntar a Maryam, Razan, Lana, Jana e Huda… uma lista crescente de ‘pequenos pássaros’ cujas asas foram cortadas pela ocupação, privadas do direito a tratamento médico até o último suspiro.”  Dana não sente mais dor agora. Ela nos deixou durante sua breve jornada de tratamento médico à Jordânia, mas sua partida é um testemunho do crime do “atraso no tratamento” — uma política que transforma uma saída médica em uma viagem para anunciar a morte longe de casa, em vez de um caminho para a recuperação.  Agora, com o coração despedaçado pela perda, o pai de Dana faz um apelo urgente:  “Não nos neguem seu último adeus.”  Seu pai exige que o corpo de Dana possa retornar à Faixa de Gaza, para ser acolhido pela terra onde nasceu, para que ele possa olhar para ela uma última vez e enterrá-la entre seu povo.  É concebível que um pai seja privado do direito de se despedir de sua filha, mesmo depois de sua morte?",33,1,,,True,False,480,652,2026-05-18 21:30:27
3830556938421276271,DUo3z2Ggg5v,https://www.instagram.com/p/DUo3z2Ggg5v/,2026-02-12 01:00:49,video,clips,ibraspal,Instituto Brasil Palestina - IBRASPAL,False,"Novas imagens documentam agressões contra moradores durante operações de demolição realizadas pelas forças de ocupação israelenses na cidade de Silwan, que incluíram a prisão de dois jovens ontem.",36,0,,,True,False,480,852,2026-05-18 21:30:27
3829804422235357685,DUmMtSyjwH1,https://www.instagram.com/p/DUmMtSyjwH1/,2026-02-11 00:04:59,carousel,carousel_container,ibraspal,Instituto Brasil Palestina - IBRASPAL,False,"Jerusalém | Quatro palestinos ficaram feridos durante ataque do exército sionista de demolição na cidade de Silwan, enquanto dois jovens foram presos após serem agredidos.",25,0,,,,False,720,480,2026-05-18 21:30:27
3828205253221255846,DUghGUliYqm,https://www.instagram.com/p/DUghGUliYqm/,2026-02-08 19:07:30,carousel,carousel_container,anovademocracia_br,Jornal A Nova Democracia,False,"🕵️ Documentos do Departamento de Justiça do EUA indicam que o magnata Jeffrey Epstein ""trabalhou com a inteligência israelense"" e que a fonte ""se convenceu de que Epstein foi um agente cooptado pelo Mossad"". Os arquivos apontam vínculos duradouros com figuras centrais do poder político na entidade sionista, indicando que tais conexões foram contínuas e relevantes o suficiente para serem analisadas como possível risco de influência sionista, em paralelo à extraordinária impunidade que Epstein manteve mesmo após sua condenação por crimes sexuais.  Os registros revelam a relação direta entre Epstein e o ex-primeiro-ministro do regime sionista, Ehud Barak, que permaneceu diversas vezes no apartamento do magnata em Nova York após a condenação deste por aliciamento de menores. Epstein atuava como intermediário informal em temas sensíveis de política internacional, utilizando ""Israel"" como plataforma estratégica para articular contatos entre lideranças sionistas e círculos políticos ocidentais. O padrão que emerge é o de um operador que oferecia acesso, financiamento e mediações fora dos canais diplomáticos formais.  O memorando do FBI menciona ainda que o então procurador Alex Acosta teria sido informado de que Epstein ""pertenceu à inteligência"", o que ajudaria a entender a pena excepcionalmente branda diante da gravidade dos crimes. Enquanto o esquema de tráfico e abuso sistemático de menores é exposto, sobreviventes denunciam que o material liberado priorizou a proteção institucional, mantendo os nomes de figuras poderosas amplamente protegidos. Os documentos tornam incontornável o questionamento sobre que tipo de estrutura de poder permitiu que tais crimes fossem tolerados pelo imperialismo ianque.  ➡️ Leia a matéria completa no Portal de AND! Link na bio.  #nazisionismo #imperialismo #jeffreyepstein #anovademocracia #jornalismopolitico",4821,90,,,,False,1440,1800,2026-05-18 21:30:27
3826891790575263944,DUb2c7LGODI,https://www.instagram.com/p/DUb2c7LGODI/,2026-02-06 23:38:54,video,clips,ibraspal,Instituto Brasil Palestina - IBRASPAL,False,"Como o sol desapareceu de seus céus, ele o desenhou com a própria mão na parede da tenda. Em Gaza, as pessoas não esperam pela esperança; elas a constroem com um pincel e cores.  Um pai palestino deslocado em Gaza pinta um sol na janela de sua tenda para dar a seus filhos uma tranquilidade que lhes falta e uma sensação de vida normal em meio a uma guerra que não cessa.",13,1,,,True,False,480,852,2026-05-18 21:30:28
3826098764088729338,DUZCI3tEd76,https://www.instagram.com/p/DUZCI3tEd76/,2026-02-05 21:23:18,video,clips,ibraspal,Instituto Brasil Palestina - IBRASPAL,False,"A aniquilação da Escola Secundária Feminina do Kuwait, ao lado do Hospital Indonésio, foi exibida por um batalhão de engenharia israelense entre suas ‘realizações’ na campanha em curso para apagar o que resta do norte de Gaza.",17,0,,,True,False,848,478,2026-05-18 21:30:28
3821018560949609217,DUG_CL1k2MB,https://www.instagram.com/p/DUG_CL1k2MB/,2026-01-29 21:09:05,photo,feed,ibraspal,Instituto Brasil Palestina - IBRASPAL,False,"O duro inverno, charge por Rahma Toons",11,0,,,,False,1440,926,2026-05-18 21:30:31
3820355445522138081,DUEoQleE4Ph,https://www.instagram.com/p/DUEoQleE4Ph/,2026-01-28 23:11:33,carousel,carousel_container,ibraspal,Instituto Brasil Palestina - IBRASPAL,False,"A despedida do jovem Mohammad Rajeh Nasrallah (20 anos), que foi morto a tiros pelas forças de ocupação na cidade de Adh-Dhahiriya, ao sul de Hebron",19,0,,,,False,1080,1080,2026-05-18 21:30:31
3807205832442951345,DTV6Yh9jrax,https://www.instagram.com/p/DTV6Yh9jrax/,2026-01-10 19:46:24,video,clips,ibraspal,Instituto Brasil Palestina - IBRASPAL,False,Pessoas deslocadas em Gaza enfrentam uma nova onda de sofrimento à medida que o rigor do inverno atravessa seus abrigos improvisados e frágeis.,39,1,,,True,False,480,852,2026-05-18 21:30:31
3806513407495168510,DTTc8a-guH-,https://www.instagram.com/p/DTTc8a-guH-/,2026-01-09 20:51:03,video,clips,ibraspal,Instituto Brasil Palestina - IBRASPAL,False,"“Pelo amor de Deus, parem o que está acontecendo em Gaza.” Pelo menos 14 palestinos, incluindo cinco crianças, foram mortos nos mais recentes ataques aéreos de Israel contra a Faixa de Gaza. Um acampamento que abrigava milhares de pessoas deslocadas estava entre os alvos.  Apesar do anúncio do presidente dos EUA, Trump, de avançar com a segunda fase da trégua, os palestinos denunciam a ausência de um cessar-fogo no terreno e pedem o fim dos massacres em curso. Segundo o Gabinete de Mídia de Gaza, as violações israelenses do cessar-fogo de 10 de outubro já mataram mais de 480 pessoas e feriram 1.200.",38,0,,,True,False,360,638,2026-05-18 21:30:31
3805788964011547628,DTQ4OYaApvs,https://www.instagram.com/p/DTQ4OYaApvs/,2026-01-08 20:51:16,video,clips,ibraspal,Instituto Brasil Palestina - IBRASPAL,False,"Uma cena comovente e devastadora em que crianças se despedem de seu pai, que foi morto após um drone israelense lançar uma bomba na região de Sheikh Nasser, a leste de Khan Younis.",81,1,,,True,False,672,840,2026-05-18 21:30:31
3805014563968951272,DTOIJYKjqPo,https://www.instagram.com/p/DTOIJYKjqPo/,2026-01-07 19:11:47,carousel,carousel_container,ibraspal,Instituto Brasil Palestina - IBRASPAL,False,"Porta-voz do UNICEF na Palestina:  - 98% das escolas na Faixa de Gaza foram destruídas devido à guerra. - 638.000 crianças em Gaza perderam suas vagas escolares por causa da guerra. - Munições não detonadas representam uma grande ameaça ao retorno da educação na Faixa de Gaza. - O maior desafio desde o início da guerra, em outubro de 2023, é a falta de qualquer material educacional. - Cerca de 1.000 profissionais da educação e 20.000 estudantes foram mortos em decorrência da guerra.",22,0,,,,False,1080,607,2026-05-18 21:30:31
3804397349401870966,DTL7zuTiUJ2,https://www.instagram.com/p/DTL7zuTiUJ2/,2026-01-06 22:46:08,video,clips,ibraspal,Instituto Brasil Palestina - IBRASPAL,False,"Ataque israelense mata criança palestina em Khan Iunis em meio a falsas alegações de “terrorismo”.  KHAN IUNIS, GAZA — Um vídeo divulgado pelas forças de ocupação israelenses, alegando ter como alvo “terroristas” que estariam preparando um ataque, foi desmentido pela trágica realidade. O ataque, que atingiu a área de Al-Mawasi, em Khan Iunis, matou uma menina, Dana Abu Marouf, enquanto ela brincava com seus amigos.",17,0,,,True,False,636,360,2026-05-18 21:30:31
3803663556948278382,DTJU9o1ADxu,https://www.instagram.com/p/DTJU9o1ADxu/,2026-01-05 22:28:31,video,clips,ibraspal,Instituto Brasil Palestina - IBRASPAL,False,"Mártires e feridos, a maioria crianças, após ataques de drones israelenses que atingiram uma tenda que abrigava pessoas deslocadas na área de Al-Mawasi (Al-Qarara), a oeste de Khan Younis.",36,13,,,True,False,360,480,2026-05-18 21:30:31
3802285408470795296,DTEbm8CjYQg,https://www.instagram.com/p/DTEbm8CjYQg/,2026-01-04 00:49:38,photo,feed,ibraspal,Instituto Brasil Palestina - IBRASPAL,False,"Diversas organizações do chamado eixo da resistência soltaram notas de apoio à Venezuela, entre elas o Hamas, a FPLP, o Hesbolá, a Jiade Islâmica, etc. Veja algumas a seguir:  A Frente Popular pela Libertação da Palestina denunciou a agressão imperialista americana contra a Venezuela, incluindo ataques aéreos e com mísseis contra Caracas e alvos civis, classificando-os como um novo episódio de “terrorismo americano organizado” contra Estados soberanos.  A FPLP declarou solidariedade ilimitada a Maduro e argumentou que a Venezuela está sendo punida por sua postura anti-hegemônica e por seu apoio à Palestina, retratando os pretextos dos EUA como uma cortina de fumaça para “pirataria imperialista” e roubo de recursos.  O Hamas condenou o ataque dos EUA à Venezuela e o alegado sequestro do presidente Maduro e de sua esposa, classificando-o como uma grave violação do direito internacional e da soberania de um Estado independente. O movimento considerou o ataque uma extensão das injustas intervenções dos EUA, motivadas por ambições imperialistas, que desestabilizaram diversos países e ameaçaram a paz internacional. O Hamas instou a ONU, especialmente o Conselho de Segurança, a tomar medidas para deter o ataque imediatamente.  A Jiade Islâmica Palestina condenou o ataque dos EUA à Venezuela como uma campanha crescente, desde o bloqueio até ataques diretos, com o objetivo de dominação, ocupação e pilhagem, e uma flagrante violação da soberania e do direito internacional.  Eles classificaram a Venezuela como alvo por seu apoio inabalável à Palestina e às forças de resistência regionais, descrevendo a luta como parte de uma batalha anti-imperialista compartilhada.  Também declararam total solidariedade ao governo de Maduro e conclamou os movimentos de libertação globais a se oporem à agressão e a defenderem o princípio da autodeterminação.  O Hesbolá condenou a agressão terrorista e intimidação dos EUA contra a Venezuela, incluindo ataques contra civis e infraestrutura vital, e o suposto sequestro de Maduro e sua esposa, classificando-o como uma violação sem precedentes da soberania e das normas da ONU.  [...]",450,4,,,,False,1080,1350,2026-05-18 21:30:31
3800121269351015118,DS8vikbEuLO,https://www.instagram.com/p/DS8vikbEuLO/,2026-01-01 01:11:36,video,clips,ibraspal,Instituto Brasil Palestina - IBRASPAL,False,"✨ Feliz Ano Novo 2026 ✨  O Instituto Brasil-Palestina (IBRASPAL) deseja a todos um novo ano de paz, solidariedade, justiça e cooperação entre os povos.  Que 2026 seja marcado pelo fortalecimento dos laços entre o Brasil e a Palestina, pela defesa dos direitos humanos e pela construção de um futuro baseado no diálogo, na dignidade e na esperança.  🤝🇧🇷🇵🇸  Instituto Brasil-Palestina – IBRASPAL  #palestinalivre  #gaza #feliz2026  #felizanonovo❤️",53,0,,,False,False,720,1278,2026-05-18 21:30:31
3799393496680754449,DS6KEFTle0R,https://www.instagram.com/p/DS6KEFTle0R/,2025-12-31 01:03:41,photo,feed,ibraspal,Instituto Brasil Palestina - IBRASPAL,False,"Os “túmulos fictícios” na Jerusalém ocupada  Israel instala na Jerusalém ocupada o que chama de “túmulos judaicos”, que na realidade são apenas lápides simbólicas, vazias de restos mortais, colocadas ou declaradas repentinamente em terras palestinas privadas ou waqf islâmico, inclusive nos arredores da Mesquita Al-Aqsa, sem qualquer prova arqueológica ou histórica confiável.  Essas lápides não são túmulos reais, mas um instrumento político de judaização, usado para transformar áreas palestinas em “locais sagrados”, impedindo construções, contestações legais e facilitando a apropriação definitiva da terra. O objetivo central é impor uma narrativa bíblica fabricada, alterar o caráter histórico e religioso de Jerusalém e criar um falso “cinturão sagrado” ao redor de Al-Aqsa.  Diversos arqueólogos, inclusive israelenses, afirmam que  esses supostos túmulos são recentes, sem base científica, ou simples lápides colocadas sobre terrenos vazios, ou ainda reinterpretações políticas de espaços islâmicos.  Segundo o direito internacional, essas práticas constituem violação grave da Quarta Convenção de Genebra, ao tentar modificar a identidade religiosa e histórica de uma cidade ocupada. Conclusão: não são túmulos, mas lápides vazias usadas como ferramenta de roubo de terras e falsificação da história.",318,4,,,,False,1440,1440,2026-05-18 21:30:31
3797761169722589146,DS0W6mXFj_a,https://www.instagram.com/p/DS0W6mXFj_a/,2025-12-28 20:00:15,carousel,carousel_container,ibraspal,Instituto Brasil Palestina - IBRASPAL,False,"Deir Dibwan, a leste de Ramallah | Colonos israelenses atacaram uma fazenda de ovelhas na área de Khallat al-Louzah, agredindo moradores e submetendo-os a abusos antes de roubarem aproximadamente 150 ovelhas. Durante a cobertura, o jornalista Mohammad Turkman foi agredido após o exército exigir que ele desligasse a câmera, apesar de ele ter se identificado e apresentado sua credencial de imprensa.",63,1,,,,False,960,960,2026-05-18 21:30:31
3797036653919894411,DSxyLgcCHuL,https://www.instagram.com/p/DSxyLgcCHuL/,2025-12-27 20:00:20,video,clips,ibraspal,Instituto Brasil Palestina - IBRASPAL,False,"Beit Ummar | O exército de ""Israel"" prenderam três crianças da área de Abu al-Touq, perto da entrada da cidade, após uma incursão realizada na tarde de sexta-feira, 26/12/2025.  Fontes locais relataram que os soldados algemaram as crianças, vendaram seus olhos e as transferiram para um acampamento militar dentro do assentamento de Karmi Tzur, ao sul de Beit Ummar, sem informar às famílias os motivos da prisão.",47,1,,,True,False,360,640,2026-05-18 21:30:34
3796433535579240667,DSvpC-tlLjb,https://www.instagram.com/p/DSvpC-tlLjb/,2025-12-26 23:03:45,video,clips,ibraspal,Instituto Brasil Palestina - IBRASPAL,False,"Enquanto o mundo celebra o Natal, soldados israelenses celebravam à sua própria maneira: balas atingindo casas de crianças em Tulkarm e a destruição devorando bairros residenciais na Faixa de Gaza.”",87,5,,,True,False,360,638,2026-05-18 21:30:34
3795406288453582923,DSr_ekRj0BL,https://www.instagram.com/p/DSr_ekRj0BL/,2025-12-25 14:01:26,photo,feed,ibraspal,Instituto Brasil Palestina - IBRASPAL,False,"""O governo em Gaza divulgou na segunda-feira (22) um balanço segundo o qual, desde o início do cessar-fogo em 10 de outubro, “Israel” assassinou 411 palestinos e feriu 1.112, ao violar de forma sistemática o acordo e seu protocolo humanitário ao longo de 73 dias. O levantamento registra 875 violações, entre tiros contra civis, incursões em áreas residenciais, bombardeios e demolições de estruturas civis.  No mesmo comunicado, o governo em Gaza registrou que “Israel” descumpriu o compromisso de permitir a entrada regular e suficiente de ajuda humanitária. No período, entraram 17.819 caminhões de ajuda, de um total planejado de 43.800, 41% do previsto.  A destruição em massa causada pelos bombardeios transformou o inverno em mais uma sentença de morte. O governo em Gaza registrou que sistemas recentes de mau tempo provocaram o desabamento de 46 casas já danificadas, matando 15 pessoas que haviam se refugiado dentro delas. O mesmo balanço informa a morte de duas crianças por frio extremo dentro de barracas.  O “presente de Natal” imposto por “Israel” às crianças palestinas é a combinação de bombas, demolições e bloqueio que produz fome, destruição do atendimento médico, desabamentos e mortes por frio em meio às ruínas de Gaza.""",82,0,,,,False,1439,959,2026-05-18 21:30:34
3794680872495254885,DSpaiYBDI1l,https://www.instagram.com/p/DSpaiYBDI1l/,2025-12-24 14:00:44,video,clips,ibraspal,Instituto Brasil Palestina - IBRASPAL,False,"Duas crianças palestinas enfrentam bravamente os ataques e provocações de colonos em Masafer Yatta, na Cisjordânia ocupada.",32,3,,,True,False,464,826,2026-05-18 21:30:34
3794244608994380391,DSn3V5-DQpn,https://www.instagram.com/p/DSn3V5-DQpn/,2025-12-23 22:33:59,photo,feed,ibraspal,Instituto Brasil Palestina - IBRASPAL,False,"FELIZ NATAL FELIZ NAVIDAD MERRY CHRISTMAS  Neste Natal, reafirmamos os valores que nos unem como humanidade: a dignidade humana, a justiça, a solidariedade e a esperança.  Que o espírito do Natal fortaleça a luta por um mundo mais justo, onde a vida, a liberdade e a dignidade sejam direitos reais para todos os povos.  Recebam nossos votos de paz, saúde, força e esperança.  Instituto Brasil-Palestina – IBRASPAL",21,1,,,,False,1024,1536,2026-05-18 21:30:34
3793493172262011635,DSlMfD-jALz,https://www.instagram.com/p/DSlMfD-jALz/,2025-12-22 21:40:50,carousel,carousel_container,ibraspal,Instituto Brasil Palestina - IBRASPAL,False,"Organização Mundial da Saúde: Mais de 100.000 crianças e 37.000 mulheres grávidas e lactantes em Gaza correm risco de desnutrição grave até abril de 2026, em meio a condições humanitárias catastróficas e a esforços de ajuda frágeis.",13,0,,,,False,720,480,2026-05-18 21:30:34
3790665642417288334,DSbJlFmj3SO,https://www.instagram.com/p/DSbJlFmj3SO/,2025-12-19 00:03:04,carousel,carousel_container,ibraspal,Instituto Brasil Palestina - IBRASPAL,False,"Bebê de um mês morre de frio, tornando-se a 13ª vítima do inverno.  A morte do bebê recém-nascido Said As’eid Abdeen, de um mês de idade, ocorreu em decorrência do frio e da queda acentuada das temperaturas, elevando para 13 o número de mortes que chegaram aos hospitais na Faixa de Gaza devido à frente climática e ao frio intenso no território.",95,4,,,,False,1080,1350,2026-05-18 21:30:34
3789925282203942013,DSYhPbbCbx9,https://www.instagram.com/p/DSYhPbbCbx9/,2025-12-17 23:33:06,video,clips,ibraspal,Instituto Brasil Palestina - IBRASPAL,False,"“Estamos nos afogando…” Assim eram os gritos das crianças nesta noite, depois que as águas da chuva inundaram suas tendas frágeis e lhes roubaram o calor, a segurança e até a capacidade de resistir. Crianças enfrentando a chuva sem abrigo, o frio sem misericórdia, e nada as protege além da oração. Até quando?",37,0,,,True,False,360,640,2026-05-18 21:30:34
3789171652815690742,DSV14rXDxv2,https://www.instagram.com/p/DSV14rXDxv2/,2025-12-16 22:34:48,photo,feed,ibraspal,Instituto Brasil Palestina - IBRASPAL,False,"Uma mãe senta-se diante de sua tenda, inundada pela água… a tristeza do inverno pesa profundamente em seu coração.",90,4,,,,False,1080,1211,2026-05-18 21:30:34
3788524762885690950,DSTizMKkpZG,https://www.instagram.com/p/DSTizMKkpZG/,2025-12-16 01:09:33,video,clips,ibraspal,Instituto Brasil Palestina - IBRASPAL,False,"Mundo, estamos nos afogando…  Duas crianças enfrentam ondas de desespero: uma tenta salvar o que restou de sua tenda, enquanto a outra ergue as mãos ao céu, implorando por socorro.  Suas vozes gritam… quem irá responder?",90,1,,,True,False,360,640,2026-05-18 21:30:34
3786348595114277249,DSLz_x_lfmB,https://www.instagram.com/p/DSLz_x_lfmB/,2025-12-13 01:05:47,carousel,carousel_container,ibraspal,Instituto Brasil Palestina - IBRASPAL,False,"No rigoroso inverno de Gaza, as crianças enfrentam frio severo e chuvas que penetram nas tendas, que mal lhes oferecem qualquer proteção. Com a falta de abrigo seguro e dos mais básicos meios de sobrevivência, os perigos que ameaçam suas vidas se agravam dia após dia.",26,2,,,,False,1440,1440,2026-05-18 21:30:34
3779731824500086580,DR0ThGJkRc0,https://www.instagram.com/p/DR0ThGJkRc0/,2025-12-03 21:59:27,carousel,carousel_container,hispantv_brasil,HispanTV Brasil | Português,False,"ATO IN MEMORIAM DE NATALIA PIMENTA REÚNE CENTENAS DE PESSOAS  A homenagem a Natália Pimenta revelou a dimensão política e internacionalista de uma dirigente que dedicou a vida à luta operária e à causa palestina. As falas denunciaram o caráter criminoso da burocracia estatal que negou seu tratamento e relembraram seu legado como referência teórica, organizativa e revolucionária do PCO.  📢 Fique ligado para mais atualizações. Acompanhe nosso canal para mais notícias!",440,8,,,,False,1440,1800,2026-05-18 21:30:34
3480846314236216161,DBOc0fNxwNh,https://www.instagram.com/p/DBOc0fNxwNh/,2024-10-17 12:47:17,carousel,carousel_container,juventude_sanaud,Sanaúd - Juventude Palestina,False,As referências usadas neste post foram:  Aimé Césaire. Discours sur le colonialisme. Naomi Klein. Doppelganger: A Trip into the Mirror World.,6094,167,,,,False,1440,1800,2026-05-18 21:30:42
2578009112137016042,CPG7aDspaLq,https://www.instagram.com/p/CPG7aDspaLq/,2021-05-20 20:30:56,carousel,carousel_container,juventude_sanaud,Sanaúd - Juventude Palestina,False,"Desde que começaram as recentes ofensivas militares a Gaza, os palestinos têm sido acusados de “iniciarem o conflito”, provocando injustamente Israel. Já exploramos em outros posts a realidade da ocupação militar, despejo e roubo de terras nos territórios da Cisjordânia e Jerusalém Oriental (como comprovam relatórios das Nações Unidas, Human Rights Watch, Anistia Internacional, entre outros). Agora, é essencial compreendermos o cerco israelense que faz de Gaza a maior prisão a céu aberto do mundo, e de que modo seus cidadãos têm seus recursos básicos restritos. O cenário atual não começou com Hamas ou Netanyahu, são décadas de crimes de guerra. Confira o post, e os relatórios das fontes!   NOTA: a Juventude Sanaúd condena a morte de civis israelenses. Nosso movimento por justiça e libertação em nada regozija a perda de vidas inocentes.",20506,1565,,,,False,1080,1080,2026-05-18 21:30:42
3026634121543140480,CoAw7Kfp8SA,https://www.instagram.com/p/CoAw7Kfp8SA/,2023-01-29 20:08:45,carousel,carousel_container,juventude_sanaud,Sanaúd - Juventude Palestina,False,"A imprensa, inclusive a brasileira, é especialista em reproduzir falácias e clichês sobre a Palestina, o que inclui propagar a ideia de que o país estaria envolvido em uma “guerra histórica” com Israel.   Será que é isso mesmo? Arraste para o lado, e entenda melhor!",71454,1607,,,,False,1440,1800,2026-05-18 21:30:42
3899701937540543228,DYehkAtAbL8,https://www.instagram.com/p/DYehkAtAbL8/,2026-05-18 10:45:24,video,clips,leandrolanfredi,Leandro Lanfredi,True,"Urgente! Israel voltou a atacar a @globalsumudflotilla e interceptar barcos que rumavam a Gaza com ajuda humanitárias. É preciso mobilizar-se já. Todos olhos na Flotilha, todos olhos em Gaza. Pela imediata ruptura das relações com Israel.  Urgent! Israel has attacked the Global Sumud Flotilla again, intercepting boats heading to Gaza with humanitarian aid. We need to rise up, to mobilize. All eyes on the Flotilla, all eyes on Gaza. For the immediate break of relations with Israel.  Free, Free Palestine!",976,87,,,True,False,720,1280,2026-05-18 21:30:42
3894975936096308008,DYNu_o3twso,https://www.instagram.com/p/DYNu_o3twso/,2026-05-11 22:15:48,video,clips,frentepalestinasaopaulo,Frente Palestina São Paulo 🇧🇷🇵🇸,False,Thiago chegou!! Mesmo com a ação vergonhosa da PF de São Paulo que o deteve para interrogatório logo após desembarcar do avião.  Viva Thiago! Viva a Flotilha! Viva a Palestina!  Liberdade para os mais de 9mil presos políticos palestinos! A luta segue até a Palestina livre do rio ao mar! 🇵🇸✊,3915,365,,,True,False,720,1280,2026-05-18 21:30:42
3894961565602038167,DYNruhTgkGX,https://www.instagram.com/p/DYNruhTgkGX/,2026-05-11 21:41:16,video,clips,leandrolanfredi,Leandro Lanfredi,True,"Atualização. Thiago foi finalmente liberado!  Thiago Ávila foi levado pela polícia federal ao chegar no Brasil e está sendo interrogado, após passar 8 dias sequestrado, preso ilegalmente e resistindo a torturas em prisões israelenses. Todos presentes ao ato exigem sua presença já!",4138,613,,,True,False,480,854,2026-05-18 21:30:42
3894300453811097845,DYLVaE-DZD1,https://www.instagram.com/p/DYLVaE-DZD1/,2026-05-10 23:46:53,photo,feed,frentepalestinasaopaulo,Frente Palestina São Paulo 🇧🇷🇵🇸,False,"RECEPÇÃO DE THIAGO ÁVILA 11/5, segunda-feira, 16h (concentração) no Aeroporto Internacional de Guarulhos, na área de desembarque do terminal 3.  Vitória da mobilização! Saif já está na Catalunha, na Espanha e Thiago Ávila está a caminho do Brasil!  Amanhã celebramos essa vitória junto de Thiago Ávila, sua família, militantes, ativistas e organizações parceiras. Venha participar também! Traga sua bandeira e sua voz solidária à Palestina.   Agradecemos cada curtida, comentário, carta enviada ao Itamaraty e todo o apoio ao Thiago, ao Saif e à Global Sumud Flotilla, que tentaram parar e desmobilizar, mas não conseguiram!   A Flotilha segue, a Palestina resiste! E nós não deixaremos os mais de 9 mil prisioneiros palestinos para trás!  TODOS OS OLHOS NA FLOTILHA! TODOS OS OLHOS NA PALESTINA! LIBERDADE PARA TODOS OS PRESOS POLÍTICOS DO REGIME SIONISTA!  Pelo fim da ocupação, apartheid e genocídio!  Após a recepção de Thiago, nos vemos nas ruas dia 16 de Maio, no MASP, às 14h, em nosso ato unificado em memória dos 78 anos de Nakba! A luta continua até que a Palestina seja livre do rio ao mar! 🇵🇸✊",6454,287,,,,False,1080,1350,2026-05-18 21:30:42
3893436768166930773,DYIRBzCCOlV,https://www.instagram.com/p/DYIRBzCCOlV/,2026-05-09 19:10:56,photo,feed,frentepalestinasaopaulo,Frente Palestina São Paulo 🇧🇷🇵🇸,False,"Este 15 de maio marca os 78 anos da Nakba, a catástrofe palestina cuja pedra fundamental é a formação do Estado racista e colonial de Israel em 78% do território histórico da Palestina. Para marcar a data, a Frente Palestina SP e dezenas de organizações, em ampla unidade de ação, convocam todas as pessoas solidárias ao povo palestino a se somarem a um grande ato público no próximo dia 16 de maio, a partir das 14h, no MASP.   O ato amplamente unificado ganha sentido de urgência, mais uma vez, diante do contínuo genocídio, limpeza étnica e apartheid na Palestina ocupada, bem como do sequestro e prisão de ativistas da flotilha, perseguição e criminalização na ofensiva sionista no Brasil.   Além disso, neste ano, a construção unitária se amplia: a partir das 16h nos somaremos ao ato do Cordão da Mentira pelos 20 anos dos crimes de maio no Brasil. Juntamente com as mães de vítimas, vamos denunciar que as mesmas armas que matam palestinos há mais de 78 anos também matam no Brasil.   Vamos unir forças e resistência em uma só luta! Então seguiremos em caminhada até o espaço palestino Al Janiah, onde encerraremos o ato com uma noite cultural em celebração aos 10 anos da casa. Esperamos todo mundo! Unidos somos mais fortes e podemos vencer! Resistimos, existimos!   Até a Palestina livre do rio ao mar! 🇵🇸",836,16,,,,False,1080,1350,2026-05-18 21:30:42
3893270155697868384,DYHrJRFAE5g,https://www.instagram.com/p/DYHrJRFAE5g/,2026-05-09 13:40:56,video,clips,leandrolanfredi,Leandro Lanfredi,True,"Thiago e Saif serão liberados nas próximas horas! Essa grande vitória é fruto das mobilizações nas ruas no mundo, engajamento nas redes sociais e anúncio da greve geral na Itália. A violência desse estado colonialista não nos amedrontou, seguimos ainda mais fortes a luta pela liberdade dos mais de 10mil reféns palestinos nas masmorras da entidade sionista. Seguimos na luta pela ruptura de todas relações econômicas, militares e diplomáticas do Brasil com Israel. Palestina livre, do rio ao mar! 🇵🇸",3302,358,,,True,False,720,1280,2026-05-18 21:30:42
3892649057872986521,DYFd7Gpx0GZ,https://www.instagram.com/p/DYFd7Gpx0GZ/,2026-05-08 17:11:57,video,clips,frentepalestinasaopaulo,Frente Palestina São Paulo 🇧🇷🇵🇸,False,"Lara Souza da Global Sumud Flotilla é esposa de Thiago Ávila e nos convida para mobilização ampla e constante. Ela esteve na reunião com o Itamaraty no dia 6/4 e ressalta que a pressão da sociedade civil é fundamental. Precisamos de ampla agitação nas redes sociais e presença nos atos pela rápida libertação de Thiago Ávila e Saif AbuKeshek, sequestrados em águas internacionais, bem como a manutenção da mobilização pela flotilha que segue rumo a Gaza para romper o cerco ilegal diante de uma campanha criminosa por sua descredibilização.   Ontem, dia 7/5, nos reunimos na nossa casa Palestina, o centro cultural Al Janiah, com várias presenças especiais de ativistas, parlamentares, militantes e intelectuais palestinos e brasileiros para exigir a liberdade imediata de Thiago e Saif, ativistas da Global Sumud Flotilla que foram sequestrados por soldados da marinha das forças de ocupação israelenses em águas internacionais próximas à costa da Grécia, juntamente com outros cerca de 180 ativistas de diversos países, inclusive do Brasil. Todos foram soltos, exceto Thiago e Saif. Esses nossos dois companheiros foram levados até a Palestina ocupada e seguem detidos ilegalmente por tentarem levar ajuda humanitária a Gaza, diante da imposição da fome, sede e total falta de condições de vida como parte do genocídio em curso. Ambos estão sofrendo com agressões e tortura, além de ameaças de morte para eles e seus familiares, e estão em greve de fome.  Convidamos todas e todos para a continua agitação popular por nossos companheiros, por Gaza e em memória da continua Nakba.   PRÓXIMO ATO UNIFICADO 78 da continua Nakba  📍MASP - Av. Paulista 📌 14h concentração   Palestina livre do rio ao mar!🇵🇸",27656,1986,,,True,False,720,1280,2026-05-18 21:30:42
3890377828058823621,DX9ZgXDgHvF,https://www.instagram.com/p/DX9ZgXDgHvF/,2026-05-05 13:55:16,video,clips,leandrolanfredi,Leandro Lanfredi,True,"Hoje as 18h, no Bar Partisan (RJ), ocorrerá um ato contra criminalização daqueles que lutam em solidariedade a Palestina e pela liberdade de Thiago e Saif que tiveram suas prisões mais uma vez estendidas, sem quer acesso as suas acusações. Seguem presos com pelo menos 900 palestinos nas prisões de israelenses na Palestina ocupada.  Enquanto isso no Brasil, seguem perseguindo e criminalizando aqueles que lutam pela causa palestina, como aconteceu com o próprio Bar Partisan e o dirigente do PSTU Zé Maria.  Liberdade já para Thiago e Saif e todos os palestinos presos! Abaixo a criminalização dos que lutam pela causa palestina!",897,67,,,True,False,720,1280,2026-05-18 21:30:42
3889247269019222054,DX5Ycj5jIAm,https://www.instagram.com/p/DX5Ycj5jIAm/,2026-05-04 00:27:05,photo,feed,esquerda_diario,Esquerda Diario,True,"Ato de recepção de Leandro Lanfredi é por Liberdade para Thiago Ávila e Saif Abukeshek!  Exigimos a liberdade imediata de Saif Abukeshek, de Thiago Ávila e de todos os mais de 9 mil presos palestinos. É preciso exigir que todos os governos, inclusive o governo Lula no Brasil, que reconhece o genocídio em Gaza, façam tudo o que estiver ao seu alcance para garantir a liberdade imediata de todos os sequestrados ilegalmente.  A Global Sumud Flotilla foi atacada em águas internacionais, nas proximidades da Grécia, em uma nova ação criminosa do Estado genocida de Israel contra ativistas que levavam solidariedade ao povo palestino. Durante a operação, 185 participantes foram sequestrados pelas forças israelenses e passaram dois dias sob condições desumanas, violência física e psicológica. Com a conivência do governo grego, 183 deles foram deixados em Creta e agora estão retornando em segurança, mas Thiago Ávila, brasileiro, e Saif Abukeshek, palestino radicado em Barcelona, foram levados pelos genocidas para a Palestina ocupada, onde resistem à tortura israelense e tiveram extensão de 2 dias de suas prisões pela Corte sionista.  Chamamos todos e todas a receber Leandro Lanfredi como parte da construção de uma grande campanha de mobilização pela imediata liberdade de Thiago e Saif, assim como pela liberdade dos mais de 9 mil presos palestinos, entre eles centenas de crianças encarceradas pelo regime de apartheid israelense  É preciso parar Israel e seu genocídio na Palestina, no Líbano, a agressão ao Irã, sustentado pela colaboração imperialista dos Estados Unidos e de seus aliados. Somente com a força da classe trabalhadora e da juventude mobilizadas de forma independente poderemos enfrentar esse crime histórico e impor o fim da ocupação, do bloqueio e da perseguição ao povo palestino. Para isso precisamos dizer aos governos, como o brasileiro, que não basta reconhecer o genocídio e condenar ações ilegais como mais este sequestro, é necessário romper todas as relações com Israel, inclusive garantindo que nenhuma gota de petróleo siga abastecendo a máquina de guerra israelense.  #palestinalivre🇵🇸",1843,42,,,,False,1080,1440,2026-05-18 21:30:42
3889187320419443128,DX5K0MajeG4,https://www.instagram.com/p/DX5K0MajeG4/,2026-05-03 22:28:00,photo,feed,frentepalestinasaopaulo,Frente Palestina São Paulo 🇧🇷🇵🇸,False,"Nesta terça, 5 de maio, às 10h, chamamos todas as pessoas solidárias a causa Palestina a comparecerem ao ato em frente ao Escritório de Representação do Ministério de Relações Exteriores em São Paulo (ERESP), onde iremos protocolar uma carta exigindo uma postura mais firme do Itamaraty para garantir a segurança e liberdade imediata de Thiago Ávila e de Saif Abukeshek, sequestrados ilegalmente pelo regime sionista enquanto estavam em águas internacionais rumo a Gaza em uma missão humanitária e pacífica. Os dois sofreram agressões e torturas nas mãos dos soldados israelenses.   Não podemos continuar normalizando que leis internacionais continuem a ser violadas repetidas vezes sem responsabilização. É preciso agir pela liberdade de Thiago, Saif e os mais de 9.000 presos políticos e reféns palestinos capturados pelo regime sionista. É preciso agir para acabar com a ocupação, apartheid e genocídio! É preciso acabar com toda e qualquer cumplicidade! É preciso romper relações com israel!  📅 05 de Maio 🕙10:00h 📍Av. Brigadeiro Faria Lima, 1478 (próximo a estação Faria Lima da linha amarela)  Todos os olhos na Palestina! Todos os olhos na Flotilha! Liberdade para Thiago e Saif! Palestina livre do rio ao mar!",2492,163,,,,False,864,1080,2026-05-18 21:30:48
3888951704913200568,DX4VPiYAEW4,https://www.instagram.com/p/DX4VPiYAEW4/,2026-05-03 14:39:51,carousel,carousel_container,brigadasverdadepaz,Brigadas da Verdade e da Paz,False,Leia a matéria completa no link publicado nos stories.  Liberdade para todos os presos palestinos 🍉 Liberdade para Thiago Ávila e Saif Abukeshek ✊🏾♥️🇵🇸 #FreeThiago #FreeSaif   🔗 https://operamundi.uol.com.br/guerra-israel-x-palestina/ativistas-da-flotilha-chegam-a-prisao-em-israel-com-marcas-de-agressao/,452,47,,,,False,827,993,2026-05-18 21:30:48
3888247067961279660,DX11BuEyUSs,https://www.instagram.com/p/DX11BuEyUSs/,2026-05-02 15:21:56,video,clips,esquerda_diario,Esquerda Diario,True,"Greta Thunberg atualiza a situação dos ativistas da Global Sumud Flotilha após interceptação e sequestros. Embora a maioria tenha sido libertada após severos espancamentos e agressões físicas e morais, dois líderes — Thiago Ávila e Saif Abukeshek — seguem sequestrados e foram levados para prisões israelenses na Palestina ocupada. Assim como todos os sequestrados, apesar das intimidações e torturas, estão resistindo com alta moral e precisam do apoio em todo o mundo.  É preciso agir pela liberdade imediata de Thiago e Saif! Todos os olhos em Gaza!",2637,158,,,True,False,720,1280,2026-05-18 21:30:48
3887448830148557274,DXy_h1Lgzna,https://www.instagram.com/p/DXy_h1Lgzna/,2026-05-01 12:55:06,video,clips,leandrolanfredi,Leandro Lanfredi,True,"URGENTE: PARTICIPANTES DA GLOBAL SUMUD FLOTILHA FORAM AGREDIDOS BRUTALMENTE PELAS FORÇAS DE OCUPAÇÃO ISRAELENSES (IOF) APÓS 40 HORAS NO MAR 🚨  Participantes da Global Sumud Flotilla acabam de sobreviver a 40 horas de crueldade calculada a bordo de um navio da marinha da IOF em águas gregas, privados de comida e água adequadas, forçados a dormir em pisos que eram propositalmente inundados.  Quando os militares avançaram para levar como reféns Saif Abukeshek (Espanha / origem palestina) e Thiago Ávila (Brasil), a tripulação resistiu pacificamente e a resposta foi violência brutal. Os participantes foram socados, chutados e arrastados pelo convés com as mãos amarradas para trás. Sofreram narizes quebrados, costelas fraturadas e espancamentos sangrentos. Disparos chegaram a ser feitos contra eles no meio do caos.  A polícia grega agora mantém a tripulação ferida presa em ônibus, negando-lhes a liberdade de sair, enquanto Saif e Thiago foram levados como reféns de volta à Palestina Ocupada. 60 dos participantes iniciaram imediatamente uma greve de fome.  Tirem as mãos de Thiago Ávila e Saif Abukeshek! Liberdade imediata a todos os ativistas da Global Sumud Flotilha presos pelas forças de ocupação israelenses!  PALESTINA LIVRE DO RIO AO MAR! ⛵🇵🇸  #PalestinaLivre #FreedomFlotilha #Repressão #Israel #Gaza",2241,207,,,True,False,720,1280,2026-05-18 21:30:48
3887423684763960064,DXy5z6ty8MA,https://www.instagram.com/p/DXy5z6ty8MA/,2026-05-01 12:04:30,video,clips,esquerda_diario,Esquerda Diario,True,"Após mais de 24h sem qualquer informação sobre as centenas de ativistas da Global Sumud Flotilha sequestrados por Israel, imagens mostram navio militar israelense desembarcando os desaparecidos no porto de Creta, revelando a conivência e cumplicidade com o estado grego. Ainda não há qualquer informação oficial enquanto, segundo informação do Ministério do Exterior de Israel, Thiago Ávila e Saif estão sendo levados para Israel para serem julgados pelas leis do sionismo.  Exigimos liberdade imediata de Thiago, Saif e todos os sequestrados da Global Sumud Flotilha.  Todos olhos em Gaza!",2760,213,,,True,False,720,1280,2026-05-18 21:30:48
3886802552469125842,DXwslQMAPrS,https://www.instagram.com/p/DXwslQMAPrS/,2026-04-30 15:29:52,photo,feed,leandrolanfredi,Leandro Lanfredi,True,"Os membros da delegação brasileira da Global Sumud Flotilha, Thiago Ávila, Leandro Lanfredi e Mandi Coelho, foram sequestrados em águas internacionais pela tropa naval de Israel. Trata-se de um crime contra uma ação humanitária que tinha como missão levar mantimentos, medicamentos e alimentos para a população palestina em Gaza, que hoje sofre com o cerco humanitário ilegal imposto por Israel.  Exigimos a imediata libertação dos ativistas sequestrados pelo Estado sionista de Israel em águas internacionais. Basta de perseguição aos que lutam ombro a ombro com o povo palestino, que sofre um apartheid em suas próprias terras desde 1948 e um genocídio acelerado desde 2023! Divulgue amplamente para fortalecer a denúncia!  Todos os olhos em Gaza! Por uma Palestina livre do rio ao mar!",5914,295,,,,False,1080,1350,2026-05-18 21:30:48
3886651300528070697,DXwKMP1ySAp,https://www.instagram.com/p/DXwKMP1ySAp/,2026-04-30 10:32:38,video,clips,esquerda_diario,Esquerda Diario,True,"URGENTE: Leandro Lanfredi, petroleiro e dirigente do Sindipetro-RJ e da FNP, a bordo do barco La Pinya, da Global Sumud Flotilla, teve sua interceptação confirmada ontem à noite e está atualmente sequestrado pelas Forças de Ocupação de Israel.  Pela imediata libertação dos ativistas sequestrados pelo Estado sionista de Israel em águas internacionais, próximas à ilha de Creta, na Grécia. Basta de perseguição aos que lutam ombro a ombro com o povo palestino, que sofre um apartheid em suas próprias terras desde 1948 e um genocídio acelerado desde 2023!  Divulgue amplamente para fortalecer a denúncia! Confiamos na força da luta: em primeiro lugar, na luta do povo palestino, mas também na força de nossa classe, que pode tudo, inclusive parar o sionismo.  #Gaza #Palestina #Israel #Flotilla",45273,5581,,,True,False,716,1274,2026-05-18 21:30:48
3886338349991143127,DXvDCN8MybX,https://www.instagram.com/p/DXvDCN8MybX/,2026-04-30 00:08:37,video,clips,esquerda_diario,Esquerda Diario,True,"URGENTE  A Global Sumud Flotilha confirma a interceptação de barcos da missão pelas forças de ocupação israelenses.   Exigimos libertação imediata! Basta de perseguição aos que lutam ombro a ombro do povo palestino, que sofre um apartheid em suas próprias terras desde 1948 e um genocídio acelerado desde 2023!   Todos os olhos em Gaza! Todos os olhos na Global Sumud Flotilha!  Palestina livre do rio ao mar!  #PalestinaLivre #FreePalestine #GlobalSumudFlotilha #GlobalSumudFlotilla #BreakTheSiege",3037,581,,,True,False,716,1274,2026-05-18 21:30:48
3879736460714206321,DXXl8FbAGRx,https://www.instagram.com/p/DXXl8FbAGRx/,2026-04-20 21:31:23,video,clips,leandrolanfredi,Leandro Lanfredi,True,"Crianças palestinas protestam enfrentando tropas e colonos para defender direito de estudar  Crianças palestinas protestaram em Masafer Yatta, na Cisjordânia ocupada, contra colonos e tropas israelenses que bloquearam a única rota segura até sua escola. Diante das barreiras impostas por Israel, professores deram aulas no local, enquanto estudantes e pais se manifestavam em defesa do direito à educação, em mais um episódio criminoso do colonialismo do Estado de Israel.  A situação mostra, mais uma vez, como a ofensiva de Israel, Estado colonialista e genocida, não se restringe a Gaza. Também na Cisjordânia, a população palestina enfrenta cercos, expulsões, ataques de colonos e restrições permanentes ao direito de viver, circular e estudar. O bloqueio a uma escola e o ataque ao futuro das crianças palestinas fazem parte da mesma lógica de opressão, ocupação e limpeza territorial.  A solidariedade internacional precisa crescer: nos inspiremos na luta do povo palestino, dos portuários italianos que bloquearam tudo ""Blocchiamo Tutto"" para erguer enormes mobilização, greves e arrancar também a ruptura das relações comerciais com Israel.  Palestina livre do rio ao mar!  Créditos das imagens: Aljazeera",281,12,,,True,False,720,1280,2026-05-18 21:30:48
3878801240871727248,DXURS2EgPCQ,https://www.instagram.com/p/DXURS2EgPCQ/,2026-04-19 14:34:00,video,clips,leandrolanfredi,Leandro Lanfredi,True,"Leandro Lanfredi, diretor do Sindipetro-RJ e da FNP, direto do mar mediterrâneo na Global Sumud Flotilha, fala sobre a campanha por um embargo petroleiro a Israel e denuncia como o petróleo brasileiro segue abastecendo a máquina de guerra do sionismo em meio ao genocídio do povo palestino. Da costa da Sardenha, ele explica o papel da refinaria Saras, da Vitol, e convoca trabalhadores e sindicatos a parar o fluxo de combustível que alimenta tanques, aviões e escavadeiras usados contra crianças, mulheres e homens palestinos em Gaza. É urgente fortalecer a solidariedade internacional e no Brasil para impor o rompimento das relações comerciais, diplomáticas e militares com a entidade sionista, que o governo Lula vergonhosamente mantém até hoje.   ""É preciso parar a máquina de guerra. Nos inspiramos no povo palestino e em sua resistência, e também nas greves gerais, no Blochiamo Tutto, promovido pelos trabalhadores italianos.  Paremos as refinarias, os portos, aeroportos, escolas, tudo. Basta de genocídio do povo palestino, de rearmamento imperialista e das guerras do imperialismo e do sionismo. Pela derrota do imperialismo e sionismo! Palestina livre do rio ao mar!""  #freepalestine🇵🇸 #palestinalibre🇵🇸 #globalsumudflotilla🇵🇸 #nenhumagotaamais #notasingledropmore",781,63,,,True,False,720,1280,2026-05-18 21:30:48
3875386966535988115,DXII-nTjmOT,https://www.instagram.com/p/DXII-nTjmOT/,2026-04-14 21:29:46,video,clips,juventude_sanaud,Sanaúd - Juventude Palestina,False,Novo massacre deixa dezenas de mártires em Gaza. Cenas chocantes de um palestino com a cabeça partida ao meio. Como isso pode ser aceito? A que ponto chega a desumanização de palestinos em nome de um projeto racista e colonial?,3547,891,,,True,False,720,1280,2026-05-18 21:30:48
3870877128359502725,DW4Hj1NDWOF,https://www.instagram.com/p/DW4Hj1NDWOF/,2026-04-08 16:09:14,video,clips,juventude_sanaud,Sanaúd - Juventude Palestina,False,Que todos os responsáveis por roubar a alegria de nossas crianças ao normalizar a ocupação israelensenão vivam um dia em paz.,1737,95,,,True,False,480,854,2026-05-18 21:30:48
3870759056663446769,DW3stqXjQTx,https://www.instagram.com/p/DW3stqXjQTx/,2026-04-08 12:15:04,video,clips,juventude_sanaud,Sanaúd - Juventude Palestina,False,"Tudo que o mundo permitiu em Gaza, israel seguirá reproduzindo. Uma ambulância foi um dos diversos alvos da ocupação sionista no Líbano desde a madrugada. Quem vai parar israel?",3500,207,,,True,False,720,1280,2026-05-18 21:30:52
3870275968589465154,DW1-3zigYZC,https://www.instagram.com/p/DW1-3zigYZC/,2026-04-07 20:14:30,carousel,carousel_container,juventude_sanaud,Sanaúd - Juventude Palestina,False,"⛓️⛓️‍💥 A recente legislação aprovada no parlamento colonial de israel é apenas a legalização de uma prática já em vigor destinada a matar o maior número de palestinos, criminalizando ainda mais a resistência.   Essa é a primeira vez, desde o regime nazista, que a pena de morte é codificada na lei para um grupo étnico/racial em detrimento de outro. No entanto, o que vemos é silêncio TOTAL da mídia brasileira diante desse absurdo.   No site do @rabetbypipd você encontra, em português, uma análise e explicação completa dessa nova lei: thepipd.com/pt  Divulgue!",491,15,,,,False,1440,1800,2026-05-18 21:30:52
3868814923777814823,DWwyqzhgbEn,https://www.instagram.com/p/DWwyqzhgbEn/,2026-04-05 19:52:36,video,clips,juventude_sanaud,Sanaúd - Juventude Palestina,False,Mas não se preocupe: o Itamaraty está muito ocupado planejando um seminário à serviço do lobby sionista enquanto o Brasil segue mantendo relações com essa entidade genocida.,2526,139,,,True,False,716,1272,2026-05-18 21:30:52
3867932243029515243,DWtp-HBDdvr,https://www.instagram.com/p/DWtp-HBDdvr/,2026-04-04 14:37:56,carousel,carousel_container,juventude_sanaud,Sanaúd - Juventude Palestina,False,"Um artigo publicado pelo The New York Times essa semana mostrou que, em ligações privadas para líderes locais, oficiais militares israelenses afirmam a grupos cristãos e drusos que eles podem permanecer na “zona de evacuação” desde que expulsem quaisquer libaneses de comunidades xiitas que busquem refúgio entre eles.   E isso soa muito familiar. Arraste para ler mais.",2516,168,,,,False,1280,1600,2026-05-18 21:30:52
3867161830653508142,DWq6zIlDTou,https://www.instagram.com/p/DWq6zIlDTou/,2026-04-03 13:07:16,carousel,carousel_container,juventude_sanaud,Sanaúd - Juventude Palestina,False,"Enquanto lembramos a Via Dolorosa — o caminho de dor e agonia que Cristo percorreu carregando a cruz dos injustos —, hoje, crianças na Palestina, no Líbano, no Irã trilham sua própria via sacra, entre ruínas e prantos, sob o peso de uma cruz que não escolheram carregar.",3326,53,,,,False,1080,1350,2026-05-18 21:30:52
3866827389594868647,DWpuwYEjZun,https://www.instagram.com/p/DWpuwYEjZun/,2026-04-03 02:02:47,carousel,carousel_container,frentepalestinasaopaulo,Frente Palestina São Paulo 🇧🇷🇵🇸,False,"REPÚDIO AO SEMINÁRIO SIONISTA! ANTISSIONISMO NÃO É ANTISSEMITISMO!  O anúncio da realização do seminário “Enfrentamento ao Antissemitismo: reflexões sobre o cenário internacional”, convocado sob coordenação da assessora presidencial Clara Ant para o próximo dia 16 de abril, Dia Nacional da Lembrança do Holocausto, no Palácio do Itamaraty, com a participação do Ministério dos Direitos Humanos e da Cidadania (MDH) e do Conselho do Desenvolvimento Econômico e Social (CDES), revela mais uma vez a instrumentalização do antissemitismo (que deve sim ser combatido, como todas as formas de discriminação) para criminalizar as vozes que se levantam contra o estado racista e genocida de israel. Consideramos inaceitável que a realização do evento conte com a presença majoritária de setores e organizações sionistas, incluindo dirigentes da Confederação Israelita do Brasil (CONIB). Principalmente enquanto a seleção dos participantes foi conduzida sem garantir a presença de perspectivas antissionistas, antirracistas e de setores da sociedade civil e da academia que vêm debatendo criticamente as definições de antissemitismo e seus usos políticos e instrumentalização. Não se debate racismo se sentando com racistas.  O evento irá discutir “Antissemitismo: diferentes definições”, partindo das definições da Aliança Internacional pela Memória do Holocausto (IHRA), que equipara críticas ao Estado de “israel” ao antissemitismo e da crítica expressa à definição na “Declaração de Jerusalém”, que distingue discriminação contra judeus de críticas a um Estado. A CONIB divulgou, nessa segunda feira, uma pesquisa sobre antissemitismo no Brasil que leva em consideração a IHRA, inflando o número de casos. Nos últimos dias também foi protocolada a proposta do PL 1424/2026, feito pela Deputada Federal Tabata Amaral (PSB/SP), que busca institucionalizar essa definição no país e, com isso, criminalizar e censurar vozes que criticam o regime sionista. Estamos em um ano eleitoral. A adoção da definição da IHRA em políticas públicas ou na legislação brasileira pode abrir caminho para a criminalização de posições políticas e até de autoridades públicas. (Continua nos comentários)",3360,276,,,,False,1080,1350,2026-05-18 21:30:52
3865166391532724043,DWj1FrFFh9L,https://www.instagram.com/p/DWj1FrFFh9L/,2026-03-31 19:02:41,carousel,carousel_container,juventude_sanaud,Sanaúd - Juventude Palestina,False,"Ontem, no Dia da Terra Palestina, o estado genocida de israel avançou seu projeto n4zista para executar prisioneiros políticos palestinos. No mesmo dia, a deputada federal Tabata Amaral apresentou novo projeto de lei no Brasil para blindar a ocupação sionista de críticas.   Como explicou @hqsemroteiro , muita coisa aconteceu nesse 30/3.  Para ler a análise completa de @brunohuberman sobre o PL da Deputada Tabata Amaral, confira o link nos stories 🔗",2096,79,,,,False,1440,1801,2026-05-18 21:30:52
3864625938684546474,DWh6NDJDY2q,https://www.instagram.com/p/DWh6NDJDY2q/,2026-03-31 01:08:54,carousel,carousel_container,juventude_sanaud,Sanaúd - Juventude Palestina,False,"Desde o início do genocídio em Gaza, a imprensa liberal brasileira e ocidental trata Netanyahu e sua coalizão política como meras frutas podres de uma Israel plural e democrática.   Não existem “moderados” e “extremistas” quando a ideologia-base pressupõe eliminação e supremacia.  São estes que comandam Israel.",12587,665,,,,False,1080,1350,2026-05-18 21:30:52
3864566435310036609,DWhsrKTjWaB,https://www.instagram.com/p/DWhsrKTjWaB/,2026-03-30 23:10:40,carousel,carousel_container,frentepalestinasaopaulo,Frente Palestina São Paulo 🇧🇷🇵🇸,False,"Repudiamos e denunciamos a grave tentativa de criminalização e censura da luta palestina por meio da proposta do PL 1424/2026 feito pela Deputada Federal Tabata Amaral (PSB/SP) que equipara antissionismo e críticas ao estado genocida de israel ao antissemitismo. O projeto foi apresentado pela Deputada no dia 26 de Março e, inicialmente, contava com 44 assinaturas de parlamentares de extrema direita mas também de parlamentares ditos progressistas e de esquerda, teoricamente solidários à causa palestina. Com a repercussão das denúncias feitas nas últimas horas, alguns nomes já protocolaram a retirada de suas assinaturas. Para além da retirada, exigimos retratação e, principalmente, uma denúncia pública contra o PL sionista por parte dos envolvidos.   Não aceitaremos a instrumentalização do antissemitismo e não deixaremos de criticar e denunciar os crimes do regime sionista! Abaixo o PL 1424/2026!  Palestina livre do rio ao mar!",18400,2833,,,,False,1080,1350,2026-05-18 21:30:52
3863592069382368187,DWePIRUjWu7,https://www.instagram.com/p/DWePIRUjWu7/,2026-03-29 14:55:00,photo,feed,juventude_sanaud,Sanaúd - Juventude Palestina,False,"Em um ato sem precedentes, a polícia israelense impediu que o Patriarca Latino de Jerusalém, Cardeal Pierbattista Pizzaballa, acompanhado pelo Guardião da Terra Santa, Padre Francesco Patton, de entrar na Igreja do Santo Sepulcro, em Jerusalém, enquanto se dirigiam para celebrar a Missa do Domingo de Ramos.   Eles chegaram individualmente e sem qualquer procissão comemorativa, mas foram forçados a voltar — marcando um evento inédito em séculos.  Em uma declaração conjunta, o Patriarcado Latino de Jerusalém e a Custódia da Terra Santa condenaram esse “Precedente Sério”, descrevendo a ação como “Descaradamente irracional e completamente inadequada”, apesar do pleno cumprimento das igrejas com todas as restrições desde a eclosão da guerra, incluindo o cancelamento de reuniões públicas e a suspensão de cerimônias.  A declaração enfatizou que a decisão “representa um desvio severo dos princípios básicos da razão, liberdade de adoração e respeito pelo status quo”, expressando seu “lamento pelos fiéis cristãos na Terra Santa e em todo o mundo” que a adoração em um dos dias mais sagrados do calendário cristão “foi impedida dessa maneira”.",3237,144,,,,False,1350,1688,2026-05-18 21:30:52
3860139570280643909,DWR-Hy-Ab1F,https://www.instagram.com/p/DWR-Hy-Ab1F/,2026-03-24 20:36:58,photo,feed,juventude_sanaud,Sanaúd - Juventude Palestina,False,"Os Estados Unidos impuseram um cerco total e genocidário à ilha: sem comida, sem luz, sem energia para escolas, residências e hospitais. O bloqueio a Cuba deve ser denunciado e combatido a todo e qualquer custo. Os EUA executam em Cuba o mesmo cerco imposto por Israel à Gaza.",2401,62,,,,False,1350,1688,2026-05-18 21:30:52
3858475302658103502,DWMDtg9jdjO,https://www.instagram.com/p/DWMDtg9jdjO/,2026-03-22 13:29:55,video,clips,juventude_sanaud,Sanaúd - Juventude Palestina,False,"Colonos israelenses realizaram ataques incendiários contra casas e veículos palestinos na Cisjordânia ocupada durante o Eid, visando deliberadamente famílias que celebravam o feriado religioso.  Casas foram incendiadas e carros queimados, forçando os moradores a fugir enquanto o fogo se alastrava pelos bairros.  A violência faz parte de uma campanha contínua de terror perpetrada por colonos israelenses, com o apoio e a proteção das forças israelenses.  Os ataques são realizados rotineiramente com impunidade, sem que os perpetradores sofram quaisquer consequências, reforçando um sistema em que os palestinos permanecem indefesos sob a ocupação.",954,95,,,True,False,720,1280,2026-05-18 21:30:58
3857829823339420152,DWJw8jgDdn4,https://www.instagram.com/p/DWJw8jgDdn4/,2026-03-21 16:06:51,photo,feed,juventude_sanaud,Sanaúd - Juventude Palestina,False,O mesmo projeto de extermínio executado em Gaza se repete no Líbano,1554,59,,,,False,1350,1688,2026-05-18 21:30:58
3857094033105829654,DWHJpZcjT8W,https://www.instagram.com/p/DWHJpZcjT8W/,2026-03-20 15:44:23,photo,feed,frentepalestinasaopaulo,Frente Palestina São Paulo 🇧🇷🇵🇸,False,"ATO UNIFICADO: DIA DA TERRA PALESTINA  BASTA DE GENOCÍDIO!  NÃO AOS ATAQUES IMPERIALISTAS-SIONISTAS NO IRÃ, LÍBANO E PALESTINA! SANÇÕES CONTRA EUA E ISRAEL JÁ!   Domingo, dia 29 de Março, chamamos todos os movimentos sociais, parlamentares, sindicatos e sociedade civil pró-Palestina para ir às ruas em razão do DIA DA TERRA PALESTINA e contra os ataques imperialistas-sionistas no Irã, Líbano e Palestina. O ato unificado será às 11h na Praça Oswaldo Cruz com caminhada até o MASP.  A data do Dia da Terra Palestina remete a uma forte resistência em 1976 contra o roubo por parte dos sionistas de mais 2 mil hectares de terras na Galileia, região da Palestina ocupada desde 1948 na contínua Nakba. Desde então, o povo palestino reafirma suas raízes todo Dia da Terra no território da Palestina, fazendo protestos e o plantio de oliveiras.  Nos dias de hoje, a ofensiva imperialista-sionista, ilegal e ilegítima no Irã  já assassinou mais de 1.300 pessoas e deslocou quase 1 milhão de pessoas no Líbano. Enquanto isso israel, com apoio dos EUA, segue atacando a Faixa de Gaza e bloqueando a entrada de ajuda humanitária. Na Cisjordânia, colonos e soldados têm atacado vilas palestinas diariamente, ameaçando, agredindo e, em alguns casos, assassinando moradores e ativistas.  Não aceitaremos a normalização do apartheid, dos massacres, das guerras e do genocídio!  Não aceitaremos a propaganda imperialista sendo espalhada pela grande mídia!  Às ruas pela autodeterminação e solidariedade dos povos! Palestina livre do rio ao mar!",1333,46,,,,False,1080,1350,2026-05-18 21:30:58
3856920552565277596,DWGiM7GjoOc,https://www.instagram.com/p/DWGiM7GjoOc/,2026-03-20 10:01:46,video,clips,juventude_sanaud,Sanaúd - Juventude Palestina,False,"No primeiro dia do Eid, um dia dedicado à paz e à oração, palestinos foram recebidos com violência ao tentarem rezar na Mesquita de Al-Aqsa.  Pela primeira vez em mais de 60 anos, fiéis foram impedidos de entrar e forçados a rezar nos portões, apenas para serem atacados pelas forças de ocupação de Israel.  Um momento sagrado se transformou em violência. Uma celebração se transformou em repressão.",11610,591,,,True,False,720,1280,2026-05-18 21:30:58
3855454043657569416,DWBUwaQDYSI,https://www.instagram.com/p/DWBUwaQDYSI/,2026-03-18 09:31:32,video,clips,juventude_sanaud,Sanaúd - Juventude Palestina,False,Mais um prédio residencial bombardeado e destruído por Israel no Líbano,9000,346,,,True,False,720,1280,2026-05-18 21:30:58
3853800864691908898,DV7c3fXDfEi,https://www.instagram.com/p/DV7c3fXDfEi/,2026-03-16 02:41:52,video,clips,juventude_sanaud,Sanaúd - Juventude Palestina,False,"O ator Javier Bardem no Oscar, usando o broche de protesto contra a Guerra do Iraque de 2003 — que simboliza sua oposição à guerra contra o Irã — e o broche da Handala da Palestina: “Não à guerra e Palestina livre”",10395,300,,,True,False,720,1280,2026-05-18 21:30:58
3853653667421812164,DV67ZfODvXE,https://www.instagram.com/p/DV67ZfODvXE/,2026-03-15 21:48:57,carousel,carousel_container,juventude_sanaud,Sanaúd - Juventude Palestina,False,Até quando?,5881,596,,,,False,1080,1350,2026-05-18 21:30:58
3851902897714209934,DV0tUb3jaSO,https://www.instagram.com/p/DV0tUb3jaSO/,2026-03-13 11:51:51,photo,feed,juventude_sanaud,Sanaúd - Juventude Palestina,False,"Um ataque aéreo israelense atingiu o campus da Faculdade de Ciências da Universidade Libanesa, em Hadath, nos subúrbios de Beirute.  O bombardeio matou dois professores e acadêmicos que estavam no local: Dr. Hussein Bazzi, diretor da Faculdade de Ciências, e Dr. Mortada Srour, professor da instituição.  O escolasticídio se repete no Líbano.",2246,66,,,,False,1350,1688,2026-05-18 21:30:58
3851502882185630042,DVzSXcYEVFa,https://www.instagram.com/p/DVzSXcYEVFa/,2026-03-12 22:36:53,video,clips,thiagoavilabrasil,Thiago Ávila,True,"A batalha decisiva da nossa geração chegou e NÓS PRECISAMOS DE VOCÊ! 🌎   🍉 1. INSCREVA-SE PARA SE JUNTAR AO MOVIMENTO Acesse nossa página @brasil_globalsumud e o link na bio para se registrar nas mobilizações por mar ou por terra. Encerramentos as inscrições no domingo, 15/03.  🍉 2. DOE Acesse nossa arrecadação no Chuffed para contribuir com a missão e com a carga que precisamos levar.  🍉 3. APOIE NOSSOS GRUPOS LOCAIS Junte-se aos grupos locais que formam as coalizões da Global Sumud Flotilla. Eles estão organizando ações de solidariedade e se mobilizando para grandes atos durante a próxima missão em Abril.  🍉 4. COMPARTILHE AS NOTÍCIAS Compartilhe este vídeo e todo o conteúdo em nossa página oficial para quebrar as restrições das big techs sobre o nosso conteúdo. Visibilidade significa mais segurança para nossa missão e nos ajuda a alcançar os resultados necessários contra o imperialismo e o sionismo.",14354,589,,,True,False,720,1280,2026-05-18 21:30:58
3850830237827707735,DVw5bLgDbNX,https://www.instagram.com/p/DVw5bLgDbNX/,2026-03-12 00:20:42,video,clips,juventude_sanaud,Sanaúd - Juventude Palestina,False,"As IOF atacaram famílias deslocadas à força que dormiam nas ruas em Ramlet Al-Bayda, Beirute, massacrando pelo menos 8 pessoas.  Desde 2 de março, os bombardeios das IOF deslocaram à força mais de 700.000 pessoas do sul do Líbano, Bekaa e Dahieh, em Beirute, de acordo com relatos da mídia. O Ministério da Saúde libanês afirmou que, até 11 de março, cerca de 640 pessoas foram mortas e quase 1.600 ficaram feridas devido à agressão contínua de Israel.",2552,267,,,True,False,480,854,2026-05-18 21:30:58
3850756407524448504,DVwoozrDdj4,https://www.instagram.com/p/DVwoozrDdj4/,2026-03-11 21:58:49,video,clips,juventude_sanaud,Sanaúd - Juventude Palestina,False,"Assaf foi morto depois que um ataque aéreo israelense atingiu sua ambulância enquanto ele e um colega estavam a caminho para ajudar civis feridos, confirmou o Ministério da Saúde Libanês.  O mesmo terror imposto à Gaza se repete no Líbano.",932,40,,,True,False,720,1280,2026-05-18 21:30:58
3849284984310249358,DVraEyBDreO,https://www.instagram.com/p/DVraEyBDreO/,2026-03-09 21:10:21,photo,feed,juventude_sanaud,Sanaúd - Juventude Palestina,False,"O pároco da cidade de Qlayaa, no Sul do Líbano, Padre Pierre al-Rahi, sucumbiu aos ferimentos depois de ser ferido por bombardeios de artilharia israelense que teve como alvo um bairro residencial na cidade. Mesmo depois que Israel “anunciou” o deslocamento forçado da aldeia, o padre al-Rahi permaneceu para cuidar de seus paroquianos.",5591,446,,,,False,1350,1688,2026-05-18 21:30:58
3848508015163371907,DVopaZHDnGD,https://www.instagram.com/p/DVopaZHDnGD/,2026-03-08 19:30:25,photo,feed,juventude_sanaud,Sanaúd - Juventude Palestina,False,Cada criança assassinada é uma pergunta que ecoa sobre o mundo: que vitória pode existir quando o futuro é enterrado antes mesmo de crescer?,7423,701,,,,False,1350,1688,2026-05-18 21:31:01
3847089990891634953,DVjm_bGDoEJ,https://www.instagram.com/p/DVjm_bGDoEJ/,2026-03-06 20:28:06,carousel,carousel_container,brasil_globalsumud,Global Sumud Brasil,False,"A Freedom Flotilla Brasil e a Global Movement to Gaza Brasil estão se juntando para formar a Global Sumud Brasil.  No propósito da construção de um movimento global de solidariedade internacionalista, nossas organizações se unem com o compromisso de romper o cerco ilegal de israel a Gaza, o combate inequívoco ao projeto colonial e genocida representado pelo sionismo, seguir na luta anti-imperialista e contra esse sistema que nos oprime, explora e destrói a Natureza.  Seguimos firmes em mais uma missão histórica e ecoando o chamado: Não seja um espectador! Some-se à luta pela libertação do povo palestino.   Inscreva-se. Doe. Compartilhe. Aja.    Mais informações nos links da bio  Apoie através do pix: sumudbrasil@proton.me",1308,83,,,,False,1080,1350,2026-05-18 21:31:01
3846238555031315696,DVglZZqDaTw,https://www.instagram.com/p/DVglZZqDaTw/,2026-03-05 16:17:05,video,clips,juventude_sanaud,Sanaúd - Juventude Palestina,False,"Bezalel Smotrich afirma que “o distrito de Dahieh, em Beirute, em breve se parecerá com Khan Younis”. Smotrich não é exceção.   Uma sociedade genocida e supremacista, armada pelo Ocidente, diz a outro país que ele será o próximo depois de Gaza. E segue impune.",510,39,,,True,False,720,1280,2026-05-18 21:31:01
3845032540680056853,DVcTLlRDXAV,https://www.instagram.com/p/DVcTLlRDXAV/,2026-03-04 00:27:38,video,clips,juventude_sanaud,Sanaúd - Juventude Palestina,False,"Por mais que a Globo News se esforce pra criar uma realidade paralela que blinda sionistas, as provas estão diante de nossos olhos: do Irã ao Líbano e à Palestina, o que israel deseja é EXTERMINAR para impor seu projeto expansionista, colonial e supremacista.",1248,39,,,True,False,720,1280,2026-05-18 21:31:01
3844634098131854736,DVa4leugOWQ,https://www.instagram.com/p/DVa4leugOWQ/,2026-03-03 11:10:32,video,clips,brigadasverdadepaz,Brigadas da Verdade e da Paz,False,"Nesta primavera, a Flotilha Global SUMUD retorna.   Estamos navegando maiores do que nunca, levando mais do que apenas ajuda. Levamos equipes médicas para cuidados críticos. Construtores e educadores para restaurar a esperança. Investigadores para documentar a verdade.  Quando os governos falharam, pessoas comuns estão entrando em cena. Mas navegamos apenas com o seu combustível. Sem patrocinadores corporativos, apenas poder coletivo. Sua doação transforma solidariedade em ação. Financia nossos barcos, nossos suprimentos e nossa segurança.  Cada doação é uma onda de solidariedade contra o bloqueio.  Link na bio para doar. Apoie a Flotilha.  #Sumud #GlobalSumudFlotilla #BreakTheSiege #Gaza #directaction",359,18,,,True,False,480,854,2026-05-18 21:31:01
3844086424379722299,DVY8DxzDgo7,https://www.instagram.com/p/DVY8DxzDgo7/,2026-03-02 17:00:33,carousel,carousel_container,brasil_globalsumud,Global Sumud Brasil,False,"A Global Sumud Flotilla condena com veemência os ataques militares coordenados lançados pelos regimes dos Estados Unidos e israel contra o Irã. Convocamos urgentemente as pessoas de todo o mundo a se mobilizarem para parar a escalada e exigir responsabilização significativa pelas violações cometidas. Gaza e o Irã não são crises separadas. São expressões conectadas de uma doutrina de domínio EUA-israel de longa data que remodela regiões através da força, visando e isolando qualquer estado ou movimento que desafie sua agenda expansionista.  De Gaza a Teerã, de Havana a Caracas, de cada canto do mundo onde as pessoas se recusam a aceitar esta ordem imposta, nós estamos juntos.  É por isso que nos organizamos. É por isso que nós navegamos.  #PalestinaLivre #GlobalSumudFlotilla #RompaOCerco #RomperOCerco",1318,13,,,,False,1080,1350,2026-05-18 21:31:01
3842808926102711458,DVUZlu0DWyi,https://www.instagram.com/p/DVUZlu0DWyi/,2026-02-28 22:44:43,video,clips,juventude_sanaud,Sanaúd - Juventude Palestina,False,"Enquanto famílias iranianas reúnem os restos ensanguentados de suas crianças, o povo fascista e genocida de Israel regozija as vidas ceifadas",2942,605,,,True,False,720,1280,2026-05-18 21:31:01
3842482442024586842,DVTPWw0jQ5a,https://www.instagram.com/p/DVTPWw0jQ5a/,2026-02-28 11:53:43,carousel,carousel_container,juventude_sanaud,Sanaúd - Juventude Palestina,False,"Israel e EUA buscam mas uma guerra, em escala regional. Um dos alvos da ocupação e do decadente império estadunidense foi uma escola primária na província Hormozgan, no sul do Irã. Ao menos 24 meninas foram reportadas mortas pelo ataque. T3rrorismo e nada mais.",1703,29,,,,False,1440,1801,2026-05-18 21:31:01
3839730222695032165,DVJdks1EaVl,https://www.instagram.com/p/DVJdks1EaVl/,2026-02-24 16:45:33,photo,feed,mansur.peixoto,História Islâmica,False,"ISRAEL USOU MAIS DE 900 BALAS CONTRA TRABALHADORES DA SAÚDE EM MASSACRE EM GAZA  Uma investigação independente revelou um dos episódios mais brutais e perturbadores da guerra em Gaza: soldados israelenses dispararam ao menos 910 tiros contra 15 trabalhadores humanitários palestinos — entre eles paramédicos da Sociedade do Crescente Vermelho Palestino (PRCS), socorristas da Defesa Civil Palestina e um funcionário da agência da ONU para refugiados palestinos (UNRWA) — na madrugada de 23 de março de 2025, no sul da Faixa de Gaza.  O relatório conjunto produzido pelos grupos de pesquisa Earshot e Forensic Architecture reconstrói, minuto a minuto, o massacre ocorrido em Tel al-Sultan, próximo a Rafah. A apuração, baseada em análise de áudio, vídeo, imagens de satélite, fontes abertas e depoimentos de sobreviventes, aponta para execuções à queima-roupa — com ao menos oito disparos feitos a distâncias de um a quatro metros.  As vítimas eram profissionais de resgate e assistência médica. Oito integravam a PRCS, seis pertenciam à Defesa Civil Palestina e um era funcionário da UNRWA. Todos atuavam em ambulâncias e veículos claramente identificados, com luzes de emergência acionadas, quando foram alvo dos disparos.  Segundo a investigação, os militares israelenses estavam posicionados em um banco de areia elevado, com linha de visão desobstruída para a estrada. Ainda assim, abriram fogo contínuo contra o comboio de socorro. Em apenas cinco minutos e meio, foram disparados pelo menos 844 tiros — 93% deles diretamente contra os veículos de emergência e seus ocupantes.  Não há evidências de que os soldados tenham sido alvo de qualquer disparo. A análise sonora identificou ao menos cinco atiradores atuando simultaneamente, enquanto testemunhos indicam que entre 12 e 30 militares estavam presentes na área.  Após os primeiros minutos de ataque, os soldados avançaram caminhando em direção às ambulâncias, continuando a atirar. Ao alcançarem os trabalhadores, passaram a circular entre os veículos e, segundo a reconstrução digital, executaram alguns deles a curtíssima distância.  Continua nos comentários.  #israel #palestina #gaza #noticias #historiaislamica",1018,39,,,,False,1080,1080,2026-05-18 21:31:01
3836863259538786288,DU_Rs5Ujofw,https://www.instagram.com/p/DU_Rs5Ujofw/,2026-02-20 17:49:43,photo,feed,juventude_sanaud,Sanaúd - Juventude Palestina,False,"Nos dias que antecederam o início do Ramadã de 2026, as autoridades israelenses intensificaram uma série de medidas restritivas ao acesso de palestinos à Mesquita de Al-Aqsa, no complexo de Haram al-Sharif em Jerusalém — um dos locais sagrados do Islam.   Essas medidas representam uma restrição severa à liberdade de culto e ao direito de acesso ao local sagrado durante um período religioso fundamental para milhões de muçulmanos.  Entre as principais restrições destacadas:  • Ordens de expulsão e proibições de entrada foram emitidas contra centenas de palestinos de Jerusalém Oriental e comunidades dentro de Israel, com validade de até seis meses, reduzindo a presença de fiéis no local.  • Há interferência na administração religiosa do complexo: funcionários do Departamento Islâmico de Waqf, responsável pela gestão do local, foram expulsos ou impedidos de exercer funções logísticas importantes para a organização das atividades de Ramadan, como controle de multidões e serviços de emergência.  • As autoridades impõem critérios discriminatórios de idade e gênero para permitir a entrada em Jerusalém e no Complexo, frequentemente restringindo o acesso a homens abaixo de certa idade e a mulheres sem permissão, sob o argumento de “segurança”.  • Além disso, líderes religiosos palestinos foram temporariamente impedidos de entrar na mesquita, e há relatos de que ministros de governo e grupos de colonos pressionam por práticas que alterem o status quo religioso e administrativo do local.",3117,69,,,,False,1350,1688,2026-05-18 21:31:01
3836211976343623357,DU89nelD5a9,https://www.instagram.com/p/DU89nelD5a9/,2026-02-19 20:15:28,photo,feed,mansur.peixoto,História Islâmica,False,"Planos articulados pela Casa Branca para Gaza revelam uma proposta alarmante: transformar milícias locais ligadas ao tráfico de drogas e ao crime organizado na futura força policial do território palestino. A informação foi revelada pelo jornal britânico The Telegraph e expõe a tentativa do governo de Donald Trump de legitimar grupos armados profundamente rejeitados pela população civil de Gaza.  Segundo autoridades ocidentais ouvidas pelo jornal, o plano prevê recrutar membros de clãs armados — muitos com histórico de extorsão, sequestros, assassinatos e saques de ajuda humanitária (aqueles mesmos atribuídos ao H4M4S pela mídia ocidental) — para compor uma polícia local sob supervisão internacional. Parte desses grupos teria, inclusive, vínculos documentados com o Estado Islâmico. Nada disso configura um impeditivo para Israel, que demonstrou apoio à iniciativa e que, inclusive, já armou e financiou algumas dessas milícias – como as Forças Populares de Yasser Abu Shabab, cuja liderança foi executada pelo H4M4S em dezembro de 2025 – durante a incursão em Gaza.  A proposta enfrenta forte resistência dentro do próprio aparato militar norte-americano, que questiona a viabilidade de estabelecer segurança duradoura apoiando-se em organizações criminosas. França, Reino Unido e outros países envolvidos nas negociações também manifestaram preocupação com o projeto, considerado por fontes diplomáticas como politicamente motivado e operacionalmente temerário.  No centro da articulação está Jared Kushner, genro de Trump, que defende a criação de “zonas seguras” em áreas controladas por Israel para enfraquecer o Hamas. Uma dessas áreas estaria sob domínio das já citadas Forças Populares, acusada de tráfico e pilhagem de ajuda humanitária.  Para analistas e autoridades locais, a tentativa de anistiar criminosos e convertê-los em agentes da lei não apenas mina qualquer noção de reconstrução institucional, como institucionaliza o caos. Em vez de proteger civis, o plano ameaça oficializar a criminalidade armada como braço do poder, aprofundando a instabilidade em Faixa de Gaza.  #historiaislamica #noticias #gaza #israel #palestina",1697,120,,,,False,1440,1440,2026-05-18 21:31:01
3832714845930480048,DUwidiFDWGw,https://www.instagram.com/p/DUwidiFDWGw/,2026-02-15 00:28:21,video,clips,juventude_sanaud,Sanaúd - Juventude Palestina,False,"O falso “cessar-fogo” na realidade: mais uma entre centenas de violações de Israel. Novo massacre em Gaza, mártires e feridos reportados nos últimos minutos e o de sempre: silêncio e cumplicidade internacional.",2296,119,,,True,False,480,854,2026-05-18 21:31:01
3831767227071039411,DUtK_3PjYez,https://www.instagram.com/p/DUtK_3PjYez/,2026-02-13 17:04:40,photo,feed,juventude_sanaud,Sanaúd - Juventude Palestina,False,,235,2,,,,False,1350,1688,2026-05-18 21:31:04
3830310706697046872,DUn_0s8DYtY,https://www.instagram.com/p/DUn_0s8DYtY/,2026-02-11 16:50:39,carousel,carousel_container,juventude_sanaud,Sanaúd - Juventude Palestina,False,"À medida que novas investigações avançam, deflagra-se ainda maior a dimensão do horror sionista em Gaza.",6639,197,,,,False,1080,1350,2026-05-18 21:31:04
3830299785325291553,DUn9Vxnkagh,https://www.instagram.com/p/DUn9Vxnkagh/,2026-02-11 16:28:57,photo,feed,mansur.peixoto,História Islâmica,False,"Uma investigação da Al Jazeera documenta um fenômeno devastador no conflito de Gaza: 2.842 palestinos simplesmente ""evaporaram"" desde outubro de 2023, não deixando restos identificáveis após ataques israelenses. O levantamento, intitulado ""The Rest of the Story"", não se baseia em estimativas, mas em contabilidade forense meticulosa conduzida pelas equipes da Defesa Civil de Gaza. ""Se uma família nos diz que havia cinco pessoas dentro, e recuperamos apenas três corpos intactos, classificamos as duas restantes como 'evaporadas' somente após uma busca exaustiva que não revela nada além de traços biológicos — respingos de sangue nas paredes ou pequenos fragmentos como couro cabeludo"", explicou o porta-voz Mahmoud Basal à Al Jazeera.  Os relatos de famílias são dilacerantes. Yasmin Mahani caminhou ao amanhecer de 10 de agosto de 2024 pelas ruínas fumegantes da escola al-Tabin na Cidade de Gaza, procurando seu filho Saad. ""Entrei na mesquita e me vi pisando em carne e sangue"", contou ela. Durante dias, procurou em hospitais e necrotérios. ""Não encontramos nada de Saad. Nem mesmo um corpo para enterrar. Essa foi a parte mais difícil."" Rafiq Badran, que perdeu quatro filhos no campo de refugiados de Bureij, só conseguiu recuperar pequenos fragmentos. ""Quatro dos meus filhos simplesmente evaporaram. Procurei por eles um milhão de vezes. Não sobrou um pedaço. Para onde eles foram?"", questionou, segurando as lágrimas.  Continua nos comentários.  #israel #gaza #palestina #noticias #historiaislamica",6087,386,,,,False,1080,1080,2026-05-18 21:31:04
3828957041301492498,DUjMCRzAZMS,https://www.instagram.com/p/DUjMCRzAZMS/,2026-02-09 20:01:29,video,clips,juventude_sanaud,Sanaúd - Juventude Palestina,False,"3 palestinos assassinados após um prédio residencial ser alvo de novo ataque t3rrorista de Israel. Esse é o “cessar-fogo” celebrado pelo mundo, que volta ao normal enquanto Gaza segue sob genocídio.",1028,79,,,True,False,720,1280,2026-05-18 21:31:04
3826179523809769547,DUZUgFDjfhL,https://www.instagram.com/p/DUZUgFDjfhL/,2026-02-06 00:04:19,video,clips,juventude_sanaud,Sanaúd - Juventude Palestina,False,"🚨🚨🚨 Vídeo mostra momento em que os aviões da ocupação israelense bombardearam uma casa no centro de Khan Yunis, no sul de Gaza. Mais uma noite de terror enquanto o mundo esquece a Palestina por conta de um falso cessar-fogo.",1080,77,,,True,False,720,1280,2026-05-18 21:31:04
3825967073134981907,DUYkMg8jTMT,https://www.instagram.com/p/DUYkMg8jTMT/,2026-02-05 17:04:18,video,clips,juventude_sanaud,Sanaúd - Juventude Palestina,False,"Como permitimos que essa seja a realidade para os palestinos em Gaza?  Não há cessar-fogo, não houve fim do genocídio e a ocupação continua com toda força em toda a Palestina. Não há justiça enquanto esse estado genocida e todos os poderes que o sustentam seguem impunes.",1227,61,,,True,False,720,1280,2026-05-18 21:31:04
3825081018403895749,DUVauuLDbnF,https://www.instagram.com/p/DUVauuLDbnF/,2026-02-04 11:41:25,video,clips,juventude_sanaud,Sanaúd - Juventude Palestina,False,"Na última noite, Israel cometeu mais um massacre em grande escala contra Gaza, dezenas de crianças e um bebê de 4 meses estão entre mortos e feridos",707,42,,,True,False,504,900,2026-05-18 21:31:04
3824797508023701192,DUUaRGjjU7I,https://www.instagram.com/p/DUUaRGjjU7I/,2026-02-04 02:18:24,video,clips,juventude_sanaud,Sanaúd - Juventude Palestina,False,O Estado sionista não cessou seu genocídio por um único dia,567,25,,,True,False,504,900,2026-05-18 21:31:04
3823785393729121590,DUQ0I5qjS02,https://www.instagram.com/p/DUQ0I5qjS02/,2026-02-02 16:47:53,video,clips,juventude_sanaud,Sanaúd - Juventude Palestina,False,"Todos os dias, o Estado sionista oferece ao mundo novas amostras de sua barbárie   Se nem aos mortos Israel presta reverência, quem dirá aos vivos",1655,93,,,True,False,480,854,2026-05-18 21:31:04
3822295951516478294,DULheqgjatW,https://www.instagram.com/p/DULheqgjatW/,2026-01-31 15:26:52,photo,feed,juventude_sanaud,Sanaúd - Juventude Palestina,False,"Nas últimas horas, em ataques massivos contra Gaza, Israel assassinou pelo menos 31 palestinos, seis deles crianças, em bombardeios diretos contra prédios e tendas de deslocados.",3621,281,,,,False,1350,1688,2026-05-18 21:31:04
3821175717476772259,DUHixHQjSmj,https://www.instagram.com/p/DUHixHQjSmj/,2026-01-30 02:21:04,carousel,carousel_container,juventude_sanaud,Sanaúd - Juventude Palestina,False,"Em contextos de extermínio prolongado, a estatística nunca acompanha a realidade: o que se mede é apenas o que ainda é possível contar. Por isso, falar em 70 mil não é descrever a dimensão da catástrofe, mas evidenciar o quanto ela já ultrapassou qualquer número oficialmente reconhecido.",1740,14,,,,False,1080,1350,2026-05-18 21:31:04
3819574602935210656,DUB2t1JDpKg,https://www.instagram.com/p/DUB2t1JDpKg/,2026-01-27 21:20:35,video,clips,juventude_sanaud,Sanaúd - Juventude Palestina,False,"A Cisjordânia ocupada está sendo dizimada por ataques de colonos israelenses, protegidos e amparados pelo exército de Israel.",3275,315,,,True,False,480,854,2026-05-18 21:31:04
3818840161573214916,DT_PuTUkRrE,https://www.instagram.com/p/DT_PuTUkRrE/,2026-01-26 21:01:12,video,clips,mansur.peixoto,História Islâmica,False,"O ""Cinema Sderot"" é um fenômeno perturbador que ocorre em uma colina da cidade israelense de Sderot, na fronteira com a Faixa de Gaza. Neste ponto elevado, israelenses se reuniam diariamente – durante a incursão genocida na região – para assistir, em tempo real, aos bombardeios que devastam Gaza a apenas um quilômetro de distância.  O termo surgiu em 2014 quando o jornalista dinamarquês Allan Sørensen publicou no Twitter uma imagem de dezenas de pessoas sentadas com cadeiras de praia, pipoca e bebidas vendo a iluminação do céu causada pelos ataques aéreos sobre Gaza, descrevendo-os ironicamente como no “cinema”.  O local foi transformado em mirante turístico, equipado com binóculos pagos (cinco shekels, pouco mais de 8 reais), máquinas de bebidas e, mais recentemente, com um memorial permanente dedicado ao 7 de outubro. Frequentadores compartilharam o momento nas redes sociais descrevendo-o como ""o melhor show da cidade"".  O fenômeno choca por transformar morte e destruição em entretenimento casual. Enquanto mais de 58 mil pessoas, majoritariamente civis, foram mortas após quase dois anos de operações militares, visitantes sobem a colina para fazer piqueniques, conversas sobre investimentos e tirar fotos do pôr do sol sobre destruição de Gaza.  A naturalização da violência atinge níveis extremos. Um entrevistado declarou ao Le Monde que fica ""feliz"" ao ver mísseis caindo e que ""milhões"" de palestinos poderiam morrer para liberar os reféns israelenses. Esta banalização, combinada com a infraestrutura comercial do local, revela dessensibilização moral alarmante.  O ""Cinema Sderot"" expõe a assimetria do conflito e a distância psicológica que alguns israelenses mantêm do sofrimento palestino. Enquanto assistem aos bombardeios com refrigerantes à mão, famílias do outro lado enfrentam destruição total.  #historiaislamica #gaza #historia #israel #palestina",44322,1564,,,True,False,720,1280,2026-05-18 21:31:10
3805705331368854049,DTQlNXcDQIh,https://www.instagram.com/p/DTQlNXcDQIh/,2026-01-08 18:06:16,video,clips,juventude_sanaud,Sanaúd - Juventude Palestina,False,"🚨🚨🚨🚨 Em menos de 24 horas, as forças de ocupação israelenses cometeram vários crimes contra civis desarmados tanto no sul quanto no norte de Gaza, atacando casas e tendas que abrigavam famílias deslocadas e matando sete pessoas, incluindo cinco crianças, a mais nova com apenas cinco anos de idade, em uma clara violação do dito “cessar-fogo”.  Esse é o resultado da impunidade internacional.",1847,86,,,True,False,720,1280,2026-05-18 21:31:10
3803715013190735158,DTJgqbMDdU2,https://www.instagram.com/p/DTJgqbMDdU2/,2026-01-06 00:10:17,video,clips,juventude_sanaud,Sanaúd - Juventude Palestina,False,Não podemos normalizar esse estado genocida.,998,31,,,True,False,360,640,2026-05-18 21:31:10
3802823623808294200,DTGV_AIjp04,https://www.instagram.com/p/DTGV_AIjp04/,2026-01-04 18:38:44,carousel,carousel_container,juventude_sanaud,Sanaúd - Juventude Palestina,False,Israel quer forçar refugiados palestinos a demolir seu próprio campo de futebol. Saiba como ajudar o @aida_youth_center no final da postagem.,843,41,,,,False,1440,1801,2026-05-18 21:31:10
3801977558561280082,DTDVnIeDVBS,https://www.instagram.com/p/DTDVnIeDVBS/,2026-01-03 14:37:45,photo,feed,juventude_sanaud,Sanaúd - Juventude Palestina,False,"A infame invasão à Venezuela e o sequestro de Maduro não são exceção — são regra, método.   A mesma lógica que devastou o Iraque, genocida a Palestina, sangra o Sudão e destrói o Congo.  Onde a terra guarda petróleo, posição estratégica, ouro, gás, cobalto, o império invade, armado, e chama de ‘ordem’.  Sob o discurso da liberdade, os Estados Unidos da América multiplicam cemitérios.  Nenhum país elegeu os EUA como xerifes do mundo. E nenhum povo deve pagar com a própria vida por essa farsa.  O Direito Internacional, sob o império, não passa de figurante, vitrine moral para guerras já decididas: entra em cena para justificar o estrago e sai antes que alguém peça justiça.  A lei não protege os povos — apenas legitima, depois, a violência já consumada.  Exigimos do Brasil uma posição firme, soberana e sem ambiguidades.  Não em nome de alinhamentos automáticos, mas em defesa da América Latina e de sua autodeterminação.  Toda a nossa solidariedade ao povo da Venezuela.   Esta luta pertence a cada um de nós.",4751,93,,,,False,1440,1801,2026-05-18 21:31:10
3801278319791260508,DTA2n3njUNc,https://www.instagram.com/p/DTA2n3njUNc/,2026-01-02 15:30:26,video,clips,juventude_sanaud,Sanaúd - Juventude Palestina,False,"A notícia mais importante não deveria ser o fato de uma atriz de Hollywood visitar a fronteira de Gaza, mas sim o que acontece depois da cerca.",5921,170,,,True,False,720,1280,2026-05-18 21:31:10
3800681716260092512,DS-u-JSATpg,https://www.instagram.com/p/DS-u-JSATpg/,2026-01-01 19:46:48,video,clips,juventude_sanaud,Sanaúd - Juventude Palestina,False,"🚨 2026 em Gaza: genocídio contínuo e silêncio internacional.   Enquanto o dito “cessar-fogo” serve apenas para desmobilizar, palestinos seguem sendo mortos devido às péssimas condições impostas pelo cerco israelense.   Enquanto isso, quatro palestinos foram feridos por tiros da ocupação israelense, incluindo um ferido gravemente, como resultado de tiroteio indiscriminado contra pessoas deslocadas no norte e sul de Khan Younis. Esse é o “cessar-fogo” de Israel.",1344,47,,,True,False,540,960,2026-05-18 21:31:10
3799915469617358713,DS8AvyfDed5,https://www.instagram.com/p/DS8AvyfDed5/,2025-12-31 18:20:45,carousel,carousel_container,juventude_sanaud,Sanaúd - Juventude Palestina,False,"2025 foi o ano mais mortal para os palestinos - foi o segundo ano de um genocídio televisionado, e mais um entre as mais de 7 décadas de colonização.   Foi também ano de um levante mundial pela Palestina, com flotilhas que buscavam quebrar o cerco e ativistas que estão nesse momento em greve de fome na Inglaterra.   Em cada canto do mundo a bandeira palestina foi levantada e não podemos deixar que esse falso cessar-fogo nos impeça de continuar lutando ainda mais em 2026.   Por cada mártir palestino, por cada criança que teve sua vida ceifada, por cada família apagada do mapa. Que 2026 renove nosso compromisso inegociável de lutar por uma Palestina livre, do rio ao mar.",3340,36,,,,False,1440,1801,2026-05-18 21:31:10
3799048590480758494,DS47pCYDdbe,https://www.instagram.com/p/DS47pCYDdbe/,2025-12-30 13:41:22,video,clips,juventude_sanaud,Sanaúd - Juventude Palestina,False,"Que em 2026 sigamos com o compromisso de denunciar e lutar contra esse projeto supremacista chamado sionismo. Que 2026 nos aproxime do fim dessa entidade colonial que se baseia em limpeza étnica, genocídio e apartheid.",3463,212,,,True,False,720,1280,2026-05-18 21:31:10
3798401979933092991,DS2onnYDWx_,https://www.instagram.com/p/DS2onnYDWx_/,2025-12-29 16:21:52,video,clips,juventude_sanaud,Sanaúd - Juventude Palestina,False,"A resistência palestina anunciou hoje, 29 de dezembro, a morte de diversas lideranças durante o genocídio sionista em Gaza.   Entre eles, Abu Obaida, porta-voz cujos pronunciamentos reuniam milhões ao redor do mundo. Suas declarações ecoavam amplamente: constrangiam colaboradores árabes, desafiavam o discurso sionista e alimentavam a esperança e a determinação nos corações daqueles que defendem a causa palestina.  A vida de Abu Obaida tem o mesmo valor que a de cada um dos milhares de mártires palestinos: um valor imensurável. Em sua figura se condensam o desejo de retorno e o compromisso de conquistar esse direito, mesmo diante do sacrifício absoluto.",2624,126,,,True,False,720,1280,2026-05-18 21:31:10
3794654107844586366,DSpUc5fjat-,https://www.instagram.com/p/DSpUc5fjat-/,2025-12-24 12:08:35,video,clips,juventude_sanaud,Sanaúd - Juventude Palestina,False,"Este é o retrato anual das celebrações de Natal na terra em que nasceu Jesus: violência, medo e subjugação.",7278,495,,,True,False,480,854,2026-05-18 21:31:10
3792780093949877488,DSiqWaDDhzw,https://www.instagram.com/p/DSiqWaDDhzw/,2025-12-21 22:04:02,photo,feed,juventude_sanaud,Sanaúd - Juventude Palestina,False,"Enquanto a mídia comercial assessora e acoberta o genocídio palestino em Gaza, Israel segue assassinando civis impunimente.  Os ataques estão sendo intensificados em todo o enclave, enquanto Israel se recusa a colaborar para o andamento da segunda fase do “acordo de cessar-fogo”.   Em um ataque a civis que celebravam um casamento em uma escola em Gaza, Israel assassinou:   ▪︎ Atef Ahmed Al-Niddir (pai) ▪︎ Fátima Al-Najjar (mãe) ▪︎ Ahmed Atef Al-Niddir (filho, 4 meses de idade) ▪︎ Fawzi Abdullah Al-Niddir (pai) ▪︎ Arwa Omar Al-Niddir (mãe) ▪︎ Samira Fawzi Al-Niddir (filha) ▪︎ Sama Fawzi Al-Niddir (filha)  Na imagem acima há um bebê palestino de 4 meses, vítima da máquina genocida de Israel. Ele está no chão ao lado de seu pai.",4218,118,,,,False,1350,1688,2026-05-18 21:31:10
3791296492531164434,DSdZBKjgSUS,https://www.instagram.com/p/DSdZBKjgSUS/,2025-12-19 20:57:00,video,clips,juventude_sanaud,Sanaúd - Juventude Palestina,False,"Onde estão os mediadores? Onde está o acordo? Onde está o mundo? Onde estão os árabes? Esses traidores não têm honra nem compromisso, e o mundo continua assistindo de longe. Todos os dias palestinos são assassinados, e não há cobertura da mídia. O acordo é uma mentira, e todos os mediadores se aliaram a Israel contra os palestinos.",1611,151,,,True,False,720,1280,2026-05-18 21:31:14
3788272850227279286,DSSphYODbW2,https://www.instagram.com/p/DSSphYODbW2/,2025-12-15 16:48:56,photo,feed,juventude_sanaud,Sanaúd - Juventude Palestina,False,"Soldados israelenses nos últimos dias foram fotografados acendendo velas de Hanukkah em territórios ocupados em Gaza, Síria e Cisjordânia.   A partir do judaísmo e de símbolos judaicos, Israel e seus mercenários reforçam diariamente uma tentativa de subjugação dos povos e territórios que destroem e ocupam.   A celebração de Hanukkah se dá sobre as ruínas das mais de 70 mil vidas que Israel destruiu e cujo sangue esparramou sobre essa terra na qual agora levantam suas menorahs.   Esse é um retrato do movimento sionista: ruína e destruição.",1443,117,,,,False,1350,1688,2026-05-18 21:31:14
3786945345763287546,DSN7rpWCiH6,https://www.instagram.com/p/DSN7rpWCiH6/,2025-12-13 20:52:34,video,clips,mansur.peixoto,História Islâmica,False,"“Meu pai está vivo ou morto?”, pergunta o menino Wissam Badran sob os escombros de sua casa em Gaza.  #historiaislamica #noticias #noticia #gaza #palestina #palestine #israel",637,26,,,True,False,720,1280,2026-05-18 21:31:14
3786790334043644508,DSNYb7bjeJc,https://www.instagram.com/p/DSNYb7bjeJc/,2025-12-13 15:43:27,carousel,carousel_container,juventude_sanaud,Sanaúd - Juventude Palestina,False,Não desvie o olhar.,1683,109,,,,False,1080,1350,2026-05-18 21:31:14
3785429931229337569,DSIjHdlDlfh,https://www.instagram.com/p/DSIjHdlDlfh/,2025-12-11 18:40:34,carousel,carousel_container,juventude_sanaud,Sanaúd - Juventude Palestina,False,"As imagens que chegam de Gaza são intoleráveis. Uma bebê palestina de oito meses morreu de frio em uma tenda inundada em Khan Younis.    O bloqueio à Gaza continua, os bombardeios à Gaza continuam, o roubo de terras em Gaza continua.   Até quando a única reação do mundo será a omissão?",1572,56,,,,False,1080,1350,2026-05-18 21:31:14
3784088176743525143,DSDyCXVjasX,https://www.instagram.com/p/DSDyCXVjasX/,2025-12-09 22:14:44,photo,feed,juventude_sanaud,Sanaúd - Juventude Palestina,False,"O relatório de 2025 do Repórteres Sem Fronteiras revela que 67 jornalistas foram mortos no mundo entre dezembro de 2024 e dezembro de 2025.   Desses, 29 eram jornalistas palestinos na Faixa de Gaza. Isso significa que cerca de 43% de todas as mortes de jornalistas no ano — quase a metade — foram causadas por Israel, tornando-o, segundo o relatório, o “pior inimigo de jornalistas” em 2025.  A ofensiva mais letal contra profissionais da imprensa foi um ataque “double-tap” (duplo ataque) a um hospital no sul de Gaza em 25 de agosto: cinco jornalistas morreram nesse atentando israelense, incluindo profissionais de agências internacionais como Reuters e Associated Press.  Desde o início do genocídio em Gaza, em outubro de 2023, o RSF estima que mais de 220 jornalistas foram mortos, o que consolida Israel como o maior responsável por mortes de jornalistas no mundo há três anos consecutivos.",1148,71,,,,False,1350,1688,2026-05-18 21:31:14
3781091842772106187,DR5Iv93jvvL,https://www.instagram.com/p/DR5Iv93jvvL/,2025-12-05 19:01:34,photo,feed,juventude_sanaud,Sanaúd - Juventude Palestina,False,"Os gritos de horror palestinos são implacáveis com os açougueiros de Gaza.  O número de soldados israelenses que comete suicíd1o após retornar do enclave segue a crescer.   Esta semana, o oficial lituano-israelense Thomas Adzegaouskas, que participou do genocídio em Gaza, se m4tou e postou esta mensagem em seu Facebook:  “Eu não aguento mais, estou em ruínas e devastação... Fiz coisas imperdoáveis ​​e não consigo mais conviver com elas”.   Que cada soldado seja eternamente atormentado pelos gritos de horror palestinos.",7414,314,,,,False,1350,1688,2026-05-18 21:31:14
3779708367368266351,DR0OLv_jqJv,https://www.instagram.com/p/DR0OLv_jqJv/,2025-12-03 21:13:59,video,clips,juventude_sanaud,Sanaúd - Juventude Palestina,False,O Estado genocida e assassino de Israel depende do massacre contínuo de palestinos para sobreviver.   NÃO HÁ CESSAR-FOGO! O genocídio sionista continua.,1562,101,,,True,False,720,1280,2026-05-18 21:31:14
3779567140949917506,DRzuEopDv9C,https://www.instagram.com/p/DRzuEopDv9C/,2025-12-03 16:32:15,carousel,carousel_container,brasil_globalsumud,Global Sumud Brasil,False,"A violência militar e dos colonos israelenses na Cisjordânia está escalando rapidamente — realizando invasões violentas em instituições agrícolas palestinas, destruindo bancos de sementes nativas, confiscando terras, agredindo palestinos e voluntários internacionais, e arrancando centenas de oliveiras e videiras.  Esses ataques fazem parte da crescente campanha colonial de Israel para paralisar a agricultura palestina, separar comunidades de suas terras e esmagar as organizações que trabalham para proteger a soberania alimentar palestina.  Use sua voz hoje — marque o Ministério das Relações Exteriores e a embaixada de israel no seu país. Exija a segurança e a libertação imediata de todos os trabalhadores agrícolas palestinos detidos e dos membros da La Via Campesina e exija o fim dos ataques violentos às comunidades agrícolas palestinas.  Organização das Nações Unidas para a Alimentação e a Agricultura: @fao  Ministérios das Relações Exteriores: @itamaratygovbr @govbr @lulaoficial @FranceDiplo @statedept @secrubio @italymfa @belgiummfa @udenrigsministeriet @greecemfa @exteriores.maec @jmalbares @dfat @auswaertigesamt @global.affairs.canada @foreignanddevelopmentoffice  Embaixadas de Israel: @israel.en.france @israelinusa @israelinbelgium @israelinitaly israelingreece @israelinspain israelinireland @israelinoz @israelindenmark @israelingermany @israelinaustria @israelincanada @israelinuk",8297,638,,,,False,1080,1350,2026-05-18 21:31:14
3779057725850974331,DRx6Pq3Cvh7,https://www.instagram.com/p/DRx6Pq3Cvh7/,2025-12-02 23:42:13,video,clips,mansur.peixoto,História Islâmica,False,"O assassinato de Mohamed al-Majdalawi e sua filha, a pequena Layan, documentado pela BBC, expõe a precisão cirúrgica com que civis desarmados são abatidos por Israel em Gaza. Veja como este caso revela a lógica brutal por trás dos tiros que ceifam crianças palestinas.  Referências:  HEGARTY, Stephanie; ABUTALEB, Abdelrahman. Tiros na cabeça e no peito: o assassinato de crianças em Gaza. BBC, 1 ago. 2025.  BBC. Two girls shot in Gaza - BBC pieces together what happened and looks at dozens more child shootings. 1 ago. 2025.  BBC NEWS AFRICA. Shot in the head and chest: Investigating the killings of children in Gaza - BBC Africa. Youtube, 2 ago. 2025.  #historiaislamica #israel #palestina #gaza #historia #noticia #noticias",7904,463,,,True,False,720,1280,2026-05-18 21:31:14
3778760887759627442,DRw2wG2DWSy,https://www.instagram.com/p/DRw2wG2DWSy/,2025-12-02 13:50:22,photo,feed,juventude_sanaud,Sanaúd - Juventude Palestina,False,"A ocupação israelense matou o fotojornalista Mahmoud Wadi em um ataque de drones a Khan Younis, sul de Gaza.  A ocupação israelense continua a ter como alvo jornalistas.",1101,140,,,,False,1350,1688,2026-05-18 21:31:14
3776888504341871281,DRqNBV5jbqx,https://www.instagram.com/p/DRqNBV5jbqx/,2025-11-29 23:50:17,photo,feed,juventude_sanaud,Sanaúd - Juventude Palestina,False,"Dois irmãos palestinos, Fadi Abu Assi, de 11 anos, e Goma Abu Assi, de 8, foram mortos por um ataque de drone israelense no sul de Gaza.   Eles recolhiam lenha para o pai, que vive em uma cadeira de rodas.   O exército genocida de Israel afirmou que atirou após identificar “suspeitos” que representavam uma “ameaça” imediata às tropas.  Para um Estado que depende do assassinato contínuo de civis para se sustentar, até mesmo crianças estão sujeitas à sua maquinaria de extermínio.   Israel até hoje não cessou o assassinato de crianças — em Gaza, na Cisjordânia, em Jerusalém, no Líbano, na Síria.",3159,966,,,,False,1350,1688,2026-05-18 21:31:14
